USE KarnatakaPoliceFIRDB;
SET FOREIGN_KEY_CHECKS = 0;

-- 1. Master Tables
INSERT IGNORE INTO State VALUES (29, 'Karnataka', 1, 1);
INSERT IGNORE INTO District VALUES (443, 'Bengaluru City', 29, 1);
INSERT IGNORE INTO Court VALUES (453, 'District Court Bengaluru City', 443, 29, 1);
INSERT IGNORE INTO District VALUES (444, 'Mysuru', 29, 1);
INSERT IGNORE INTO Court VALUES (454, 'District Court Mysuru', 444, 29, 1);
INSERT IGNORE INTO District VALUES (445, 'Hubballi', 29, 1);
INSERT IGNORE INTO Court VALUES (455, 'District Court Hubballi', 445, 29, 1);
INSERT IGNORE INTO UnitType VALUES (1, 'Police Station', 'District', 5, 1);
INSERT IGNORE INTO Unit VALUES (1001, 'Aurangabad PS', 1, NULL, 1, 29, 445, 1);
INSERT IGNORE INTO Unit VALUES (1002, 'Raebareli PS', 1, NULL, 1, 29, 445, 1);
INSERT IGNORE INTO Unit VALUES (1003, 'Ranchi PS', 1, NULL, 1, 29, 445, 1);
INSERT IGNORE INTO Unit VALUES (1004, 'Amroha PS', 1, NULL, 1, 29, 443, 1);
INSERT IGNORE INTO Unit VALUES (1005, 'Farrukhabad PS', 1, NULL, 1, 29, 443, 1);
INSERT IGNORE INTO Unit VALUES (1006, 'Bihar Sharif PS', 1, NULL, 1, 29, 444, 1);
INSERT IGNORE INTO Unit VALUES (1007, 'Tirupati PS', 1, NULL, 1, 29, 443, 1);
INSERT IGNORE INTO Unit VALUES (1008, 'Hyderabad PS', 1, NULL, 1, 29, 444, 1);
INSERT IGNORE INTO Unit VALUES (1009, 'Jehanabad PS', 1, NULL, 1, 29, 444, 1);
INSERT IGNORE INTO Unit VALUES (1010, 'Hospet PS', 1, NULL, 1, 29, 445, 1);
INSERT IGNORE INTO `Rank` VALUES (3, 'Inspector', 10, 1), (4, 'Sub-Inspector', 12, 1);
INSERT IGNORE INTO Designation VALUES (1, 'SHO', 1, 1), (2, 'IO', 1, 2);
INSERT IGNORE INTO Act VALUES ('IPC', 'Indian Penal Code', 'IPC', 1);
INSERT IGNORE INTO Act VALUES ('IT_ACT', 'Information Technology Act', 'IT Act', 1);
INSERT IGNORE INTO Section VALUES ('302', 'IPC', 'Murder', 1), ('379', 'IPC', 'Theft', 1), ('66D', 'IT_ACT', 'Cheating', 1);
INSERT IGNORE INTO CrimeHead VALUES (101, 'Crimes Against Body', 1), (102, 'Crimes Against Property', 1);
INSERT IGNORE INTO CrimeSubHead VALUES (201, 101, 'Murder', 1), (202, 102, 'Theft', 2);
INSERT IGNORE INTO CaseCategory VALUES (1, 'FIR'), (3, 'UDR');
INSERT IGNORE INTO GravityOffence VALUES (1, 'Heinous'), (2, 'Non-Heinous');
INSERT IGNORE INTO CaseStatusMaster VALUES (1, 'Under Investigation'), (2, 'Charge Sheeted');
INSERT IGNORE INTO CasteMaster VALUES (1, 'General'), (2, 'OBC'), (3, 'SC/ST');
INSERT IGNORE INTO ReligionMaster VALUES (1, 'Hindu'), (2, 'Muslim'), (3, 'Christian');
INSERT IGNORE INTO OccupationMaster VALUES (1, 'Private Employee'), (2, 'Business'), (3, 'Student');

-- 2. Employees
INSERT IGNORE INTO Employee VALUES (5001, 443, 1005, 4, 2, 'KGID1580', 'Abha', '1985-01-01', 1, 1, 0, '2010-01-01');
INSERT IGNORE INTO Employee VALUES (5002, 443, 1007, 4, 2, 'KGID9016', 'Tanish', '1985-01-01', 1, 1, 0, '2010-01-01');
INSERT IGNORE INTO Employee VALUES (5003, 445, 1010, 4, 2, 'KGID4852', 'Lakshit', '1985-01-01', 1, 1, 0, '2010-01-01');
INSERT IGNORE INTO Employee VALUES (5004, 443, 1005, 4, 2, 'KGID6186', 'Charvi', '1985-01-01', 1, 1, 0, '2010-01-01');
INSERT IGNORE INTO Employee VALUES (5005, 444, 1008, 4, 2, 'KGID6982', 'Lohit', '1985-01-01', 1, 1, 0, '2010-01-01');
INSERT IGNORE INTO Employee VALUES (5006, 445, 1003, 4, 2, 'KGID5756', 'Hemang', '1985-01-01', 1, 1, 0, '2010-01-01');
INSERT IGNORE INTO Employee VALUES (5007, 444, 1009, 4, 2, 'KGID4157', 'Aayush', '1985-01-01', 1, 1, 0, '2010-01-01');
INSERT IGNORE INTO Employee VALUES (5008, 444, 1006, 4, 2, 'KGID7066', 'Rehaan', '1985-01-01', 1, 1, 0, '2010-01-01');
INSERT IGNORE INTO Employee VALUES (5009, 443, 1007, 4, 2, 'KGID3829', 'Ekaraj', '1985-01-01', 1, 1, 0, '2010-01-01');
INSERT IGNORE INTO Employee VALUES (5010, 443, 1004, 4, 2, 'KGID4722', 'Tripti', '1985-01-01', 1, 1, 0, '2010-01-01');
INSERT IGNORE INTO Employee VALUES (5011, 445, 1010, 4, 2, 'KGID5574', 'Deepa', '1985-01-01', 1, 1, 0, '2010-01-01');
INSERT IGNORE INTO Employee VALUES (5012, 444, 1008, 4, 2, 'KGID3177', 'Ojas', '1985-01-01', 1, 1, 0, '2010-01-01');
INSERT IGNORE INTO Employee VALUES (5013, 445, 1010, 4, 2, 'KGID1843', 'Gautami', '1985-01-01', 1, 1, 0, '2010-01-01');
INSERT IGNORE INTO Employee VALUES (5014, 443, 1005, 4, 2, 'KGID7440', 'Ethan', '1985-01-01', 1, 1, 0, '2010-01-01');
INSERT IGNORE INTO Employee VALUES (5015, 444, 1008, 4, 2, 'KGID2930', 'Mahika', '1985-01-01', 1, 1, 0, '2010-01-01');
INSERT IGNORE INTO Employee VALUES (5016, 445, 1003, 4, 2, 'KGID6325', 'Libni', '1985-01-01', 1, 1, 0, '2010-01-01');
INSERT IGNORE INTO Employee VALUES (5017, 443, 1004, 4, 2, 'KGID3185', 'Bahadurjit', '1985-01-01', 1, 1, 0, '2010-01-01');
INSERT IGNORE INTO Employee VALUES (5018, 444, 1006, 4, 2, 'KGID3140', 'Praneel', '1985-01-01', 1, 1, 0, '2010-01-01');
INSERT IGNORE INTO Employee VALUES (5019, 443, 1004, 4, 2, 'KGID7307', 'Hema', '1985-01-01', 1, 1, 0, '2010-01-01');
INSERT IGNORE INTO Employee VALUES (5020, 445, 1002, 4, 2, 'KGID1181', 'Jacob', '1985-01-01', 1, 1, 0, '2010-01-01');
INSERT IGNORE INTO Employee VALUES (5021, 444, 1006, 4, 2, 'KGID9788', 'Harrison', '1985-01-01', 1, 1, 0, '2010-01-01');
INSERT IGNORE INTO Employee VALUES (5022, 444, 1008, 4, 2, 'KGID2958', 'Ojasvi', '1985-01-01', 1, 1, 0, '2010-01-01');
INSERT IGNORE INTO Employee VALUES (5023, 444, 1008, 4, 2, 'KGID3710', 'Aarush', '1985-01-01', 1, 1, 0, '2010-01-01');
INSERT IGNORE INTO Employee VALUES (5024, 445, 1003, 4, 2, 'KGID9361', 'Rudra', '1985-01-01', 1, 1, 0, '2010-01-01');
INSERT IGNORE INTO Employee VALUES (5025, 443, 1007, 4, 2, 'KGID2601', 'Abdul', '1985-01-01', 1, 1, 0, '2010-01-01');
INSERT IGNORE INTO Employee VALUES (5026, 445, 1010, 4, 2, 'KGID4607', 'Geetika', '1985-01-01', 1, 1, 0, '2010-01-01');
INSERT IGNORE INTO Employee VALUES (5027, 443, 1004, 4, 2, 'KGID2455', 'Radhika', '1985-01-01', 1, 1, 0, '2010-01-01');
INSERT IGNORE INTO Employee VALUES (5028, 445, 1010, 4, 2, 'KGID6655', 'Ojasvi', '1985-01-01', 1, 1, 0, '2010-01-01');
INSERT IGNORE INTO Employee VALUES (5029, 443, 1007, 4, 2, 'KGID7831', 'Tripti', '1985-01-01', 1, 1, 0, '2010-01-01');
INSERT IGNORE INTO Employee VALUES (5030, 443, 1004, 4, 2, 'KGID6106', 'Ekanta', '1985-01-01', 1, 1, 0, '2010-01-01');
INSERT IGNORE INTO Employee VALUES (5031, 445, 1001, 4, 2, 'KGID3531', 'Kevin', '1985-01-01', 1, 1, 0, '2010-01-01');
INSERT IGNORE INTO Employee VALUES (5032, 445, 1003, 4, 2, 'KGID1051', 'Yashica', '1985-01-01', 1, 1, 0, '2010-01-01');
INSERT IGNORE INTO Employee VALUES (5033, 443, 1007, 4, 2, 'KGID3445', 'Vedant', '1985-01-01', 1, 1, 0, '2010-01-01');
INSERT IGNORE INTO Employee VALUES (5034, 443, 1004, 4, 2, 'KGID3255', 'Kala', '1985-01-01', 1, 1, 0, '2010-01-01');
INSERT IGNORE INTO Employee VALUES (5035, 445, 1001, 4, 2, 'KGID5996', 'Xalak', '1985-01-01', 1, 1, 0, '2010-01-01');
INSERT IGNORE INTO Employee VALUES (5036, 445, 1003, 4, 2, 'KGID5841', 'Vidhi', '1985-01-01', 1, 1, 0, '2010-01-01');
INSERT IGNORE INTO Employee VALUES (5037, 444, 1008, 4, 2, 'KGID8142', 'Dayita', '1985-01-01', 1, 1, 0, '2010-01-01');
INSERT IGNORE INTO Employee VALUES (5038, 443, 1005, 4, 2, 'KGID4410', 'Gavin', '1985-01-01', 1, 1, 0, '2010-01-01');
INSERT IGNORE INTO Employee VALUES (5039, 445, 1010, 4, 2, 'KGID2857', 'Pranit', '1985-01-01', 1, 1, 0, '2010-01-01');
INSERT IGNORE INTO Employee VALUES (5040, 444, 1006, 4, 2, 'KGID5450', 'William', '1985-01-01', 1, 1, 0, '2010-01-01');
INSERT IGNORE INTO Employee VALUES (5041, 444, 1006, 4, 2, 'KGID6957', 'Maanav', '1985-01-01', 1, 1, 0, '2010-01-01');
INSERT IGNORE INTO Employee VALUES (5042, 443, 1005, 4, 2, 'KGID7289', 'Hemang', '1985-01-01', 1, 1, 0, '2010-01-01');
INSERT IGNORE INTO Employee VALUES (5043, 445, 1010, 4, 2, 'KGID4380', 'Hredhaan', '1985-01-01', 1, 1, 0, '2010-01-01');
INSERT IGNORE INTO Employee VALUES (5044, 445, 1010, 4, 2, 'KGID6933', 'Yuvraj', '1985-01-01', 1, 1, 0, '2010-01-01');
INSERT IGNORE INTO Employee VALUES (5045, 443, 1004, 4, 2, 'KGID7852', 'Darsh', '1985-01-01', 1, 1, 0, '2010-01-01');
INSERT IGNORE INTO Employee VALUES (5046, 444, 1008, 4, 2, 'KGID7042', 'Dev', '1985-01-01', 1, 1, 0, '2010-01-01');
INSERT IGNORE INTO Employee VALUES (5047, 445, 1010, 4, 2, 'KGID3882', 'Jagrati', '1985-01-01', 1, 1, 0, '2010-01-01');
INSERT IGNORE INTO Employee VALUES (5048, 444, 1006, 4, 2, 'KGID1863', 'Zinal', '1985-01-01', 1, 1, 0, '2010-01-01');
INSERT IGNORE INTO Employee VALUES (5049, 445, 1001, 4, 2, 'KGID5130', 'Gauri', '1985-01-01', 1, 1, 0, '2010-01-01');
INSERT IGNORE INTO Employee VALUES (5050, 444, 1008, 4, 2, 'KGID1256', 'Maanav', '1985-01-01', 1, 1, 0, '2010-01-01');

-- 3. Case Master and Relational Data
INSERT INTO CaseMaster VALUES (10001, '104441006202400001', '202400001', '2024-02-26', 5042, 1006, 1, 1, 101, 201, 1, 454, '2024-02-21 10:00:00', '2024-02-21 11:00:00', '2024-02-26 09:00:00', 16.651059, 77.620196, 'Corrupti totam ab commodi odit amet adipisci eaque unde facilis voluptatibus sed iste impedit dolore exercitationem quas quaerat eligendi.');
INSERT INTO ComplainantDetails VALUES (20001, 10001, 'Balhaar Chaudhuri', 22, 1, 1, 1, 1);
INSERT INTO Victim VALUES (30001, 10001, 'Vincent Sama', 49, 1, '0');
INSERT INTO Accused VALUES (40001, 10001, 'Chatresh Dash', 34, 1, 'A1');
INSERT INTO ActSectionAssociation VALUES (10001, 'IPC', '302', 1, 1);
INSERT INTO CaseMaster VALUES (10002, '104441008202500002', '202500002', '2025-04-07', 5042, 1008, 1, 1, 101, 201, 1, 454, '2025-04-07 10:00:00', '2025-04-07 11:00:00', '2025-04-07 09:00:00', 16.506092, 76.964987, 'Eligendi laborum quae labore occaecati quibusdam reiciendis saepe minima ipsum tempore repellendus blanditiis ducimus libero rerum delectus vero.');
INSERT INTO ComplainantDetails VALUES (20002, 10002, 'Imaran Babu', 42, 1, 1, 1, 1);
INSERT INTO Victim VALUES (30002, 10002, 'Gautam Shetty', 36, 1, '0');
INSERT INTO Accused VALUES (40002, 10002, 'Chaitanya Gokhale', 31, 1, 'A1');
INSERT INTO ActSectionAssociation VALUES (10002, 'IPC', '302', 1, 1);
INSERT INTO CaseMaster VALUES (10003, '104451001202500003', '202500003', '2024-05-06', 5031, 1001, 1, 1, 101, 201, 1, 455, '2024-05-02 10:00:00', '2024-05-02 11:00:00', '2024-05-06 09:00:00', 12.095718, 77.133766, 'Assumenda dolores repudiandae incidunt aliquid labore ad placeat laborum reprehenderit inventore officiis perferendis nemo magni cumque.');
INSERT INTO ComplainantDetails VALUES (20003, 10003, 'Hema Khosla', 49, 1, 1, 1, 1);
INSERT INTO Victim VALUES (30003, 10003, 'Panini Choudhary', 20, 1, '0');
INSERT INTO Accused VALUES (40003, 10003, 'Janaki Gour', 27, 1, 'A1');
INSERT INTO ActSectionAssociation VALUES (10003, 'IPC', '302', 1, 1);
INSERT INTO CaseMaster VALUES (10004, '104451001202500004', '202500004', '2026-03-20', 5014, 1001, 1, 1, 101, 201, 1, 455, '2026-03-17 10:00:00', '2026-03-17 11:00:00', '2026-03-20 09:00:00', 15.552544, 76.280252, 'Temporibus iusto veritatis vero distinctio quam explicabo in ratione quam.');
INSERT INTO ComplainantDetails VALUES (20004, 10004, 'Harshil Sridhar', 50, 1, 1, 1, 1);
INSERT INTO Victim VALUES (30004, 10004, 'Ayaan Menon', 18, 1, '0');
INSERT INTO Accused VALUES (40004, 10004, 'Leela Varghese', 26, 1, 'A1');
INSERT INTO ActSectionAssociation VALUES (10004, 'IPC', '302', 1, 1);
INSERT INTO ArrestSurrender VALUES (50004, 10004, 1, '2026-03-20', 29, 445, 1001, 5014, 455, 40004, 1, 0);
INSERT INTO CaseMaster VALUES (10005, '104451001202300005', '202300005', '2025-06-08', 5010, 1001, 1, 1, 101, 201, 1, 455, '2025-06-06 10:00:00', '2025-06-06 11:00:00', '2025-06-08 09:00:00', 15.237528, 74.556163, 'Ipsa tenetur ipsam eos necessitatibus fugiat amet illo veniam explicabo facilis velit dolores magni reiciendis sunt corporis odit.');
INSERT INTO ComplainantDetails VALUES (20005, 10005, 'Hemang Pall', 40, 1, 1, 1, 1);
INSERT INTO Victim VALUES (30005, 10005, 'Abhimanyu Bahri', 20, 1, '0');
INSERT INTO Accused VALUES (40005, 10005, 'David Dara', 51, 1, 'A1');
INSERT INTO ActSectionAssociation VALUES (10005, 'IPC', '302', 1, 1);
INSERT INTO ArrestSurrender VALUES (50005, 10005, 1, '2025-06-08', 29, 445, 1001, 5010, 455, 40005, 1, 0);
INSERT INTO CaseMaster VALUES (10006, '304441006202500006', '202500006', '2025-02-13', 5009, 1006, 3, 1, 101, 201, 1, 454, '2025-02-10 10:00:00', '2025-02-10 11:00:00', '2025-02-13 09:00:00', 14.990325, 75.053259, 'Fuga vel facilis ducimus illum magnam doloremque tempore facilis.');
INSERT INTO ComplainantDetails VALUES (20006, 10006, 'Laban Badal', 31, 1, 1, 1, 1);
INSERT INTO Victim VALUES (30006, 10006, 'Balendra Dara', 37, 1, '0');
INSERT INTO Accused VALUES (40006, 10006, 'Devansh Dass', 30, 1, 'A1');
INSERT INTO ActSectionAssociation VALUES (10006, 'IPC', '302', 1, 1);
INSERT INTO ArrestSurrender VALUES (50006, 10006, 1, '2025-02-13', 29, 444, 1006, 5009, 454, 40006, 1, 0);
INSERT INTO CaseMaster VALUES (10007, '104451001202300007', '202300007', '2024-04-22', 5001, 1001, 1, 1, 101, 201, 1, 455, '2024-04-17 10:00:00', '2024-04-17 11:00:00', '2024-04-22 09:00:00', 12.30179, 77.910815, 'Facere perferendis aut unde dolorum culpa enim labore autem nemo a totam.');
INSERT INTO ComplainantDetails VALUES (20007, 10007, 'Aadhya Mand', 58, 1, 1, 1, 1);
INSERT INTO Victim VALUES (30007, 10007, 'Ekiya Nayar', 33, 1, '0');
INSERT INTO Accused VALUES (40007, 10007, 'Varenya Suri', 21, 1, 'A1');
INSERT INTO ActSectionAssociation VALUES (10007, 'IPC', '302', 1, 1);
INSERT INTO CaseMaster VALUES (10008, '304451010202600008', '202600008', '2025-07-14', 5030, 1010, 3, 1, 101, 201, 1, 455, '2025-07-14 10:00:00', '2025-07-14 11:00:00', '2025-07-14 09:00:00', 13.189055, 77.185518, 'Accusamus dignissimos culpa delectus exercitationem odit cupiditate repudiandae tempore est.');
INSERT INTO ComplainantDetails VALUES (20008, 10008, 'Jatin Bala', 48, 1, 1, 1, 1);
INSERT INTO Victim VALUES (30008, 10008, 'Jairaj Patil', 53, 1, '0');
INSERT INTO Accused VALUES (40008, 10008, 'Indrajit Bhatnagar', 43, 1, 'A1');
INSERT INTO ActSectionAssociation VALUES (10008, 'IPC', '302', 1, 1);
INSERT INTO ArrestSurrender VALUES (50008, 10008, 1, '2025-07-14', 29, 445, 1010, 5030, 455, 40008, 1, 0);
INSERT INTO CaseMaster VALUES (10009, '104451002202400009', '202400009', '2024-11-12', 5011, 1002, 1, 1, 101, 201, 1, 455, '2024-11-07 10:00:00', '2024-11-07 11:00:00', '2024-11-12 09:00:00', 12.780161, 77.773267, 'Voluptatibus aperiam maxime illum eius aperiam id molestiae iure maxime.');
INSERT INTO ComplainantDetails VALUES (20009, 10009, 'Osha Vig', 43, 1, 1, 1, 1);
INSERT INTO Victim VALUES (30009, 10009, 'Shivansh Subramanian', 50, 1, '0');
INSERT INTO Accused VALUES (40009, 10009, 'Idika Dhillon', 31, 1, 'A1');
INSERT INTO ActSectionAssociation VALUES (10009, 'IPC', '302', 1, 1);
INSERT INTO CaseMaster VALUES (10010, '304441009202300010', '202300010', '2023-11-13', 5033, 1009, 3, 1, 101, 201, 1, 454, '2023-11-11 10:00:00', '2023-11-11 11:00:00', '2023-11-13 09:00:00', 14.872651, 74.008678, 'Alias itaque repellat cumque mollitia excepturi excepturi velit repellat id officiis rerum.');
INSERT INTO ComplainantDetails VALUES (20010, 10010, 'Jagvi Saran', 57, 1, 1, 1, 1);
INSERT INTO Victim VALUES (30010, 10010, 'Ganga Din', 67, 1, '0');
INSERT INTO Accused VALUES (40010, 10010, 'Krish Kibe', 53, 1, 'A1');
INSERT INTO ActSectionAssociation VALUES (10010, 'IPC', '302', 1, 1);
INSERT INTO CaseMaster VALUES (10011, '104431007202500011', '202500011', '2023-08-06', 5016, 1007, 1, 1, 101, 201, 1, 453, '2023-08-01 10:00:00', '2023-08-01 11:00:00', '2023-08-06 09:00:00', 14.454466, 75.995016, 'Harum iure voluptatibus nihil optio voluptatum nam sed aperiam eum rerum fugiat perferendis voluptatum autem.');
INSERT INTO ComplainantDetails VALUES (20011, 10011, 'Lipika Issac', 56, 1, 1, 1, 1);
INSERT INTO Victim VALUES (30011, 10011, 'Jai Varghese', 60, 1, '0');
INSERT INTO Accused VALUES (40011, 10011, 'Nathan Raghavan', 23, 1, 'A1');
INSERT INTO ActSectionAssociation VALUES (10011, 'IPC', '302', 1, 1);
INSERT INTO ArrestSurrender VALUES (50011, 10011, 1, '2023-08-06', 29, 443, 1007, 5016, 453, 40011, 1, 0);
INSERT INTO CaseMaster VALUES (10012, '104431005202500012', '202500012', '2026-03-15', 5002, 1005, 1, 1, 101, 201, 1, 453, '2026-03-12 10:00:00', '2026-03-12 11:00:00', '2026-03-15 09:00:00', 12.041907, 77.222782, 'Cumque veniam quae ex nesciunt quis eos eaque sint consectetur excepturi porro.');
INSERT INTO ComplainantDetails VALUES (20012, 10012, 'Vincent Karpe', 52, 1, 1, 1, 1);
INSERT INTO Victim VALUES (30012, 10012, 'Lavanya Srinivasan', 39, 1, '0');
INSERT INTO Accused VALUES (40012, 10012, 'Advik Bhatti', 32, 1, 'A1');
INSERT INTO ActSectionAssociation VALUES (10012, 'IPC', '302', 1, 1);
INSERT INTO ArrestSurrender VALUES (50012, 10012, 1, '2026-03-15', 29, 443, 1005, 5002, 453, 40012, 1, 0);
INSERT INTO CaseMaster VALUES (10013, '304441008202400013', '202400013', '2026-01-13', 5035, 1008, 3, 1, 101, 201, 1, 454, '2026-01-09 10:00:00', '2026-01-09 11:00:00', '2026-01-13 09:00:00', 15.137849, 75.186842, 'Numquam porro vitae tenetur corrupti magnam nesciunt totam reprehenderit quod.');
INSERT INTO ComplainantDetails VALUES (20013, 10013, 'Anika Hari', 35, 1, 1, 1, 1);
INSERT INTO Victim VALUES (30013, 10013, 'Krishna Chandra', 64, 1, '0');
INSERT INTO Accused VALUES (40013, 10013, 'Jyoti Prabhakar', 21, 1, 'A1');
INSERT INTO ActSectionAssociation VALUES (10013, 'IPC', '302', 1, 1);
INSERT INTO ArrestSurrender VALUES (50013, 10013, 1, '2026-01-13', 29, 444, 1008, 5035, 454, 40013, 1, 0);
INSERT INTO CaseMaster VALUES (10014, '304431007202300014', '202300014', '2025-03-13', 5020, 1007, 3, 1, 101, 201, 1, 453, '2025-03-08 10:00:00', '2025-03-08 11:00:00', '2025-03-13 09:00:00', 17.66085, 74.654547, 'Iure perferendis vero aperiam iure excepturi iste accusamus molestias quo fugit nemo cumque tempore.');
INSERT INTO ComplainantDetails VALUES (20014, 10014, 'Ethan Khurana', 25, 1, 1, 1, 1);
INSERT INTO Victim VALUES (30014, 10014, 'Nathan Suresh', 26, 1, '0');
INSERT INTO Accused VALUES (40014, 10014, 'Riya Sharma', 29, 1, 'A1');
INSERT INTO ActSectionAssociation VALUES (10014, 'IPC', '302', 1, 1);
INSERT INTO ArrestSurrender VALUES (50014, 10014, 1, '2025-03-13', 29, 443, 1007, 5020, 453, 40014, 1, 0);
INSERT INTO CaseMaster VALUES (10015, '104431004202600015', '202600015', '2026-05-18', 5019, 1004, 1, 1, 101, 201, 1, 453, '2026-05-14 10:00:00', '2026-05-14 11:00:00', '2026-05-18 09:00:00', 16.51538, 75.293682, 'Saepe unde mollitia doloremque earum consequuntur ducimus facilis ducimus architecto hic ut asperiores amet tempora commodi suscipit quae dolorem assumenda.');
INSERT INTO ComplainantDetails VALUES (20015, 10015, 'Yashica Arya', 36, 1, 1, 1, 1);
INSERT INTO Victim VALUES (30015, 10015, 'Farhan Mangat', 66, 1, '0');
INSERT INTO Accused VALUES (40015, 10015, 'Abha Dayal', 29, 1, 'A1');
INSERT INTO ActSectionAssociation VALUES (10015, 'IPC', '302', 1, 1);
INSERT INTO CaseMaster VALUES (10016, '104431004202500016', '202500016', '2024-09-01', 5025, 1004, 1, 1, 101, 201, 1, 453, '2024-08-30 10:00:00', '2024-08-30 11:00:00', '2024-09-01 09:00:00', 16.778836, 76.76122, 'Minus cupiditate numquam dolorum quod ipsum ratione optio eveniet.');
INSERT INTO ComplainantDetails VALUES (20016, 10016, 'Chatura Rout', 51, 1, 1, 1, 1);
INSERT INTO Victim VALUES (30016, 10016, 'Neel Dubey', 29, 1, '0');
INSERT INTO Accused VALUES (40016, 10016, 'Gaurang Srinivasan', 23, 1, 'A1');
INSERT INTO ActSectionAssociation VALUES (10016, 'IPC', '302', 1, 1);
INSERT INTO ArrestSurrender VALUES (50016, 10016, 1, '2024-09-01', 29, 443, 1004, 5025, 453, 40016, 1, 0);
INSERT INTO CaseMaster VALUES (10017, '304441006202500017', '202500017', '2023-12-12', 5044, 1006, 3, 1, 101, 201, 1, 454, '2023-12-09 10:00:00', '2023-12-09 11:00:00', '2023-12-12 09:00:00', 16.979292, 75.154699, 'Necessitatibus repudiandae doloribus aliquam assumenda id blanditiis consequuntur nam ipsum placeat enim omnis omnis.');
INSERT INTO ComplainantDetails VALUES (20017, 10017, 'Rajeshri Dugal', 52, 1, 1, 1, 1);
INSERT INTO Victim VALUES (30017, 10017, 'Chatresh Solanki', 51, 1, '0');
INSERT INTO Accused VALUES (40017, 10017, 'Qadim Narula', 21, 1, 'A1');
INSERT INTO ActSectionAssociation VALUES (10017, 'IPC', '302', 1, 1);
INSERT INTO ArrestSurrender VALUES (50017, 10017, 1, '2023-12-12', 29, 444, 1006, 5044, 454, 40017, 1, 0);
INSERT INTO CaseMaster VALUES (10018, '104431005202300018', '202300018', '2023-09-22', 5050, 1005, 1, 1, 101, 201, 1, 453, '2023-09-20 10:00:00', '2023-09-20 11:00:00', '2023-09-22 09:00:00', 17.715495, 74.975783, 'Saepe iusto recusandae iure maiores dignissimos ipsum ut eveniet at corrupti.');
INSERT INTO ComplainantDetails VALUES (20018, 10018, 'Arunima Chakraborty', 31, 1, 1, 1, 1);
INSERT INTO Victim VALUES (30018, 10018, 'Samaksh Wagle', 66, 1, '0');
INSERT INTO Accused VALUES (40018, 10018, 'Harini Chandra', 41, 1, 'A1');
INSERT INTO ActSectionAssociation VALUES (10018, 'IPC', '302', 1, 1);
INSERT INTO CaseMaster VALUES (10019, '104431004202400019', '202400019', '2024-06-23', 5037, 1004, 1, 1, 101, 201, 1, 453, '2024-06-21 10:00:00', '2024-06-21 11:00:00', '2024-06-23 09:00:00', 13.212158, 74.13719, 'Aut neque laudantium repellat aspernatur harum optio voluptatem ab sequi dolorum necessitatibus distinctio.');
INSERT INTO ComplainantDetails VALUES (20019, 10019, 'Jalsa Boase', 25, 1, 1, 1, 1);
INSERT INTO Victim VALUES (30019, 10019, 'Nitesh Kaul', 26, 1, '0');
INSERT INTO Accused VALUES (40019, 10019, 'Guneet Ganguly', 25, 1, 'A1');
INSERT INTO ActSectionAssociation VALUES (10019, 'IPC', '302', 1, 1);
INSERT INTO ArrestSurrender VALUES (50019, 10019, 1, '2024-06-23', 29, 443, 1004, 5037, 453, 40019, 1, 0);
INSERT INTO CaseMaster VALUES (10020, '304451010202500020', '202500020', '2026-01-13', 5010, 1010, 3, 1, 101, 201, 1, 455, '2026-01-09 10:00:00', '2026-01-09 11:00:00', '2026-01-13 09:00:00', 15.163551, 76.174701, 'Accusantium enim iure in modi quos expedita quibusdam molestias delectus doloremque.');
INSERT INTO ComplainantDetails VALUES (20020, 10020, 'Shivani Yogi', 33, 1, 1, 1, 1);
INSERT INTO Victim VALUES (30020, 10020, 'Ekaja Singhal', 56, 1, '0');
INSERT INTO Accused VALUES (40020, 10020, 'Meera Narasimhan', 21, 1, 'A1');
INSERT INTO ActSectionAssociation VALUES (10020, 'IPC', '302', 1, 1);
INSERT INTO ArrestSurrender VALUES (50020, 10020, 1, '2026-01-13', 29, 445, 1010, 5010, 455, 40020, 1, 0);
INSERT INTO CaseMaster VALUES (10021, '304451001202600021', '202600021', '2024-01-12', 5046, 1001, 3, 1, 101, 201, 1, 455, '2024-01-10 10:00:00', '2024-01-10 11:00:00', '2024-01-12 09:00:00', 14.882973, 77.281853, 'Fugiat est ad laudantium voluptate excepturi laboriosam fugiat voluptatem facere blanditiis nihil quae assumenda reiciendis repellendus velit ipsa.');
INSERT INTO ComplainantDetails VALUES (20021, 10021, 'Libni Gala', 43, 1, 1, 1, 1);
INSERT INTO Victim VALUES (30021, 10021, 'Leela Palla', 19, 1, '0');
INSERT INTO Accused VALUES (40021, 10021, 'Wazir Chander', 27, 1, 'A1');
INSERT INTO ActSectionAssociation VALUES (10021, 'IPC', '302', 1, 1);
INSERT INTO ArrestSurrender VALUES (50021, 10021, 1, '2024-01-12', 29, 445, 1001, 5046, 455, 40021, 1, 0);
INSERT INTO CaseMaster VALUES (10022, '304451002202500022', '202500022', '2025-03-05', 5005, 1002, 3, 1, 101, 201, 1, 455, '2025-03-03 10:00:00', '2025-03-03 11:00:00', '2025-03-05 09:00:00', 15.922984, 74.323669, 'Sapiente sit sapiente dolorum praesentium aliquid facilis quas eaque rerum minima libero officia.');
INSERT INTO ComplainantDetails VALUES (20022, 10022, 'Amaira Saha', 22, 1, 1, 1, 1);
INSERT INTO Victim VALUES (30022, 10022, 'Ekalinga Gade', 57, 1, '0');
INSERT INTO Accused VALUES (40022, 10022, 'Ekbal Dasgupta', 44, 1, 'A1');
INSERT INTO ActSectionAssociation VALUES (10022, 'IPC', '302', 1, 1);
INSERT INTO ArrestSurrender VALUES (50022, 10022, 1, '2025-03-05', 29, 445, 1002, 5005, 455, 40022, 1, 0);
INSERT INTO CaseMaster VALUES (10023, '104441006202400023', '202400023', '2024-07-04', 5029, 1006, 1, 1, 101, 201, 1, 454, '2024-06-29 10:00:00', '2024-06-29 11:00:00', '2024-07-04 09:00:00', 13.140221, 75.81644, 'Atque aspernatur dolore quaerat minus id voluptatem architecto delectus facere sint dicta dignissimos quibusdam soluta quas delectus ab.');
INSERT INTO ComplainantDetails VALUES (20023, 10023, 'Vivaan Oak', 24, 1, 1, 1, 1);
INSERT INTO Victim VALUES (30023, 10023, 'Aishani Pant', 43, 1, '0');
INSERT INTO Accused VALUES (40023, 10023, 'Faraj Natarajan', 52, 1, 'A1');
INSERT INTO ActSectionAssociation VALUES (10023, 'IPC', '302', 1, 1);
INSERT INTO CaseMaster VALUES (10024, '304451003202600024', '202600024', '2024-04-03', 5034, 1003, 3, 1, 101, 201, 1, 455, '2024-04-02 10:00:00', '2024-04-02 11:00:00', '2024-04-03 09:00:00', 13.851707, 75.144929, 'Vel ipsum officia nam laborum ex autem pariatur doloribus nobis quidem laudantium incidunt perferendis deleniti hic natus.');
INSERT INTO ComplainantDetails VALUES (20024, 10024, 'Robert Garg', 34, 1, 1, 1, 1);
INSERT INTO Victim VALUES (30024, 10024, 'Hitesh Verma', 38, 1, '0');
INSERT INTO Accused VALUES (40024, 10024, 'Nakul Lal', 36, 1, 'A1');
INSERT INTO ActSectionAssociation VALUES (10024, 'IPC', '302', 1, 1);
INSERT INTO ArrestSurrender VALUES (50024, 10024, 1, '2024-04-03', 29, 445, 1003, 5034, 455, 40024, 1, 0);
INSERT INTO CaseMaster VALUES (10025, '304451001202500025', '202500025', '2024-11-06', 5039, 1001, 3, 1, 101, 201, 1, 455, '2024-11-03 10:00:00', '2024-11-03 11:00:00', '2024-11-06 09:00:00', 14.919585, 75.435829, 'Earum voluptates labore ut quibusdam fugiat rem quia quaerat repudiandae blanditiis fugiat unde quo veniam sunt repellendus adipisci quas.');
INSERT INTO ComplainantDetails VALUES (20025, 10025, 'Lavanya Deshpande', 25, 1, 1, 1, 1);
INSERT INTO Victim VALUES (30025, 10025, 'Manan Seth', 44, 1, '0');
INSERT INTO Accused VALUES (40025, 10025, 'Ayush Sabharwal', 53, 1, 'A1');
INSERT INTO ActSectionAssociation VALUES (10025, 'IPC', '302', 1, 1);
INSERT INTO ArrestSurrender VALUES (50025, 10025, 1, '2024-11-06', 29, 445, 1001, 5039, 455, 40025, 1, 0);
INSERT INTO CaseMaster VALUES (10026, '104431007202600026', '202600026', '2026-04-23', 5041, 1007, 1, 1, 101, 201, 1, 453, '2026-04-23 10:00:00', '2026-04-23 11:00:00', '2026-04-23 09:00:00', 15.535279, 75.615913, 'Nostrum nostrum vero ducimus consequuntur provident nam veniam veniam.');
INSERT INTO ComplainantDetails VALUES (20026, 10026, 'Vihaan Bansal', 58, 1, 1, 1, 1);
INSERT INTO Victim VALUES (30026, 10026, 'Gauri Mandal', 31, 1, '0');
INSERT INTO Accused VALUES (40026, 10026, 'Yauvani Dada', 33, 1, 'A1');
INSERT INTO ActSectionAssociation VALUES (10026, 'IPC', '302', 1, 1);
INSERT INTO CaseMaster VALUES (10027, '104441008202400027', '202400027', '2025-07-02', 5004, 1008, 1, 1, 101, 201, 1, 454, '2025-06-29 10:00:00', '2025-06-29 11:00:00', '2025-07-02 09:00:00', 12.792146, 74.068643, 'Ab nemo soluta repellat qui debitis soluta iure odio exercitationem adipisci.');
INSERT INTO ComplainantDetails VALUES (20027, 10027, 'Chanakya Bakshi', 51, 1, 1, 1, 1);
INSERT INTO Victim VALUES (30027, 10027, 'Owen Bava', 29, 1, '0');
INSERT INTO Accused VALUES (40027, 10027, 'Abeer Buch', 31, 1, 'A1');
INSERT INTO ActSectionAssociation VALUES (10027, 'IPC', '302', 1, 1);
INSERT INTO ArrestSurrender VALUES (50027, 10027, 1, '2025-07-02', 29, 444, 1008, 5004, 454, 40027, 1, 0);
INSERT INTO CaseMaster VALUES (10028, '304431007202600028', '202600028', '2025-04-10', 5013, 1007, 3, 1, 101, 201, 1, 453, '2025-04-06 10:00:00', '2025-04-06 11:00:00', '2025-04-10 09:00:00', 13.666821, 75.374055, 'Ab ea fugit omnis ratione inventore aspernatur asperiores reprehenderit possimus sunt odit ad id illo.');
INSERT INTO ComplainantDetails VALUES (20028, 10028, 'Umang Dutta', 23, 1, 1, 1, 1);
INSERT INTO Victim VALUES (30028, 10028, 'Jeremiah Wali', 49, 1, '0');
INSERT INTO Accused VALUES (40028, 10028, 'Kevin Krish', 48, 1, 'A1');
INSERT INTO ActSectionAssociation VALUES (10028, 'IPC', '302', 1, 1);
INSERT INTO CaseMaster VALUES (10029, '104441009202400029', '202400029', '2025-01-18', 5035, 1009, 1, 1, 101, 201, 1, 454, '2025-01-14 10:00:00', '2025-01-14 11:00:00', '2025-01-18 09:00:00', 12.861255, 74.862753, 'Dicta cum architecto quisquam at nam minima nisi illo a vero.');
INSERT INTO ComplainantDetails VALUES (20029, 10029, 'Ekiya Patla', 59, 1, 1, 1, 1);
INSERT INTO Victim VALUES (30029, 10029, 'Ishanvi Kala', 32, 1, '0');
INSERT INTO Accused VALUES (40029, 10029, 'Matthew Mammen', 42, 1, 'A1');
INSERT INTO ActSectionAssociation VALUES (10029, 'IPC', '302', 1, 1);
INSERT INTO ArrestSurrender VALUES (50029, 10029, 1, '2025-01-18', 29, 444, 1009, 5035, 454, 40029, 1, 0);
INSERT INTO CaseMaster VALUES (10030, '104431007202500030', '202500030', '2026-01-10', 5030, 1007, 1, 1, 101, 201, 1, 453, '2026-01-05 10:00:00', '2026-01-05 11:00:00', '2026-01-10 09:00:00', 15.598736, 76.94806, 'Nisi et harum deleniti magni deserunt nulla quo sapiente vel aut doloremque non in error ullam.');
INSERT INTO ComplainantDetails VALUES (20030, 10030, 'Orinder Sachdev', 29, 1, 1, 1, 1);
INSERT INTO Victim VALUES (30030, 10030, 'Dipta Bansal', 69, 1, '0');
INSERT INTO Accused VALUES (40030, 10030, 'Vasana Dyal', 32, 1, 'A1');
INSERT INTO ActSectionAssociation VALUES (10030, 'IPC', '302', 1, 1);
INSERT INTO ArrestSurrender VALUES (50030, 10030, 1, '2026-01-10', 29, 443, 1007, 5030, 453, 40030, 1, 0);
INSERT INTO CaseMaster VALUES (10031, '104431004202300031', '202300031', '2025-10-31', 5020, 1004, 1, 1, 101, 201, 1, 453, '2025-10-29 10:00:00', '2025-10-29 11:00:00', '2025-10-31 09:00:00', 15.347874, 76.763636, 'Laborum commodi veniam nostrum omnis facilis enim illo aut temporibus.');
INSERT INTO ComplainantDetails VALUES (20031, 10031, 'Madhavi Khosla', 30, 1, 1, 1, 1);
INSERT INTO Victim VALUES (30031, 10031, 'Avi Mohanty', 28, 1, '0');
INSERT INTO Accused VALUES (40031, 10031, 'Yochana Bir', 37, 1, 'A1');
INSERT INTO ActSectionAssociation VALUES (10031, 'IPC', '302', 1, 1);
INSERT INTO CaseMaster VALUES (10032, '104441008202300032', '202300032', '2025-10-09', 5009, 1008, 1, 1, 101, 201, 1, 454, '2025-10-07 10:00:00', '2025-10-07 11:00:00', '2025-10-09 09:00:00', 17.094065, 75.512843, 'Ullam eligendi qui fugiat doloribus vero eaque vitae eius molestiae repellat distinctio tempora.');
INSERT INTO ComplainantDetails VALUES (20032, 10032, 'Shivani Master', 32, 1, 1, 1, 1);
INSERT INTO Victim VALUES (30032, 10032, 'Ishita Walia', 56, 1, '0');
INSERT INTO Accused VALUES (40032, 10032, 'Nirja Hegde', 19, 1, 'A1');
INSERT INTO ActSectionAssociation VALUES (10032, 'IPC', '302', 1, 1);
INSERT INTO CaseMaster VALUES (10033, '304451010202500033', '202500033', '2025-04-20', 5038, 1010, 3, 1, 101, 201, 1, 455, '2025-04-18 10:00:00', '2025-04-18 11:00:00', '2025-04-20 09:00:00', 14.107561, 77.847358, 'Aliquam ea iure perspiciatis doloremque libero veniam maxime beatae necessitatibus quis incidunt.');
INSERT INTO ComplainantDetails VALUES (20033, 10033, 'Jagrati Sehgal', 58, 1, 1, 1, 1);
INSERT INTO Victim VALUES (30033, 10033, 'Aarini Merchant', 59, 1, '0');
INSERT INTO Accused VALUES (40033, 10033, 'Amol Ganesan', 49, 1, 'A1');
INSERT INTO ActSectionAssociation VALUES (10033, 'IPC', '302', 1, 1);
INSERT INTO ArrestSurrender VALUES (50033, 10033, 1, '2025-04-20', 29, 445, 1010, 5038, 455, 40033, 1, 0);
INSERT INTO CaseMaster VALUES (10034, '104451003202300034', '202300034', '2025-12-02', 5009, 1003, 1, 1, 101, 201, 1, 455, '2025-11-29 10:00:00', '2025-11-29 11:00:00', '2025-12-02 09:00:00', 15.201921, 74.722518, 'Voluptate incidunt earum optio velit quaerat ullam dolore maiores tempora perferendis omnis hic dolor earum possimus tempore.');
INSERT INTO ComplainantDetails VALUES (20034, 10034, 'Sarthak Tripathi', 41, 1, 1, 1, 1);
INSERT INTO Victim VALUES (30034, 10034, 'Vritti Oommen', 51, 1, '0');
INSERT INTO Accused VALUES (40034, 10034, 'Watika Mukhopadhyay', 19, 1, 'A1');
INSERT INTO ActSectionAssociation VALUES (10034, 'IPC', '302', 1, 1);
INSERT INTO ArrestSurrender VALUES (50034, 10034, 1, '2025-12-02', 29, 445, 1003, 5009, 455, 40034, 1, 0);
INSERT INTO CaseMaster VALUES (10035, '104451010202500035', '202500035', '2025-11-05', 5023, 1010, 1, 1, 101, 201, 1, 455, '2025-11-01 10:00:00', '2025-11-01 11:00:00', '2025-11-05 09:00:00', 12.528385, 75.089318, 'Veniam iure amet quaerat animi maiores dicta ipsum necessitatibus laborum explicabo cupiditate.');
INSERT INTO ComplainantDetails VALUES (20035, 10035, 'Ucchal Mistry', 43, 1, 1, 1, 1);
INSERT INTO Victim VALUES (30035, 10035, 'Jagvi Majumdar', 70, 1, '0');
INSERT INTO Accused VALUES (40035, 10035, 'Saksham Agate', 36, 1, 'A1');
INSERT INTO ActSectionAssociation VALUES (10035, 'IPC', '302', 1, 1);
INSERT INTO CaseMaster VALUES (10036, '104451003202600036', '202600036', '2026-01-23', 5025, 1003, 1, 1, 101, 201, 1, 455, '2026-01-20 10:00:00', '2026-01-20 11:00:00', '2026-01-23 09:00:00', 12.706167, 77.321481, 'Cum totam assumenda non magni deleniti vitae harum similique.');
INSERT INTO ComplainantDetails VALUES (20036, 10036, 'Qadim Murty', 32, 1, 1, 1, 1);
INSERT INTO Victim VALUES (30036, 10036, 'Sathvik Rana', 22, 1, '0');
INSERT INTO Accused VALUES (40036, 10036, 'Lila Zacharia', 24, 1, 'A1');
INSERT INTO ActSectionAssociation VALUES (10036, 'IPC', '302', 1, 1);
INSERT INTO ArrestSurrender VALUES (50036, 10036, 1, '2026-01-23', 29, 445, 1003, 5025, 455, 40036, 1, 0);
INSERT INTO CaseMaster VALUES (10037, '104431004202300037', '202300037', '2025-04-07', 5041, 1004, 1, 1, 101, 201, 1, 453, '2025-04-02 10:00:00', '2025-04-02 11:00:00', '2025-04-07 09:00:00', 16.511436, 75.679679, 'Ab voluptate rerum minus reprehenderit error molestiae iusto in error pariatur.');
INSERT INTO ComplainantDetails VALUES (20037, 10037, 'Teerth Anand', 49, 1, 1, 1, 1);
INSERT INTO Victim VALUES (30037, 10037, 'Wridesh Oak', 47, 1, '0');
INSERT INTO Accused VALUES (40037, 10037, 'Alexander Chandra', 32, 1, 'A1');
INSERT INTO ActSectionAssociation VALUES (10037, 'IPC', '302', 1, 1);
INSERT INTO CaseMaster VALUES (10038, '304441008202500038', '202500038', '2026-02-01', 5024, 1008, 3, 1, 101, 201, 1, 454, '2026-01-28 10:00:00', '2026-01-28 11:00:00', '2026-02-01 09:00:00', 14.008191, 74.507163, 'Sequi doloribus eligendi nihil voluptatem voluptatibus iste et at ullam delectus praesentium deserunt perferendis placeat numquam blanditiis quasi nisi.');
INSERT INTO ComplainantDetails VALUES (20038, 10038, 'Harish Bhargava', 30, 1, 1, 1, 1);
INSERT INTO Victim VALUES (30038, 10038, 'Upma Lalla', 24, 1, '0');
INSERT INTO Accused VALUES (40038, 10038, 'Osha Grewal', 35, 1, 'A1');
INSERT INTO ActSectionAssociation VALUES (10038, 'IPC', '302', 1, 1);
INSERT INTO ArrestSurrender VALUES (50038, 10038, 1, '2026-02-01', 29, 444, 1008, 5024, 454, 40038, 1, 0);
INSERT INTO CaseMaster VALUES (10039, '104431004202400039', '202400039', '2025-05-15', 5004, 1004, 1, 1, 101, 201, 1, 453, '2025-05-13 10:00:00', '2025-05-13 11:00:00', '2025-05-15 09:00:00', 17.958819, 77.278812, 'Molestiae iure minima numquam officia corporis tenetur nemo itaque vel ducimus qui eius ipsum earum quo placeat ipsum soluta.');
INSERT INTO ComplainantDetails VALUES (20039, 10039, 'Upkaar Narula', 59, 1, 1, 1, 1);
INSERT INTO Victim VALUES (30039, 10039, 'Madhavi Ramaswamy', 22, 1, '0');
INSERT INTO Accused VALUES (40039, 10039, 'Jagdish Murty', 50, 1, 'A1');
INSERT INTO ActSectionAssociation VALUES (10039, 'IPC', '302', 1, 1);
INSERT INTO ArrestSurrender VALUES (50039, 10039, 1, '2025-05-15', 29, 443, 1004, 5004, 453, 40039, 1, 0);
INSERT INTO CaseMaster VALUES (10040, '304441008202300040', '202300040', '2025-12-04', 5005, 1008, 3, 1, 101, 201, 1, 454, '2025-12-04 10:00:00', '2025-12-04 11:00:00', '2025-12-04 09:00:00', 14.270113, 75.198365, 'Tempora aliquam dicta alias facere corporis at saepe facilis praesentium beatae deleniti temporibus soluta.');
INSERT INTO ComplainantDetails VALUES (20040, 10040, 'Victor Bains', 41, 1, 1, 1, 1);
INSERT INTO Victim VALUES (30040, 10040, 'Zayan Parsa', 36, 1, '0');
INSERT INTO Accused VALUES (40040, 10040, 'Gagan Dua', 29, 1, 'A1');
INSERT INTO ActSectionAssociation VALUES (10040, 'IPC', '302', 1, 1);
INSERT INTO ArrestSurrender VALUES (50040, 10040, 1, '2025-12-04', 29, 444, 1008, 5005, 454, 40040, 1, 0);
INSERT INTO CaseMaster VALUES (10041, '304431005202600041', '202600041', '2025-11-02', 5024, 1005, 3, 1, 101, 201, 1, 453, '2025-11-01 10:00:00', '2025-11-01 11:00:00', '2025-11-02 09:00:00', 17.045164, 77.24117, 'Iste accusantium tempora sit ut debitis hic fugiat quod.');
INSERT INTO ComplainantDetails VALUES (20041, 10041, 'Banjeet Dada', 37, 1, 1, 1, 1);
INSERT INTO Victim VALUES (30041, 10041, 'Orinder Sarin', 63, 1, '0');
INSERT INTO Accused VALUES (40041, 10041, 'Atharv Datta', 23, 1, 'A1');
INSERT INTO ActSectionAssociation VALUES (10041, 'IPC', '302', 1, 1);
INSERT INTO ArrestSurrender VALUES (50041, 10041, 1, '2025-11-02', 29, 443, 1005, 5024, 453, 40041, 1, 0);
INSERT INTO CaseMaster VALUES (10042, '304441009202400042', '202400042', '2024-05-17', 5036, 1009, 3, 1, 101, 201, 1, 454, '2024-05-12 10:00:00', '2024-05-12 11:00:00', '2024-05-17 09:00:00', 15.578777, 76.993772, 'Consectetur voluptas quaerat quam quae facilis error quod a iure magnam dolores dicta ea minima ullam ipsum.');
INSERT INTO ComplainantDetails VALUES (20042, 10042, 'Henry Sura', 28, 1, 1, 1, 1);
INSERT INTO Victim VALUES (30042, 10042, 'Forum Dar', 47, 1, '0');
INSERT INTO Accused VALUES (40042, 10042, 'Kala Nagi', 40, 1, 'A1');
INSERT INTO ActSectionAssociation VALUES (10042, 'IPC', '302', 1, 1);
INSERT INTO ArrestSurrender VALUES (50042, 10042, 1, '2024-05-17', 29, 444, 1009, 5036, 454, 40042, 1, 0);
INSERT INTO CaseMaster VALUES (10043, '104451003202300043', '202300043', '2025-01-28', 5018, 1003, 1, 1, 101, 201, 1, 455, '2025-01-28 10:00:00', '2025-01-28 11:00:00', '2025-01-28 09:00:00', 16.903407, 77.647548, 'Iusto sint explicabo soluta cum harum repudiandae odio eveniet aut unde necessitatibus deleniti incidunt eius.');
INSERT INTO ComplainantDetails VALUES (20043, 10043, 'Robert Sachdeva', 45, 1, 1, 1, 1);
INSERT INTO Victim VALUES (30043, 10043, 'Widisha Yohannan', 49, 1, '0');
INSERT INTO Accused VALUES (40043, 10043, 'Wishi Samra', 30, 1, 'A1');
INSERT INTO ActSectionAssociation VALUES (10043, 'IPC', '302', 1, 1);
INSERT INTO ArrestSurrender VALUES (50043, 10043, 1, '2025-01-28', 29, 445, 1003, 5018, 455, 40043, 1, 0);
INSERT INTO CaseMaster VALUES (10044, '304431004202300044', '202300044', '2023-09-17', 5032, 1004, 3, 1, 101, 201, 1, 453, '2023-09-13 10:00:00', '2023-09-13 11:00:00', '2023-09-17 09:00:00', 13.432171, 77.845727, 'Distinctio facilis soluta similique placeat eveniet numquam hic pariatur magni ratione totam saepe.');
INSERT INTO ComplainantDetails VALUES (20044, 10044, 'Andrew Maharaj', 44, 1, 1, 1, 1);
INSERT INTO Victim VALUES (30044, 10044, 'Bhanumati Bandi', 57, 1, '0');
INSERT INTO Accused VALUES (40044, 10044, 'Keya Ahluwalia', 46, 1, 'A1');
INSERT INTO ActSectionAssociation VALUES (10044, 'IPC', '302', 1, 1);
INSERT INTO ArrestSurrender VALUES (50044, 10044, 1, '2023-09-17', 29, 443, 1004, 5032, 453, 40044, 1, 0);
INSERT INTO CaseMaster VALUES (10045, '104431005202500045', '202500045', '2025-02-27', 5003, 1005, 1, 1, 101, 201, 1, 453, '2025-02-26 10:00:00', '2025-02-26 11:00:00', '2025-02-27 09:00:00', 13.489013, 74.660287, 'Tenetur dolores sit delectus animi laudantium aliquam quod quaerat sed dicta culpa ducimus consequatur nemo.');
INSERT INTO ComplainantDetails VALUES (20045, 10045, 'Aarna Oza', 57, 1, 1, 1, 1);
INSERT INTO Victim VALUES (30045, 10045, 'Harini Rastogi', 26, 1, '0');
INSERT INTO Accused VALUES (40045, 10045, 'Fitan Om', 39, 1, 'A1');
INSERT INTO ActSectionAssociation VALUES (10045, 'IPC', '302', 1, 1);
INSERT INTO CaseMaster VALUES (10046, '304451002202300046', '202300046', '2024-01-06', 5003, 1002, 3, 1, 101, 201, 1, 455, '2024-01-01 10:00:00', '2024-01-01 11:00:00', '2024-01-06 09:00:00', 14.19193, 77.794001, 'Inventore soluta animi ducimus sed eaque amet voluptate magnam velit fugit explicabo ratione reiciendis asperiores debitis optio vel iste voluptatem.');
INSERT INTO ComplainantDetails VALUES (20046, 10046, 'Jason Mani', 48, 1, 1, 1, 1);
INSERT INTO Victim VALUES (30046, 10046, 'Ekansh Sami', 35, 1, '0');
INSERT INTO Accused VALUES (40046, 10046, 'Yug Natt', 44, 1, 'A1');
INSERT INTO ActSectionAssociation VALUES (10046, 'IPC', '302', 1, 1);
INSERT INTO ArrestSurrender VALUES (50046, 10046, 1, '2024-01-06', 29, 445, 1002, 5003, 455, 40046, 1, 0);
INSERT INTO CaseMaster VALUES (10047, '104451003202500047', '202500047', '2024-04-29', 5036, 1003, 1, 1, 101, 201, 1, 455, '2024-04-29 10:00:00', '2024-04-29 11:00:00', '2024-04-29 09:00:00', 14.101068, 75.702948, 'Rem alias culpa inventore sequi blanditiis rerum at beatae doloremque eligendi.');
INSERT INTO ComplainantDetails VALUES (20047, 10047, 'Abha Gandhi', 20, 1, 1, 1, 1);
INSERT INTO Victim VALUES (30047, 10047, 'Forum Lalla', 39, 1, '0');
INSERT INTO Accused VALUES (40047, 10047, 'Aarav Pandey', 42, 1, 'A1');
INSERT INTO ActSectionAssociation VALUES (10047, 'IPC', '302', 1, 1);
INSERT INTO CaseMaster VALUES (10048, '304451003202600048', '202600048', '2026-05-19', 5026, 1003, 3, 1, 101, 201, 1, 455, '2026-05-15 10:00:00', '2026-05-15 11:00:00', '2026-05-19 09:00:00', 15.062705, 75.689863, 'Saepe quam odit saepe labore autem mollitia voluptatem delectus provident alias voluptas voluptatibus distinctio animi doloribus.');
INSERT INTO ComplainantDetails VALUES (20048, 10048, 'Qabil Krishna', 58, 1, 1, 1, 1);
INSERT INTO Victim VALUES (30048, 10048, 'Shravya Vyas', 43, 1, '0');
INSERT INTO Accused VALUES (40048, 10048, 'Upadhriti Basu', 50, 1, 'A1');
INSERT INTO ActSectionAssociation VALUES (10048, 'IPC', '302', 1, 1);
INSERT INTO ArrestSurrender VALUES (50048, 10048, 1, '2026-05-19', 29, 445, 1003, 5026, 455, 40048, 1, 0);
INSERT INTO CaseMaster VALUES (10049, '104431005202300049', '202300049', '2025-10-27', 5011, 1005, 1, 1, 101, 201, 1, 453, '2025-10-25 10:00:00', '2025-10-25 11:00:00', '2025-10-27 09:00:00', 15.645455, 75.575304, 'Laudantium nulla aut quisquam nemo architecto quisquam itaque cupiditate recusandae quae aperiam expedita quibusdam minima omnis quas iure sint sed.');
INSERT INTO ComplainantDetails VALUES (20049, 10049, 'Arin Sarna', 32, 1, 1, 1, 1);
INSERT INTO Victim VALUES (30049, 10049, 'Chanakya Ramesh', 70, 1, '0');
INSERT INTO Accused VALUES (40049, 10049, 'Kabir Desai', 32, 1, 'A1');
INSERT INTO ActSectionAssociation VALUES (10049, 'IPC', '302', 1, 1);
INSERT INTO CaseMaster VALUES (10050, '304431005202300050', '202300050', '2024-06-15', 5013, 1005, 3, 1, 101, 201, 1, 453, '2024-06-15 10:00:00', '2024-06-15 11:00:00', '2024-06-15 09:00:00', 12.03977, 75.044189, 'Quam deleniti minus aliquid nulla doloremque suscipit officia dicta fugiat ab qui modi omnis a unde voluptatem.');
INSERT INTO ComplainantDetails VALUES (20050, 10050, 'Pranav Ram', 59, 1, 1, 1, 1);
INSERT INTO Victim VALUES (30050, 10050, 'Samuel Korpal', 38, 1, '0');
INSERT INTO Accused VALUES (40050, 10050, 'Vrinda Krishnan', 49, 1, 'A1');
INSERT INTO ActSectionAssociation VALUES (10050, 'IPC', '302', 1, 1);
INSERT INTO CaseMaster VALUES (10051, '104441008202600051', '202600051', '2026-07-10', 5041, 1008, 1, 1, 101, 201, 1, 454, '2026-07-08 10:00:00', '2026-07-08 11:00:00', '2026-07-10 09:00:00', 15.351953, 77.835464, 'Consectetur earum aut sint repudiandae quos facilis eius laudantium quasi dolores fugiat eaque ipsa.');
INSERT INTO ComplainantDetails VALUES (20051, 10051, 'Liam Subramaniam', 57, 1, 1, 1, 1);
INSERT INTO Victim VALUES (30051, 10051, 'Januja Buch', 49, 1, '0');
INSERT INTO Accused VALUES (40051, 10051, 'Nidhi Krishnamurthy', 53, 1, 'A1');
INSERT INTO ActSectionAssociation VALUES (10051, 'IPC', '302', 1, 1);
INSERT INTO ArrestSurrender VALUES (50051, 10051, 1, '2026-07-10', 29, 444, 1008, 5041, 454, 40051, 1, 0);
INSERT INTO CaseMaster VALUES (10052, '104451002202600052', '202600052', '2024-11-19', 5034, 1002, 1, 1, 101, 201, 1, 455, '2024-11-18 10:00:00', '2024-11-18 11:00:00', '2024-11-19 09:00:00', 17.344695, 76.546589, 'Quos odit quas qui totam nesciunt fugit delectus id perspiciatis id.');
INSERT INTO ComplainantDetails VALUES (20052, 10052, 'Reva Bala', 35, 1, 1, 1, 1);
INSERT INTO Victim VALUES (30052, 10052, 'Jeet Merchant', 62, 1, '0');
INSERT INTO Accused VALUES (40052, 10052, 'Raghav Pillai', 54, 1, 'A1');
INSERT INTO ActSectionAssociation VALUES (10052, 'IPC', '302', 1, 1);
INSERT INTO ArrestSurrender VALUES (50052, 10052, 1, '2024-11-19', 29, 445, 1002, 5034, 455, 40052, 1, 0);
INSERT INTO CaseMaster VALUES (10053, '304431005202600053', '202600053', '2024-10-16', 5007, 1005, 3, 1, 101, 201, 1, 453, '2024-10-13 10:00:00', '2024-10-13 11:00:00', '2024-10-16 09:00:00', 14.032892, 75.514263, 'Fugit iure fuga illum ipsam aspernatur consequatur quia repellendus repudiandae est.');
INSERT INTO ComplainantDetails VALUES (20053, 10053, 'Praneel Pathak', 40, 1, 1, 1, 1);
INSERT INTO Victim VALUES (30053, 10053, 'Manbir Kade', 33, 1, '0');
INSERT INTO Accused VALUES (40053, 10053, 'Urmi Ganesh', 51, 1, 'A1');
INSERT INTO ActSectionAssociation VALUES (10053, 'IPC', '302', 1, 1);
INSERT INTO CaseMaster VALUES (10054, '304451003202600054', '202600054', '2023-12-16', 5004, 1003, 3, 1, 101, 201, 1, 455, '2023-12-11 10:00:00', '2023-12-11 11:00:00', '2023-12-16 09:00:00', 13.448054, 76.565636, 'Ad amet laboriosam totam inventore impedit quisquam iste commodi nemo dolor.');
INSERT INTO ComplainantDetails VALUES (20054, 10054, 'Amol Sidhu', 33, 1, 1, 1, 1);
INSERT INTO Victim VALUES (30054, 10054, 'Jairaj Tara', 30, 1, '0');
INSERT INTO Accused VALUES (40054, 10054, 'Vasatika Mishra', 28, 1, 'A1');
INSERT INTO ActSectionAssociation VALUES (10054, 'IPC', '302', 1, 1);
INSERT INTO ArrestSurrender VALUES (50054, 10054, 1, '2023-12-16', 29, 445, 1003, 5004, 455, 40054, 1, 0);
INSERT INTO CaseMaster VALUES (10055, '304451002202600055', '202600055', '2026-03-28', 5015, 1002, 3, 1, 101, 201, 1, 455, '2026-03-25 10:00:00', '2026-03-25 11:00:00', '2026-03-28 09:00:00', 16.982381, 75.836332, 'Necessitatibus provident at corrupti error provident eum est ex dolore ea illum inventore fuga reiciendis quia.');
INSERT INTO ComplainantDetails VALUES (20055, 10055, 'Wyatt Babu', 56, 1, 1, 1, 1);
INSERT INTO Victim VALUES (30055, 10055, 'Rajata Barad', 62, 1, '0');
INSERT INTO Accused VALUES (40055, 10055, 'Daksha Gara', 48, 1, 'A1');
INSERT INTO ActSectionAssociation VALUES (10055, 'IPC', '302', 1, 1);
INSERT INTO CaseMaster VALUES (10056, '104441006202400056', '202400056', '2024-05-11', 5009, 1006, 1, 1, 101, 201, 1, 454, '2024-05-07 10:00:00', '2024-05-07 11:00:00', '2024-05-11 09:00:00', 15.624242, 75.411523, 'Quod amet tempore non voluptatem a sit beatae dicta reprehenderit recusandae illum error commodi temporibus cumque tenetur ex in ipsa sunt.');
INSERT INTO ComplainantDetails VALUES (20056, 10056, 'Samesh Dalal', 49, 1, 1, 1, 1);
INSERT INTO Victim VALUES (30056, 10056, 'Damini Iyer', 42, 1, '0');
INSERT INTO Accused VALUES (40056, 10056, 'Pratyush Kale', 29, 1, 'A1');
INSERT INTO ActSectionAssociation VALUES (10056, 'IPC', '302', 1, 1);
INSERT INTO CaseMaster VALUES (10057, '304451002202600057', '202600057', '2025-08-11', 5038, 1002, 3, 1, 101, 201, 1, 455, '2025-08-07 10:00:00', '2025-08-07 11:00:00', '2025-08-11 09:00:00', 12.496398, 76.780207, 'Tempore animi illo enim eos quis eligendi fugit sed quisquam velit sed blanditiis nam cumque harum aliquam repellendus commodi animi officiis.');
INSERT INTO ComplainantDetails VALUES (20057, 10057, 'Rehaan Kakar', 25, 1, 1, 1, 1);
INSERT INTO Victim VALUES (30057, 10057, 'Robert Pillai', 59, 1, '0');
INSERT INTO Accused VALUES (40057, 10057, 'Zayyan Oza', 24, 1, 'A1');
INSERT INTO ActSectionAssociation VALUES (10057, 'IPC', '302', 1, 1);
INSERT INTO CaseMaster VALUES (10058, '304441008202300058', '202300058', '2024-10-12', 5032, 1008, 3, 1, 101, 201, 1, 454, '2024-10-11 10:00:00', '2024-10-11 11:00:00', '2024-10-12 09:00:00', 13.560478, 76.486004, 'Beatae temporibus voluptates quae repellat molestias cumque magnam rem accusamus ut occaecati illum.');
INSERT INTO ComplainantDetails VALUES (20058, 10058, 'Nachiket Biswas', 27, 1, 1, 1, 1);
INSERT INTO Victim VALUES (30058, 10058, 'Ati Chawla', 26, 1, '0');
INSERT INTO Accused VALUES (40058, 10058, 'Girindra Kant', 28, 1, 'A1');
INSERT INTO ActSectionAssociation VALUES (10058, 'IPC', '302', 1, 1);
INSERT INTO ArrestSurrender VALUES (50058, 10058, 1, '2024-10-12', 29, 444, 1008, 5032, 454, 40058, 1, 0);
INSERT INTO CaseMaster VALUES (10059, '104451010202600059', '202600059', '2024-05-17', 5012, 1010, 1, 1, 101, 201, 1, 455, '2024-05-14 10:00:00', '2024-05-14 11:00:00', '2024-05-17 09:00:00', 12.79151, 75.43866, 'Quod consectetur numquam accusamus eius eos porro aspernatur accusantium quia officiis perspiciatis cumque quis consequuntur ea officia eveniet animi tempore nobis.');
INSERT INTO ComplainantDetails VALUES (20059, 10059, 'Logan Kant', 32, 1, 1, 1, 1);
INSERT INTO Victim VALUES (30059, 10059, 'Ati Batta', 51, 1, '0');
INSERT INTO Accused VALUES (40059, 10059, 'Mason Gade', 42, 1, 'A1');
INSERT INTO ActSectionAssociation VALUES (10059, 'IPC', '302', 1, 1);
INSERT INTO CaseMaster VALUES (10060, '104431005202600060', '202600060', '2025-11-02', 5032, 1005, 1, 1, 101, 201, 1, 453, '2025-11-02 10:00:00', '2025-11-02 11:00:00', '2025-11-02 09:00:00', 15.755085, 75.493855, 'Nihil doloremque mollitia cum amet deserunt veritatis quo rerum officiis atque.');
INSERT INTO ComplainantDetails VALUES (20060, 10060, 'Yasti Thaman', 44, 1, 1, 1, 1);
INSERT INTO Victim VALUES (30060, 10060, 'Samarth Oza', 43, 1, '0');
INSERT INTO Accused VALUES (40060, 10060, 'Balendra Bumb', 52, 1, 'A1');
INSERT INTO ActSectionAssociation VALUES (10060, 'IPC', '302', 1, 1);
INSERT INTO ArrestSurrender VALUES (50060, 10060, 1, '2025-11-02', 29, 443, 1005, 5032, 453, 40060, 1, 0);
INSERT INTO CaseMaster VALUES (10061, '304451003202400061', '202400061', '2024-05-12', 5046, 1003, 3, 1, 101, 201, 1, 455, '2024-05-11 10:00:00', '2024-05-11 11:00:00', '2024-05-12 09:00:00', 16.73164, 76.804267, 'Nostrum rem veniam animi quis magni illo explicabo odio voluptas nihil totam sed nostrum.');
INSERT INTO ComplainantDetails VALUES (20061, 10061, 'Samarth Nayak', 36, 1, 1, 1, 1);
INSERT INTO Victim VALUES (30061, 10061, 'Agastya Koshy', 58, 1, '0');
INSERT INTO Accused VALUES (40061, 10061, 'Vidhi Dora', 20, 1, 'A1');
INSERT INTO ActSectionAssociation VALUES (10061, 'IPC', '302', 1, 1);
INSERT INTO ArrestSurrender VALUES (50061, 10061, 1, '2024-05-12', 29, 445, 1003, 5046, 455, 40061, 1, 0);
INSERT INTO CaseMaster VALUES (10062, '304451001202600062', '202600062', '2023-10-30', 5044, 1001, 3, 1, 101, 201, 1, 455, '2023-10-27 10:00:00', '2023-10-27 11:00:00', '2023-10-30 09:00:00', 14.10771, 74.124247, 'Illo beatae sunt placeat veniam corrupti culpa animi veritatis a ullam qui vitae eligendi doloremque voluptatibus doloribus aperiam eligendi voluptate laboriosam.');
INSERT INTO ComplainantDetails VALUES (20062, 10062, 'Maanas Palla', 32, 1, 1, 1, 1);
INSERT INTO Victim VALUES (30062, 10062, 'Naksh Chhabra', 61, 1, '0');
INSERT INTO Accused VALUES (40062, 10062, 'Harrison Goel', 49, 1, 'A1');
INSERT INTO ActSectionAssociation VALUES (10062, 'IPC', '302', 1, 1);
INSERT INTO CaseMaster VALUES (10063, '304441009202300063', '202300063', '2025-07-11', 5025, 1009, 3, 1, 101, 201, 1, 454, '2025-07-06 10:00:00', '2025-07-06 11:00:00', '2025-07-11 09:00:00', 14.275002, 77.125585, 'Molestias labore quasi quam vitae optio veniam velit quasi ut culpa id ex repudiandae alias incidunt.');
INSERT INTO ComplainantDetails VALUES (20063, 10063, 'Gagan Peri', 45, 1, 1, 1, 1);
INSERT INTO Victim VALUES (30063, 10063, 'Wyatt Goyal', 57, 1, '0');
INSERT INTO Accused VALUES (40063, 10063, 'Shravya Dara', 34, 1, 'A1');
INSERT INTO ActSectionAssociation VALUES (10063, 'IPC', '302', 1, 1);
INSERT INTO CaseMaster VALUES (10064, '304441009202600064', '202600064', '2025-11-07', 5042, 1009, 3, 1, 101, 201, 1, 454, '2025-11-02 10:00:00', '2025-11-02 11:00:00', '2025-11-07 09:00:00', 15.951869, 74.585455, 'Natus corporis nisi voluptatum quae voluptatum aliquam similique veniam harum ex consectetur porro sapiente voluptatibus ex impedit nisi.');
INSERT INTO ComplainantDetails VALUES (20064, 10064, 'Parth Sekhon', 50, 1, 1, 1, 1);
INSERT INTO Victim VALUES (30064, 10064, 'Mahika De', 32, 1, '0');
INSERT INTO Accused VALUES (40064, 10064, 'Aarav Tripathi', 42, 1, 'A1');
INSERT INTO ActSectionAssociation VALUES (10064, 'IPC', '302', 1, 1);
INSERT INTO CaseMaster VALUES (10065, '104431004202400065', '202400065', '2024-02-27', 5029, 1004, 1, 1, 101, 201, 1, 453, '2024-02-25 10:00:00', '2024-02-25 11:00:00', '2024-02-27 09:00:00', 15.227729, 76.176933, 'Debitis assumenda quibusdam dignissimos pariatur quae vitae ut facere corporis nam accusantium nulla assumenda repudiandae quidem.');
INSERT INTO ComplainantDetails VALUES (20065, 10065, 'Faras Ravi', 35, 1, 1, 1, 1);
INSERT INTO Victim VALUES (30065, 10065, 'Anita Shukla', 52, 1, '0');
INSERT INTO Accused VALUES (40065, 10065, 'Xavier Sidhu', 26, 1, 'A1');
INSERT INTO ActSectionAssociation VALUES (10065, 'IPC', '302', 1, 1);
INSERT INTO CaseMaster VALUES (10066, '304431004202500066', '202500066', '2023-11-05', 5013, 1004, 3, 1, 101, 201, 1, 453, '2023-10-31 10:00:00', '2023-10-31 11:00:00', '2023-11-05 09:00:00', 15.917739, 75.330726, 'Eaque eligendi consequatur esse magnam nesciunt eum tempore occaecati.');
INSERT INTO ComplainantDetails VALUES (20066, 10066, 'Ekavir Purohit', 30, 1, 1, 1, 1);
INSERT INTO Victim VALUES (30066, 10066, 'Oliver Choudhary', 55, 1, '0');
INSERT INTO Accused VALUES (40066, 10066, 'Qasim Shah', 29, 1, 'A1');
INSERT INTO ActSectionAssociation VALUES (10066, 'IPC', '302', 1, 1);
INSERT INTO CaseMaster VALUES (10067, '304451001202500067', '202500067', '2024-11-06', 5047, 1001, 3, 1, 101, 201, 1, 455, '2024-11-01 10:00:00', '2024-11-01 11:00:00', '2024-11-06 09:00:00', 13.534007, 74.197587, 'Quis iste iste incidunt fuga ullam voluptatum exercitationem dicta eligendi quo.');
INSERT INTO ComplainantDetails VALUES (20067, 10067, 'Banjeet Bedi', 42, 1, 1, 1, 1);
INSERT INTO Victim VALUES (30067, 10067, 'Kashvi Prashad', 57, 1, '0');
INSERT INTO Accused VALUES (40067, 10067, 'Gayathri Merchant', 43, 1, 'A1');
INSERT INTO ActSectionAssociation VALUES (10067, 'IPC', '302', 1, 1);
INSERT INTO CaseMaster VALUES (10068, '104451010202400068', '202400068', '2024-12-13', 5003, 1010, 1, 1, 101, 201, 1, 455, '2024-12-10 10:00:00', '2024-12-10 11:00:00', '2024-12-13 09:00:00', 16.980343, 74.54918, 'Sunt nobis reprehenderit laboriosam temporibus consequatur facilis amet eum.');
INSERT INTO ComplainantDetails VALUES (20068, 10068, 'Gauri Grover', 27, 1, 1, 1, 1);
INSERT INTO Victim VALUES (30068, 10068, 'Yahvi Bora', 24, 1, '0');
INSERT INTO Accused VALUES (40068, 10068, 'Neelima Vora', 45, 1, 'A1');
INSERT INTO ActSectionAssociation VALUES (10068, 'IPC', '302', 1, 1);
INSERT INTO ArrestSurrender VALUES (50068, 10068, 1, '2024-12-13', 29, 445, 1010, 5003, 455, 40068, 1, 0);
INSERT INTO CaseMaster VALUES (10069, '104451003202400069', '202400069', '2025-08-01', 5009, 1003, 1, 1, 101, 201, 1, 455, '2025-07-30 10:00:00', '2025-07-30 11:00:00', '2025-08-01 09:00:00', 17.681443, 75.068889, 'Dolorum mollitia porro maxime quidem ipsum esse possimus possimus neque magni sint voluptates dolores ipsa dolore aliquid nesciunt.');
INSERT INTO ComplainantDetails VALUES (20069, 10069, 'Pallavi Loyal', 43, 1, 1, 1, 1);
INSERT INTO Victim VALUES (30069, 10069, 'Ayaan Krishnamurthy', 21, 1, '0');
INSERT INTO Accused VALUES (40069, 10069, 'Zilmil Kamdar', 29, 1, 'A1');
INSERT INTO ActSectionAssociation VALUES (10069, 'IPC', '302', 1, 1);
INSERT INTO ArrestSurrender VALUES (50069, 10069, 1, '2025-08-01', 29, 445, 1003, 5009, 455, 40069, 1, 0);
INSERT INTO CaseMaster VALUES (10070, '104431005202300070', '202300070', '2025-12-06', 5026, 1005, 1, 1, 101, 201, 1, 453, '2025-12-03 10:00:00', '2025-12-03 11:00:00', '2025-12-06 09:00:00', 17.733141, 76.232861, 'Est illum voluptatibus doloremque enim dicta quis dolorum quos libero atque consequuntur fuga soluta illo praesentium.');
INSERT INTO ComplainantDetails VALUES (20070, 10070, 'Yadavi Aggarwal', 35, 1, 1, 1, 1);
INSERT INTO Victim VALUES (30070, 10070, 'Divya Dhar', 59, 1, '0');
INSERT INTO Accused VALUES (40070, 10070, 'Timothy Pandey', 23, 1, 'A1');
INSERT INTO ActSectionAssociation VALUES (10070, 'IPC', '302', 1, 1);
INSERT INTO ArrestSurrender VALUES (50070, 10070, 1, '2025-12-06', 29, 443, 1005, 5026, 453, 40070, 1, 0);
INSERT INTO CaseMaster VALUES (10071, '104451002202400071', '202400071', '2025-05-29', 5028, 1002, 1, 1, 101, 201, 1, 455, '2025-05-27 10:00:00', '2025-05-27 11:00:00', '2025-05-29 09:00:00', 12.781672, 77.971322, 'Repellat numquam soluta id quos ex explicabo aliquam alias at accusamus accusantium impedit neque at minus.');
INSERT INTO ComplainantDetails VALUES (20071, 10071, 'Ekavir Balakrishnan', 50, 1, 1, 1, 1);
INSERT INTO Victim VALUES (30071, 10071, 'Hritik Khurana', 48, 1, '0');
INSERT INTO Accused VALUES (40071, 10071, 'Ranveer Oommen', 47, 1, 'A1');
INSERT INTO ActSectionAssociation VALUES (10071, 'IPC', '302', 1, 1);
INSERT INTO ArrestSurrender VALUES (50071, 10071, 1, '2025-05-29', 29, 445, 1002, 5028, 455, 40071, 1, 0);
INSERT INTO CaseMaster VALUES (10072, '104451010202600072', '202600072', '2025-08-27', 5032, 1010, 1, 1, 101, 201, 1, 455, '2025-08-26 10:00:00', '2025-08-26 11:00:00', '2025-08-27 09:00:00', 17.892975, 75.594136, 'Non id iure quod labore ut sit amet ad temporibus nisi facere sapiente corrupti recusandae saepe aut suscipit blanditiis.');
INSERT INTO ComplainantDetails VALUES (20072, 10072, 'Tanay Mahal', 47, 1, 1, 1, 1);
INSERT INTO Victim VALUES (30072, 10072, 'Upasna Shukla', 47, 1, '0');
INSERT INTO Accused VALUES (40072, 10072, 'Baghyawati Dass', 41, 1, 'A1');
INSERT INTO ActSectionAssociation VALUES (10072, 'IPC', '302', 1, 1);
INSERT INTO ArrestSurrender VALUES (50072, 10072, 1, '2025-08-27', 29, 445, 1010, 5032, 455, 40072, 1, 0);
INSERT INTO CaseMaster VALUES (10073, '304441006202500073', '202500073', '2025-01-06', 5017, 1006, 3, 1, 101, 201, 1, 454, '2025-01-02 10:00:00', '2025-01-02 11:00:00', '2025-01-06 09:00:00', 17.406416, 74.869594, 'Officia quisquam non possimus laudantium nulla tempora eligendi magni culpa distinctio rem cumque non vero beatae dolore dicta voluptatem eius.');
INSERT INTO ComplainantDetails VALUES (20073, 10073, 'Krish Sinha', 41, 1, 1, 1, 1);
INSERT INTO Victim VALUES (30073, 10073, 'Janaki Solanki', 55, 1, '0');
INSERT INTO Accused VALUES (40073, 10073, 'Sai Sen', 19, 1, 'A1');
INSERT INTO ActSectionAssociation VALUES (10073, 'IPC', '302', 1, 1);
INSERT INTO CaseMaster VALUES (10074, '104451010202400074', '202400074', '2025-12-12', 5021, 1010, 1, 1, 101, 201, 1, 455, '2025-12-08 10:00:00', '2025-12-08 11:00:00', '2025-12-12 09:00:00', 13.469835, 76.796666, 'Nesciunt eligendi odit soluta sed voluptatibus corporis eos vitae quam eligendi.');
INSERT INTO ComplainantDetails VALUES (20074, 10074, 'Naksh Narasimhan', 54, 1, 1, 1, 1);
INSERT INTO Victim VALUES (30074, 10074, 'Yashvi Kari', 20, 1, '0');
INSERT INTO Accused VALUES (40074, 10074, 'Chaman Ganguly', 36, 1, 'A1');
INSERT INTO ActSectionAssociation VALUES (10074, 'IPC', '302', 1, 1);
INSERT INTO ArrestSurrender VALUES (50074, 10074, 1, '2025-12-12', 29, 445, 1010, 5021, 455, 40074, 1, 0);
INSERT INTO CaseMaster VALUES (10075, '304441006202600075', '202600075', '2025-12-29', 5013, 1006, 3, 1, 101, 201, 1, 454, '2025-12-29 10:00:00', '2025-12-29 11:00:00', '2025-12-29 09:00:00', 13.595316, 76.138656, 'Nostrum enim ratione voluptatem praesentium nihil officia fugit voluptate aliquam iure aliquam aliquid cupiditate suscipit eos quo perferendis.');
INSERT INTO ComplainantDetails VALUES (20075, 10075, 'Avni Gill', 35, 1, 1, 1, 1);
INSERT INTO Victim VALUES (30075, 10075, 'Ijaya Wali', 44, 1, '0');
INSERT INTO Accused VALUES (40075, 10075, 'Lajita Solanki', 26, 1, 'A1');
INSERT INTO ActSectionAssociation VALUES (10075, 'IPC', '302', 1, 1);
INSERT INTO CaseMaster VALUES (10076, '104431007202400076', '202400076', '2025-12-16', 5003, 1007, 1, 1, 101, 201, 1, 453, '2025-12-11 10:00:00', '2025-12-11 11:00:00', '2025-12-16 09:00:00', 15.582762, 75.768399, 'Aliquam veniam assumenda saepe error labore labore porro ducimus.');
INSERT INTO ComplainantDetails VALUES (20076, 10076, 'Aarav Gera', 38, 1, 1, 1, 1);
INSERT INTO Victim VALUES (30076, 10076, 'Neelima Raja', 68, 1, '0');
INSERT INTO Accused VALUES (40076, 10076, 'Tarak Deo', 19, 1, 'A1');
INSERT INTO ActSectionAssociation VALUES (10076, 'IPC', '302', 1, 1);
INSERT INTO CaseMaster VALUES (10077, '304451001202400077', '202400077', '2026-04-20', 5010, 1001, 3, 1, 101, 201, 1, 455, '2026-04-17 10:00:00', '2026-04-17 11:00:00', '2026-04-20 09:00:00', 12.319809, 74.055407, 'Iste sequi debitis necessitatibus ex ab ducimus autem officiis natus reiciendis maxime est animi corrupti.');
INSERT INTO ComplainantDetails VALUES (20077, 10077, 'Balendra Taneja', 21, 1, 1, 1, 1);
INSERT INTO Victim VALUES (30077, 10077, 'Jagrati Golla', 31, 1, '0');
INSERT INTO Accused VALUES (40077, 10077, 'Forum Manda', 30, 1, 'A1');
INSERT INTO ActSectionAssociation VALUES (10077, 'IPC', '302', 1, 1);
INSERT INTO ArrestSurrender VALUES (50077, 10077, 1, '2026-04-20', 29, 445, 1001, 5010, 455, 40077, 1, 0);
INSERT INTO CaseMaster VALUES (10078, '304451003202600078', '202600078', '2025-04-13', 5037, 1003, 3, 1, 101, 201, 1, 455, '2025-04-08 10:00:00', '2025-04-08 11:00:00', '2025-04-13 09:00:00', 12.389493, 75.128448, 'Nisi laborum voluptate nemo voluptatum eos repellat incidunt nostrum temporibus architecto cum nesciunt cupiditate repellendus nemo quo sit itaque ullam.');
INSERT INTO ComplainantDetails VALUES (20078, 10078, 'Ladli Shah', 24, 1, 1, 1, 1);
INSERT INTO Victim VALUES (30078, 10078, 'Logan Purohit', 26, 1, '0');
INSERT INTO Accused VALUES (40078, 10078, 'Tanveer Deshmukh', 20, 1, 'A1');
INSERT INTO ActSectionAssociation VALUES (10078, 'IPC', '302', 1, 1);
INSERT INTO CaseMaster VALUES (10079, '304441006202400079', '202400079', '2024-10-29', 5030, 1006, 3, 1, 101, 201, 1, 454, '2024-10-28 10:00:00', '2024-10-28 11:00:00', '2024-10-29 09:00:00', 17.284113, 76.335259, 'Pariatur quisquam voluptas autem exercitationem molestias deleniti ipsum alias.');
INSERT INTO ComplainantDetails VALUES (20079, 10079, 'Indira Mital', 45, 1, 1, 1, 1);
INSERT INTO Victim VALUES (30079, 10079, 'Nimrat Ram', 52, 1, '0');
INSERT INTO Accused VALUES (40079, 10079, 'Samaksh Anne', 53, 1, 'A1');
INSERT INTO ActSectionAssociation VALUES (10079, 'IPC', '302', 1, 1);
INSERT INTO CaseMaster VALUES (10080, '304431005202600080', '202600080', '2025-09-05', 5029, 1005, 3, 1, 101, 201, 1, 453, '2025-09-04 10:00:00', '2025-09-04 11:00:00', '2025-09-05 09:00:00', 16.477133, 75.351122, 'Iure nobis fugit qui perspiciatis impedit exercitationem maxime excepturi eligendi laudantium.');
INSERT INTO ComplainantDetails VALUES (20080, 10080, 'Jagdish Gera', 27, 1, 1, 1, 1);
INSERT INTO Victim VALUES (30080, 10080, 'Mohammed Narain', 63, 1, '0');
INSERT INTO Accused VALUES (40080, 10080, 'Jeremiah Sachdev', 33, 1, 'A1');
INSERT INTO ActSectionAssociation VALUES (10080, 'IPC', '302', 1, 1);
INSERT INTO CaseMaster VALUES (10081, '104431005202500081', '202500081', '2025-09-03', 5009, 1005, 1, 1, 101, 201, 1, 453, '2025-09-03 10:00:00', '2025-09-03 11:00:00', '2025-09-03 09:00:00', 17.331299, 75.737935, 'Quibusdam repellendus eos quos odio cupiditate deleniti dolorum iure delectus animi officiis non ad nobis fugiat est at rerum libero.');
INSERT INTO ComplainantDetails VALUES (20081, 10081, 'Amruta Lall', 50, 1, 1, 1, 1);
INSERT INTO Victim VALUES (30081, 10081, 'Darsh Maharaj', 37, 1, '0');
INSERT INTO Accused VALUES (40081, 10081, 'Qabil Rastogi', 29, 1, 'A1');
INSERT INTO ActSectionAssociation VALUES (10081, 'IPC', '302', 1, 1);
INSERT INTO ArrestSurrender VALUES (50081, 10081, 1, '2025-09-03', 29, 443, 1005, 5009, 453, 40081, 1, 0);
INSERT INTO CaseMaster VALUES (10082, '104431005202300082', '202300082', '2024-01-07', 5027, 1005, 1, 1, 101, 201, 1, 453, '2024-01-07 10:00:00', '2024-01-07 11:00:00', '2024-01-07 09:00:00', 13.170132, 74.908107, 'Quidem cum aperiam velit voluptatibus fuga dolore ducimus unde blanditiis eligendi omnis ullam iste placeat alias earum laborum.');
INSERT INTO ComplainantDetails VALUES (20082, 10082, 'Vedant Jayaraman', 49, 1, 1, 1, 1);
INSERT INTO Victim VALUES (30082, 10082, 'Forum Pradhan', 70, 1, '0');
INSERT INTO Accused VALUES (40082, 10082, 'Joshua Mitter', 33, 1, 'A1');
INSERT INTO ActSectionAssociation VALUES (10082, 'IPC', '302', 1, 1);
INSERT INTO CaseMaster VALUES (10083, '304451010202600083', '202600083', '2024-08-23', 5049, 1010, 3, 1, 101, 201, 1, 455, '2024-08-18 10:00:00', '2024-08-18 11:00:00', '2024-08-23 09:00:00', 17.703953, 75.558654, 'Deleniti enim labore quae debitis ab expedita quia est odio quos dignissimos.');
INSERT INTO ComplainantDetails VALUES (20083, 10083, 'Ijaya Nayak', 56, 1, 1, 1, 1);
INSERT INTO Victim VALUES (30083, 10083, 'Krish Mand', 56, 1, '0');
INSERT INTO Accused VALUES (40083, 10083, 'Simon Oommen', 31, 1, 'A1');
INSERT INTO ActSectionAssociation VALUES (10083, 'IPC', '302', 1, 1);
INSERT INTO ArrestSurrender VALUES (50083, 10083, 1, '2024-08-23', 29, 445, 1010, 5049, 455, 40083, 1, 0);
INSERT INTO CaseMaster VALUES (10084, '304451001202600084', '202600084', '2026-01-06', 5011, 1001, 3, 1, 101, 201, 1, 455, '2026-01-06 10:00:00', '2026-01-06 11:00:00', '2026-01-06 09:00:00', 13.959162, 76.356509, 'Sed rerum quis omnis dignissimos repellendus corporis voluptate explicabo mollitia ex at fugit.');
INSERT INTO ComplainantDetails VALUES (20084, 10084, 'Liam Memon', 49, 1, 1, 1, 1);
INSERT INTO Victim VALUES (30084, 10084, 'Keya Mandal', 68, 1, '0');
INSERT INTO Accused VALUES (40084, 10084, 'Nandini Jhaveri', 43, 1, 'A1');
INSERT INTO ActSectionAssociation VALUES (10084, 'IPC', '302', 1, 1);
INSERT INTO CaseMaster VALUES (10085, '304431004202600085', '202600085', '2024-03-04', 5043, 1004, 3, 1, 101, 201, 1, 453, '2024-02-29 10:00:00', '2024-02-29 11:00:00', '2024-03-04 09:00:00', 16.653363, 77.605931, 'Sed doloremque consectetur veniam eius culpa repellendus provident tempora unde.');
INSERT INTO ComplainantDetails VALUES (20085, 10085, 'Urishilla Vyas', 30, 1, 1, 1, 1);
INSERT INTO Victim VALUES (30085, 10085, 'Zilmil Kulkarni', 40, 1, '0');
INSERT INTO Accused VALUES (40085, 10085, 'Isha Ratti', 47, 1, 'A1');
INSERT INTO ActSectionAssociation VALUES (10085, 'IPC', '302', 1, 1);
INSERT INTO ArrestSurrender VALUES (50085, 10085, 1, '2024-03-04', 29, 443, 1004, 5043, 453, 40085, 1, 0);
INSERT INTO CaseMaster VALUES (10086, '304451010202300086', '202300086', '2026-04-21', 5003, 1010, 3, 1, 101, 201, 1, 455, '2026-04-21 10:00:00', '2026-04-21 11:00:00', '2026-04-21 09:00:00', 15.717343, 77.299423, 'Esse praesentium quaerat dolore praesentium optio ratione mollitia porro.');
INSERT INTO ComplainantDetails VALUES (20086, 10086, 'Watika Majumdar', 46, 1, 1, 1, 1);
INSERT INTO Victim VALUES (30086, 10086, 'Falguni Gola', 20, 1, '0');
INSERT INTO Accused VALUES (40086, 10086, 'Girish Bhasin', 18, 1, 'A1');
INSERT INTO ActSectionAssociation VALUES (10086, 'IPC', '302', 1, 1);
INSERT INTO CaseMaster VALUES (10087, '304431005202500087', '202500087', '2025-11-10', 5025, 1005, 3, 1, 101, 201, 1, 453, '2025-11-10 10:00:00', '2025-11-10 11:00:00', '2025-11-10 09:00:00', 12.340993, 76.622, 'Animi doloribus porro dolore odit nisi quos ducimus sequi temporibus harum minima totam nisi unde odit illo voluptatem a.');
INSERT INTO ComplainantDetails VALUES (20087, 10087, 'Faraj Krishnan', 40, 1, 1, 1, 1);
INSERT INTO Victim VALUES (30087, 10087, 'Charvi Mitra', 51, 1, '0');
INSERT INTO Accused VALUES (40087, 10087, 'Ojas Purohit', 38, 1, 'A1');
INSERT INTO ActSectionAssociation VALUES (10087, 'IPC', '302', 1, 1);
INSERT INTO ArrestSurrender VALUES (50087, 10087, 1, '2025-11-10', 29, 443, 1005, 5025, 453, 40087, 1, 0);
INSERT INTO CaseMaster VALUES (10088, '304451003202500088', '202500088', '2023-08-08', 5039, 1003, 3, 1, 101, 201, 1, 455, '2023-08-08 10:00:00', '2023-08-08 11:00:00', '2023-08-08 09:00:00', 12.913836, 76.004363, 'Illo impedit enim enim magnam eos dolores sapiente hic maiores sunt cum perferendis.');
INSERT INTO ComplainantDetails VALUES (20088, 10088, 'Gautami Bandi', 34, 1, 1, 1, 1);
INSERT INTO Victim VALUES (30088, 10088, 'Yatin Om', 28, 1, '0');
INSERT INTO Accused VALUES (40088, 10088, 'Anjali Shetty', 50, 1, 'A1');
INSERT INTO ActSectionAssociation VALUES (10088, 'IPC', '302', 1, 1);
INSERT INTO CaseMaster VALUES (10089, '304451010202300089', '202300089', '2024-08-11', 5003, 1010, 3, 1, 101, 201, 1, 455, '2024-08-08 10:00:00', '2024-08-08 11:00:00', '2024-08-11 09:00:00', 14.380285, 76.571281, 'Non cupiditate consectetur blanditiis voluptatibus provident tempore aspernatur minus eum voluptatibus nemo.');
INSERT INTO ComplainantDetails VALUES (20089, 10089, 'Abhimanyu Dave', 54, 1, 1, 1, 1);
INSERT INTO Victim VALUES (30089, 10089, 'Sai Rattan', 36, 1, '0');
INSERT INTO Accused VALUES (40089, 10089, 'Gayathri Tata', 30, 1, 'A1');
INSERT INTO ActSectionAssociation VALUES (10089, 'IPC', '302', 1, 1);
INSERT INTO ArrestSurrender VALUES (50089, 10089, 1, '2024-08-11', 29, 445, 1010, 5003, 455, 40089, 1, 0);
INSERT INTO CaseMaster VALUES (10090, '104451003202400090', '202400090', '2025-01-18', 5027, 1003, 1, 1, 101, 201, 1, 455, '2025-01-18 10:00:00', '2025-01-18 11:00:00', '2025-01-18 09:00:00', 13.75007, 74.301676, 'Perferendis et fugiat libero beatae dicta ad ratione quo pariatur quis perspiciatis reiciendis cumque.');
INSERT INTO ComplainantDetails VALUES (20090, 10090, 'Saksham Gour', 41, 1, 1, 1, 1);
INSERT INTO Victim VALUES (30090, 10090, 'Hemangini Mitra', 34, 1, '0');
INSERT INTO Accused VALUES (40090, 10090, 'Wyatt Dua', 55, 1, 'A1');
INSERT INTO ActSectionAssociation VALUES (10090, 'IPC', '302', 1, 1);
INSERT INTO CaseMaster VALUES (10091, '304431004202600091', '202600091', '2025-04-23', 5007, 1004, 3, 1, 101, 201, 1, 453, '2025-04-22 10:00:00', '2025-04-22 11:00:00', '2025-04-23 09:00:00', 12.713119, 74.737618, 'Incidunt non aspernatur consequatur sit quis iste a fugiat vero provident dolor sapiente adipisci animi corporis cumque temporibus.');
INSERT INTO ComplainantDetails VALUES (20091, 10091, 'Ryan Kulkarni', 47, 1, 1, 1, 1);
INSERT INTO Victim VALUES (30091, 10091, 'Vaishnavi Venkataraman', 49, 1, '0');
INSERT INTO Accused VALUES (40091, 10091, 'Balendra Virk', 47, 1, 'A1');
INSERT INTO ActSectionAssociation VALUES (10091, 'IPC', '302', 1, 1);
INSERT INTO ArrestSurrender VALUES (50091, 10091, 1, '2025-04-23', 29, 443, 1004, 5007, 453, 40091, 1, 0);
INSERT INTO CaseMaster VALUES (10092, '304451001202500092', '202500092', '2026-04-20', 5023, 1001, 3, 1, 101, 201, 1, 455, '2026-04-20 10:00:00', '2026-04-20 11:00:00', '2026-04-20 09:00:00', 17.413246, 75.369231, 'Soluta dolorem cumque ad labore laboriosam quis pariatur reprehenderit fugit repellendus a quae a accusantium magni veniam.');
INSERT INTO ComplainantDetails VALUES (20092, 10092, 'Ubika Dayal', 59, 1, 1, 1, 1);
INSERT INTO Victim VALUES (30092, 10092, 'Ranveer Varma', 25, 1, '0');
INSERT INTO Accused VALUES (40092, 10092, 'Shaurya Suri', 22, 1, 'A1');
INSERT INTO ActSectionAssociation VALUES (10092, 'IPC', '302', 1, 1);
INSERT INTO ArrestSurrender VALUES (50092, 10092, 1, '2026-04-20', 29, 445, 1001, 5023, 455, 40092, 1, 0);
INSERT INTO CaseMaster VALUES (10093, '304441008202500093', '202500093', '2025-06-07', 5032, 1008, 3, 1, 101, 201, 1, 454, '2025-06-06 10:00:00', '2025-06-06 11:00:00', '2025-06-07 09:00:00', 13.317751, 76.317967, 'Repellendus suscipit esse reiciendis eum iste odio nam dolor excepturi aliquid architecto aperiam.');
INSERT INTO ComplainantDetails VALUES (20093, 10093, 'Ira Subramaniam', 35, 1, 1, 1, 1);
INSERT INTO Victim VALUES (30093, 10093, 'Ati Dube', 20, 1, '0');
INSERT INTO Accused VALUES (40093, 10093, 'Dhriti Khare', 30, 1, 'A1');
INSERT INTO ActSectionAssociation VALUES (10093, 'IPC', '302', 1, 1);
INSERT INTO CaseMaster VALUES (10094, '304441006202300094', '202300094', '2025-02-25', 5002, 1006, 3, 1, 101, 201, 1, 454, '2025-02-25 10:00:00', '2025-02-25 11:00:00', '2025-02-25 09:00:00', 16.9015, 75.386311, 'Sed officiis aspernatur iusto tenetur rerum eius odio incidunt suscipit.');
INSERT INTO ComplainantDetails VALUES (20094, 10094, 'Anya Halder', 39, 1, 1, 1, 1);
INSERT INTO Victim VALUES (30094, 10094, 'Tanay Ramesh', 31, 1, '0');
INSERT INTO Accused VALUES (40094, 10094, 'Patrick Dyal', 35, 1, 'A1');
INSERT INTO ActSectionAssociation VALUES (10094, 'IPC', '302', 1, 1);
INSERT INTO CaseMaster VALUES (10095, '104451003202400095', '202400095', '2025-09-10', 5022, 1003, 1, 1, 101, 201, 1, 455, '2025-09-10 10:00:00', '2025-09-10 11:00:00', '2025-09-10 09:00:00', 15.000421, 77.286052, 'Distinctio debitis ab adipisci sapiente temporibus commodi temporibus quibusdam nisi porro eum autem molestiae.');
INSERT INTO ComplainantDetails VALUES (20095, 10095, 'Rohan Patla', 42, 1, 1, 1, 1);
INSERT INTO Victim VALUES (30095, 10095, 'Oeshi Srinivasan', 54, 1, '0');
INSERT INTO Accused VALUES (40095, 10095, 'George Solanki', 33, 1, 'A1');
INSERT INTO ActSectionAssociation VALUES (10095, 'IPC', '302', 1, 1);
INSERT INTO CaseMaster VALUES (10096, '304451002202300096', '202300096', '2026-05-28', 5033, 1002, 3, 1, 101, 201, 1, 455, '2026-05-25 10:00:00', '2026-05-25 11:00:00', '2026-05-28 09:00:00', 12.333783, 75.024657, 'Qui amet at reiciendis quod occaecati amet odio sed voluptatum quod provident non ipsa voluptate blanditiis recusandae quas fuga.');
INSERT INTO ComplainantDetails VALUES (20096, 10096, 'Upasna Oak', 20, 1, 1, 1, 1);
INSERT INTO Victim VALUES (30096, 10096, 'Yauvani Hans', 53, 1, '0');
INSERT INTO Accused VALUES (40096, 10096, 'Balendra Thaker', 49, 1, 'A1');
INSERT INTO ActSectionAssociation VALUES (10096, 'IPC', '302', 1, 1);
INSERT INTO CaseMaster VALUES (10097, '304441008202300097', '202300097', '2024-05-01', 5011, 1008, 3, 1, 101, 201, 1, 454, '2024-04-28 10:00:00', '2024-04-28 11:00:00', '2024-05-01 09:00:00', 15.381673, 74.882789, 'Tenetur harum nam laudantium ratione velit totam mollitia velit maiores facilis mollitia quidem.');
INSERT INTO ComplainantDetails VALUES (20097, 10097, 'Fiyaz Khurana', 22, 1, 1, 1, 1);
INSERT INTO Victim VALUES (30097, 10097, 'Andrew Dewan', 19, 1, '0');
INSERT INTO Accused VALUES (40097, 10097, 'Baghyawati Chakraborty', 51, 1, 'A1');
INSERT INTO ActSectionAssociation VALUES (10097, 'IPC', '302', 1, 1);
INSERT INTO ArrestSurrender VALUES (50097, 10097, 1, '2024-05-01', 29, 444, 1008, 5011, 454, 40097, 1, 0);
INSERT INTO CaseMaster VALUES (10098, '304451010202400098', '202400098', '2024-04-30', 5008, 1010, 3, 1, 101, 201, 1, 455, '2024-04-27 10:00:00', '2024-04-27 11:00:00', '2024-04-30 09:00:00', 14.86196, 77.150701, 'Autem ea porro corrupti ab temporibus vero aliquid beatae beatae unde ab.');
INSERT INTO ComplainantDetails VALUES (20098, 10098, 'Jai Madan', 26, 1, 1, 1, 1);
INSERT INTO Victim VALUES (30098, 10098, 'Isha Arora', 24, 1, '0');
INSERT INTO Accused VALUES (40098, 10098, 'Indali Loke', 54, 1, 'A1');
INSERT INTO ActSectionAssociation VALUES (10098, 'IPC', '302', 1, 1);
INSERT INTO ArrestSurrender VALUES (50098, 10098, 1, '2024-04-30', 29, 445, 1010, 5008, 455, 40098, 1, 0);
INSERT INTO CaseMaster VALUES (10099, '304431004202500099', '202500099', '2023-07-28', 5004, 1004, 3, 1, 101, 201, 1, 453, '2023-07-24 10:00:00', '2023-07-24 11:00:00', '2023-07-28 09:00:00', 15.554981, 75.848337, 'Repudiandae sequi praesentium necessitatibus ipsum corporis eaque explicabo excepturi totam praesentium assumenda.');
INSERT INTO ComplainantDetails VALUES (20099, 10099, 'Kavya Naik', 49, 1, 1, 1, 1);
INSERT INTO Victim VALUES (30099, 10099, 'Darpan Guha', 48, 1, '0');
INSERT INTO Accused VALUES (40099, 10099, 'Anika Bandi', 45, 1, 'A1');
INSERT INTO ActSectionAssociation VALUES (10099, 'IPC', '302', 1, 1);
INSERT INTO CaseMaster VALUES (10100, '104431004202300100', '202300100', '2026-03-03', 5011, 1004, 1, 1, 101, 201, 1, 453, '2026-02-28 10:00:00', '2026-02-28 11:00:00', '2026-03-03 09:00:00', 13.254877, 75.247521, 'Ipsa nesciunt pariatur praesentium amet doloremque sunt commodi consequatur perspiciatis veritatis illum pariatur.');
INSERT INTO ComplainantDetails VALUES (20100, 10100, 'Naksh Raval', 21, 1, 1, 1, 1);
INSERT INTO Victim VALUES (30100, 10100, 'Chameli Deshmukh', 35, 1, '0');
INSERT INTO Accused VALUES (40100, 10100, 'Reva Venkataraman', 41, 1, 'A1');
INSERT INTO ActSectionAssociation VALUES (10100, 'IPC', '302', 1, 1);
INSERT INTO ArrestSurrender VALUES (50100, 10100, 1, '2026-03-03', 29, 443, 1004, 5011, 453, 40100, 1, 0);
INSERT INTO CaseMaster VALUES (10101, '104451002202300101', '202300101', '2025-06-15', 5024, 1002, 1, 1, 101, 201, 1, 455, '2025-06-14 10:00:00', '2025-06-14 11:00:00', '2025-06-15 09:00:00', 17.090688, 74.60722, 'Voluptatibus quaerat accusantium libero amet magnam tenetur necessitatibus officiis asperiores officia.');
INSERT INTO ComplainantDetails VALUES (20101, 10101, 'Anamika Kata', 55, 1, 1, 1, 1);
INSERT INTO Victim VALUES (30101, 10101, 'Ishaan Dugal', 30, 1, '0');
INSERT INTO Accused VALUES (40101, 10101, 'Indira Agrawal', 55, 1, 'A1');
INSERT INTO ActSectionAssociation VALUES (10101, 'IPC', '302', 1, 1);
INSERT INTO ArrestSurrender VALUES (50101, 10101, 1, '2025-06-15', 29, 445, 1002, 5024, 455, 40101, 1, 0);
INSERT INTO CaseMaster VALUES (10102, '304441006202400102', '202400102', '2026-02-27', 5047, 1006, 3, 1, 101, 201, 1, 454, '2026-02-23 10:00:00', '2026-02-23 11:00:00', '2026-02-27 09:00:00', 16.404796, 77.227799, 'Accusantium sequi ullam deserunt dicta nemo adipisci explicabo quis facilis.');
INSERT INTO ComplainantDetails VALUES (20102, 10102, 'Krishna Krish', 44, 1, 1, 1, 1);
INSERT INTO Victim VALUES (30102, 10102, 'Darpan Kata', 63, 1, '0');
INSERT INTO Accused VALUES (40102, 10102, 'Yashasvi Reddy', 36, 1, 'A1');
INSERT INTO ActSectionAssociation VALUES (10102, 'IPC', '302', 1, 1);
INSERT INTO CaseMaster VALUES (10103, '104431007202400103', '202400103', '2026-07-06', 5014, 1007, 1, 1, 101, 201, 1, 453, '2026-07-01 10:00:00', '2026-07-01 11:00:00', '2026-07-06 09:00:00', 14.126736, 75.556846, 'Consectetur vel alias architecto ab ipsum aliquam quasi nemo culpa nihil vitae consectetur dicta eligendi.');
INSERT INTO ComplainantDetails VALUES (20103, 10103, 'Nidhi Tata', 34, 1, 1, 1, 1);
INSERT INTO Victim VALUES (30103, 10103, 'Eshana Virk', 21, 1, '0');
INSERT INTO Accused VALUES (40103, 10103, 'Shaurya Bala', 21, 1, 'A1');
INSERT INTO ActSectionAssociation VALUES (10103, 'IPC', '302', 1, 1);
INSERT INTO ArrestSurrender VALUES (50103, 10103, 1, '2026-07-06', 29, 443, 1007, 5014, 453, 40103, 1, 0);
INSERT INTO CaseMaster VALUES (10104, '104431005202300104', '202300104', '2025-05-27', 5040, 1005, 1, 1, 101, 201, 1, 453, '2025-05-26 10:00:00', '2025-05-26 11:00:00', '2025-05-27 09:00:00', 14.947745, 77.673342, 'Veniam reiciendis voluptas beatae distinctio ut accusamus praesentium laboriosam quo eaque nisi eum suscipit dolor quos illum autem.');
INSERT INTO ComplainantDetails VALUES (20104, 10104, 'Maanav Bhasin', 35, 1, 1, 1, 1);
INSERT INTO Victim VALUES (30104, 10104, 'Tanmayi Saran', 70, 1, '0');
INSERT INTO Accused VALUES (40104, 10104, 'Hardik Anand', 30, 1, 'A1');
INSERT INTO ActSectionAssociation VALUES (10104, 'IPC', '302', 1, 1);
INSERT INTO CaseMaster VALUES (10105, '104441006202300105', '202300105', '2023-11-20', 5024, 1006, 1, 1, 101, 201, 1, 454, '2023-11-19 10:00:00', '2023-11-19 11:00:00', '2023-11-20 09:00:00', 14.370897, 77.557758, 'Dicta reprehenderit quam vitae veniam saepe maiores at maxime corporis aliquam possimus harum deserunt.');
INSERT INTO ComplainantDetails VALUES (20105, 10105, 'Anamika Ganguly', 26, 1, 1, 1, 1);
INSERT INTO Victim VALUES (30105, 10105, 'Libni Choudhary', 58, 1, '0');
INSERT INTO Accused VALUES (40105, 10105, 'Januja Sodhi', 43, 1, 'A1');
INSERT INTO ActSectionAssociation VALUES (10105, 'IPC', '302', 1, 1);
INSERT INTO ArrestSurrender VALUES (50105, 10105, 1, '2023-11-20', 29, 444, 1006, 5024, 454, 40105, 1, 0);
INSERT INTO CaseMaster VALUES (10106, '304441008202300106', '202300106', '2024-12-10', 5050, 1008, 3, 1, 101, 201, 1, 454, '2024-12-05 10:00:00', '2024-12-05 11:00:00', '2024-12-10 09:00:00', 12.239642, 76.513383, 'Ratione quia vero tenetur aliquid iure nihil magni iusto nam voluptatibus asperiores.');
INSERT INTO ComplainantDetails VALUES (20106, 10106, 'Chatresh Bhargava', 23, 1, 1, 1, 1);
INSERT INTO Victim VALUES (30106, 10106, 'Logan Kar', 41, 1, '0');
INSERT INTO Accused VALUES (40106, 10106, 'Shivani Sama', 45, 1, 'A1');
INSERT INTO ActSectionAssociation VALUES (10106, 'IPC', '302', 1, 1);
INSERT INTO CaseMaster VALUES (10107, '104441009202600107', '202600107', '2026-01-05', 5039, 1009, 1, 1, 101, 201, 1, 454, '2025-12-31 10:00:00', '2025-12-31 11:00:00', '2026-01-05 09:00:00', 16.548296, 76.798763, 'Illum nisi sint soluta voluptate natus eveniet debitis soluta dicta quisquam consequuntur vitae.');
INSERT INTO ComplainantDetails VALUES (20107, 10107, 'Warda Verma', 58, 1, 1, 1, 1);
INSERT INTO Victim VALUES (30107, 10107, 'Anika Patil', 44, 1, '0');
INSERT INTO Accused VALUES (40107, 10107, 'Rudra Bhavsar', 28, 1, 'A1');
INSERT INTO ActSectionAssociation VALUES (10107, 'IPC', '302', 1, 1);
INSERT INTO ArrestSurrender VALUES (50107, 10107, 1, '2026-01-05', 29, 444, 1009, 5039, 454, 40107, 1, 0);
INSERT INTO CaseMaster VALUES (10108, '304431005202600108', '202600108', '2024-03-06', 5001, 1005, 3, 1, 101, 201, 1, 453, '2024-03-03 10:00:00', '2024-03-03 11:00:00', '2024-03-06 09:00:00', 17.256386, 75.653013, 'Reprehenderit quas dolore cum dolorem sapiente dignissimos nulla labore maiores nesciunt magni doloribus tempora amet explicabo cupiditate necessitatibus veritatis expedita.');
INSERT INTO ComplainantDetails VALUES (20108, 10108, 'Kai Goel', 60, 1, 1, 1, 1);
INSERT INTO Victim VALUES (30108, 10108, 'Bahadurjit Bhardwaj', 26, 1, '0');
INSERT INTO Accused VALUES (40108, 10108, 'Nitesh Solanki', 44, 1, 'A1');
INSERT INTO ActSectionAssociation VALUES (10108, 'IPC', '302', 1, 1);
INSERT INTO CaseMaster VALUES (10109, '104431005202500109', '202500109', '2024-02-21', 5046, 1005, 1, 1, 101, 201, 1, 453, '2024-02-21 10:00:00', '2024-02-21 11:00:00', '2024-02-21 09:00:00', 16.509068, 77.386655, 'Ipsam alias odio vero dolorum aperiam aliquid impedit similique dolor asperiores aperiam temporibus ut.');
INSERT INTO ComplainantDetails VALUES (20109, 10109, 'Faqid Loke', 35, 1, 1, 1, 1);
INSERT INTO Victim VALUES (30109, 10109, 'Luke Kara', 30, 1, '0');
INSERT INTO Accused VALUES (40109, 10109, 'Vasatika Raman', 22, 1, 'A1');
INSERT INTO ActSectionAssociation VALUES (10109, 'IPC', '302', 1, 1);
INSERT INTO ArrestSurrender VALUES (50109, 10109, 1, '2024-02-21', 29, 443, 1005, 5046, 453, 40109, 1, 0);
INSERT INTO CaseMaster VALUES (10110, '304441006202400110', '202400110', '2024-09-18', 5028, 1006, 3, 1, 101, 201, 1, 454, '2024-09-17 10:00:00', '2024-09-17 11:00:00', '2024-09-18 09:00:00', 12.238154, 75.857035, 'Dolorum mollitia corrupti adipisci labore laborum dolorem quibusdam ducimus repellat.');
INSERT INTO ComplainantDetails VALUES (20110, 10110, 'Orinder Chacko', 53, 1, 1, 1, 1);
INSERT INTO Victim VALUES (30110, 10110, 'Finn Apte', 34, 1, '0');
INSERT INTO Accused VALUES (40110, 10110, 'Abdul Badal', 55, 1, 'A1');
INSERT INTO ActSectionAssociation VALUES (10110, 'IPC', '302', 1, 1);
INSERT INTO ArrestSurrender VALUES (50110, 10110, 1, '2024-09-18', 29, 444, 1006, 5028, 454, 40110, 1, 0);
INSERT INTO CaseMaster VALUES (10111, '304441008202400111', '202400111', '2025-03-07', 5042, 1008, 3, 1, 101, 201, 1, 454, '2025-03-02 10:00:00', '2025-03-02 11:00:00', '2025-03-07 09:00:00', 13.001133, 74.574913, 'Illo sint dignissimos provident iusto accusamus deserunt voluptate accusamus excepturi.');
INSERT INTO ComplainantDetails VALUES (20111, 10111, 'David Sankaran', 29, 1, 1, 1, 1);
INSERT INTO Victim VALUES (30111, 10111, 'Riya Sinha', 35, 1, '0');
INSERT INTO Accused VALUES (40111, 10111, 'Darika Khare', 38, 1, 'A1');
INSERT INTO ActSectionAssociation VALUES (10111, 'IPC', '302', 1, 1);
INSERT INTO ArrestSurrender VALUES (50111, 10111, 1, '2025-03-07', 29, 444, 1008, 5042, 454, 40111, 1, 0);
INSERT INTO CaseMaster VALUES (10112, '304451001202500112', '202500112', '2025-08-16', 5018, 1001, 3, 1, 101, 201, 1, 455, '2025-08-14 10:00:00', '2025-08-14 11:00:00', '2025-08-16 09:00:00', 14.580635, 76.489502, 'Aliquid molestiae repellendus voluptatibus repudiandae minima quos ullam quod aperiam assumenda possimus.');
INSERT INTO ComplainantDetails VALUES (20112, 10112, 'Kashvi Sawhney', 24, 1, 1, 1, 1);
INSERT INTO Victim VALUES (30112, 10112, 'Wyatt Panchal', 21, 1, '0');
INSERT INTO Accused VALUES (40112, 10112, 'Oni Oza', 55, 1, 'A1');
INSERT INTO ActSectionAssociation VALUES (10112, 'IPC', '302', 1, 1);
INSERT INTO CaseMaster VALUES (10113, '304431007202500113', '202500113', '2024-06-16', 5006, 1007, 3, 1, 101, 201, 1, 453, '2024-06-15 10:00:00', '2024-06-15 11:00:00', '2024-06-16 09:00:00', 15.640142, 74.645719, 'Repudiandae quia suscipit adipisci repellendus dolorum quasi illum ullam ratione saepe iusto nulla.');
INSERT INTO ComplainantDetails VALUES (20113, 10113, 'Yashawini Nagarajan', 34, 1, 1, 1, 1);
INSERT INTO Victim VALUES (30113, 10113, 'Gayathri Swamy', 44, 1, '0');
INSERT INTO Accused VALUES (40113, 10113, 'Lopa Dewan', 20, 1, 'A1');
INSERT INTO ActSectionAssociation VALUES (10113, 'IPC', '302', 1, 1);
INSERT INTO CaseMaster VALUES (10114, '304451003202400114', '202400114', '2025-12-30', 5016, 1003, 3, 1, 101, 201, 1, 455, '2025-12-27 10:00:00', '2025-12-27 11:00:00', '2025-12-30 09:00:00', 12.028575, 74.49179, 'Laudantium voluptatem omnis officiis voluptate fugiat hic culpa enim recusandae esse ad dolor asperiores praesentium.');
INSERT INTO ComplainantDetails VALUES (20114, 10114, 'Shivani Nagar', 32, 1, 1, 1, 1);
INSERT INTO Victim VALUES (30114, 10114, 'Keya Wable', 39, 1, '0');
INSERT INTO Accused VALUES (40114, 10114, 'Champak Sekhon', 36, 1, 'A1');
INSERT INTO ActSectionAssociation VALUES (10114, 'IPC', '302', 1, 1);
INSERT INTO CaseMaster VALUES (10115, '104441009202600115', '202600115', '2023-12-08', 5004, 1009, 1, 1, 101, 201, 1, 454, '2023-12-06 10:00:00', '2023-12-06 11:00:00', '2023-12-08 09:00:00', 17.019395, 77.472481, 'Eveniet reiciendis similique eum dignissimos similique quas voluptatum suscipit quaerat debitis perspiciatis modi dolorem dolorem.');
INSERT INTO ComplainantDetails VALUES (20115, 10115, 'Nilima Vora', 58, 1, 1, 1, 1);
INSERT INTO Victim VALUES (30115, 10115, 'Ekavir Bhavsar', 21, 1, '0');
INSERT INTO Accused VALUES (40115, 10115, 'Ekavir Bandi', 38, 1, 'A1');
INSERT INTO ActSectionAssociation VALUES (10115, 'IPC', '302', 1, 1);
INSERT INTO ArrestSurrender VALUES (50115, 10115, 1, '2023-12-08', 29, 444, 1009, 5004, 454, 40115, 1, 0);
INSERT INTO CaseMaster VALUES (10116, '304431004202500116', '202500116', '2024-07-28', 5042, 1004, 3, 1, 101, 201, 1, 453, '2024-07-26 10:00:00', '2024-07-26 11:00:00', '2024-07-28 09:00:00', 12.968603, 77.780384, 'Ratione repellendus pariatur architecto ducimus ratione quibusdam sit architecto commodi sunt earum consequuntur itaque dicta eius quibusdam vitae similique.');
INSERT INTO ComplainantDetails VALUES (20116, 10116, 'Ishwar Jaggi', 39, 1, 1, 1, 1);
INSERT INTO Victim VALUES (30116, 10116, 'Wridesh Karan', 23, 1, '0');
INSERT INTO Accused VALUES (40116, 10116, 'Aishani Gandhi', 40, 1, 'A1');
INSERT INTO ActSectionAssociation VALUES (10116, 'IPC', '302', 1, 1);
INSERT INTO ArrestSurrender VALUES (50116, 10116, 1, '2024-07-28', 29, 443, 1004, 5042, 453, 40116, 1, 0);
INSERT INTO CaseMaster VALUES (10117, '304451010202300117', '202300117', '2026-02-26', 5034, 1010, 3, 1, 101, 201, 1, 455, '2026-02-23 10:00:00', '2026-02-23 11:00:00', '2026-02-26 09:00:00', 15.325208, 74.832787, 'Assumenda deleniti maiores amet illo dignissimos at minima consequuntur odio asperiores maiores.');
INSERT INTO ComplainantDetails VALUES (20117, 10117, 'Bhavani Modi', 55, 1, 1, 1, 1);
INSERT INTO Victim VALUES (30117, 10117, 'Yoshita Narayanan', 37, 1, '0');
INSERT INTO Accused VALUES (40117, 10117, 'Mahika Sachar', 34, 1, 'A1');
INSERT INTO ActSectionAssociation VALUES (10117, 'IPC', '302', 1, 1);
INSERT INTO ArrestSurrender VALUES (50117, 10117, 1, '2026-02-26', 29, 445, 1010, 5034, 455, 40117, 1, 0);
INSERT INTO CaseMaster VALUES (10118, '304431007202500118', '202500118', '2026-06-05', 5023, 1007, 3, 1, 101, 201, 1, 453, '2026-06-01 10:00:00', '2026-06-01 11:00:00', '2026-06-05 09:00:00', 14.707463, 77.148315, 'Sint dolorem laudantium eaque laboriosam cum minus ratione fuga cumque quo ducimus.');
INSERT INTO ComplainantDetails VALUES (20118, 10118, 'Pratyush Sunder', 52, 1, 1, 1, 1);
INSERT INTO Victim VALUES (30118, 10118, 'Januja Sabharwal', 31, 1, '0');
INSERT INTO Accused VALUES (40118, 10118, 'Aryan Sarin', 53, 1, 'A1');
INSERT INTO ActSectionAssociation VALUES (10118, 'IPC', '302', 1, 1);
INSERT INTO ArrestSurrender VALUES (50118, 10118, 1, '2026-06-05', 29, 443, 1007, 5023, 453, 40118, 1, 0);
INSERT INTO CaseMaster VALUES (10119, '104451010202300119', '202300119', '2026-03-15', 5014, 1010, 1, 1, 101, 201, 1, 455, '2026-03-10 10:00:00', '2026-03-10 11:00:00', '2026-03-15 09:00:00', 16.910239, 75.070227, 'Nulla officiis consequatur veritatis harum excepturi voluptatum sit cumque rerum dolorum eligendi laborum cupiditate dolorem odio tempore minus officia eius.');
INSERT INTO ComplainantDetails VALUES (20119, 10119, 'Ekalinga Palla', 29, 1, 1, 1, 1);
INSERT INTO Victim VALUES (30119, 10119, 'Aarnav Shukla', 50, 1, '0');
INSERT INTO Accused VALUES (40119, 10119, 'Samarth Badal', 29, 1, 'A1');
INSERT INTO ActSectionAssociation VALUES (10119, 'IPC', '302', 1, 1);
INSERT INTO ArrestSurrender VALUES (50119, 10119, 1, '2026-03-15', 29, 445, 1010, 5014, 455, 40119, 1, 0);
INSERT INTO CaseMaster VALUES (10120, '104431005202400120', '202400120', '2026-02-23', 5020, 1005, 1, 1, 101, 201, 1, 453, '2026-02-23 10:00:00', '2026-02-23 11:00:00', '2026-02-23 09:00:00', 16.305075, 74.383166, 'Vero similique perspiciatis sapiente illo est hic dolores sapiente saepe rerum fugiat maiores earum sit nihil.');
INSERT INTO ComplainantDetails VALUES (20120, 10120, 'Zansi Dube', 44, 1, 1, 1, 1);
INSERT INTO Victim VALUES (30120, 10120, 'Faras Sanghvi', 50, 1, '0');
INSERT INTO Accused VALUES (40120, 10120, 'Siddharth Raval', 54, 1, 'A1');
INSERT INTO ActSectionAssociation VALUES (10120, 'IPC', '302', 1, 1);
INSERT INTO ArrestSurrender VALUES (50120, 10120, 1, '2026-02-23', 29, 443, 1005, 5020, 453, 40120, 1, 0);
INSERT INTO CaseMaster VALUES (10121, '304431004202400121', '202400121', '2025-06-06', 5022, 1004, 3, 1, 101, 201, 1, 453, '2025-06-06 10:00:00', '2025-06-06 11:00:00', '2025-06-06 09:00:00', 16.556046, 76.248119, 'Omnis molestiae accusamus sapiente eos beatae aliquid eligendi minima qui aut.');
INSERT INTO ComplainantDetails VALUES (20121, 10121, 'Chandran Sahota', 21, 1, 1, 1, 1);
INSERT INTO Victim VALUES (30121, 10121, 'Kiaan Parmar', 51, 1, '0');
INSERT INTO Accused VALUES (40121, 10121, 'Lakshit Raja', 38, 1, 'A1');
INSERT INTO ActSectionAssociation VALUES (10121, 'IPC', '302', 1, 1);
INSERT INTO CaseMaster VALUES (10122, '304451003202500122', '202500122', '2025-03-29', 5020, 1003, 3, 1, 101, 201, 1, 455, '2025-03-24 10:00:00', '2025-03-24 11:00:00', '2025-03-29 09:00:00', 12.880609, 76.181751, 'Aliquid occaecati occaecati dolorum eligendi tempore officia dignissimos debitis incidunt fuga.');
INSERT INTO ComplainantDetails VALUES (20122, 10122, 'Maanas Shan', 41, 1, 1, 1, 1);
INSERT INTO Victim VALUES (30122, 10122, 'David Doshi', 35, 1, '0');
INSERT INTO Accused VALUES (40122, 10122, 'Vanya Deo', 25, 1, 'A1');
INSERT INTO ActSectionAssociation VALUES (10122, 'IPC', '302', 1, 1);
INSERT INTO ArrestSurrender VALUES (50122, 10122, 1, '2025-03-29', 29, 445, 1003, 5020, 455, 40122, 1, 0);
INSERT INTO CaseMaster VALUES (10123, '104451003202300123', '202300123', '2024-07-26', 5027, 1003, 1, 1, 101, 201, 1, 455, '2024-07-25 10:00:00', '2024-07-25 11:00:00', '2024-07-26 09:00:00', 15.608168, 74.673283, 'Perspiciatis voluptatibus maiores eius numquam placeat accusamus reprehenderit earum accusamus deleniti veritatis consequuntur vel voluptatum saepe a inventore.');
INSERT INTO ComplainantDetails VALUES (20123, 10123, 'Ayushman Dara', 33, 1, 1, 1, 1);
INSERT INTO Victim VALUES (30123, 10123, 'Ishani Vala', 27, 1, '0');
INSERT INTO Accused VALUES (40123, 10123, 'Chavvi Gola', 38, 1, 'A1');
INSERT INTO ActSectionAssociation VALUES (10123, 'IPC', '302', 1, 1);
INSERT INTO CaseMaster VALUES (10124, '104431007202600124', '202600124', '2026-01-08', 5025, 1007, 1, 1, 101, 201, 1, 453, '2026-01-08 10:00:00', '2026-01-08 11:00:00', '2026-01-08 09:00:00', 17.36764, 74.214809, 'Voluptatem porro sequi corrupti pariatur omnis nulla dolores et saepe suscipit occaecati consectetur quasi.');
INSERT INTO ComplainantDetails VALUES (20124, 10124, 'Ubika Maharaj', 21, 1, 1, 1, 1);
INSERT INTO Victim VALUES (30124, 10124, 'Rehaan Kapoor', 65, 1, '0');
INSERT INTO Accused VALUES (40124, 10124, 'Mohini Chatterjee', 25, 1, 'A1');
INSERT INTO ActSectionAssociation VALUES (10124, 'IPC', '302', 1, 1);
INSERT INTO CaseMaster VALUES (10125, '304451001202600125', '202600125', '2024-05-31', 5025, 1001, 3, 1, 101, 201, 1, 455, '2024-05-27 10:00:00', '2024-05-27 11:00:00', '2024-05-31 09:00:00', 17.387396, 74.097926, 'Eos accusamus quis provident officia vero eveniet ducimus odit non harum nulla occaecati deserunt nam illum placeat.');
INSERT INTO ComplainantDetails VALUES (20125, 10125, 'Bhavya Raghavan', 22, 1, 1, 1, 1);
INSERT INTO Victim VALUES (30125, 10125, 'Manya Upadhyay', 21, 1, '0');
INSERT INTO Accused VALUES (40125, 10125, 'Jagat Krishna', 39, 1, 'A1');
INSERT INTO ActSectionAssociation VALUES (10125, 'IPC', '302', 1, 1);
INSERT INTO CaseMaster VALUES (10126, '304451002202400126', '202400126', '2024-02-29', 5026, 1002, 3, 1, 101, 201, 1, 455, '2024-02-25 10:00:00', '2024-02-25 11:00:00', '2024-02-29 09:00:00', 12.5299, 77.80885, 'Architecto quo libero saepe rem consequatur doloremque quia expedita id animi officiis eaque sapiente excepturi.');
INSERT INTO ComplainantDetails VALUES (20126, 10126, 'Amaira Borde', 45, 1, 1, 1, 1);
INSERT INTO Victim VALUES (30126, 10126, 'Dayita Basak', 25, 1, '0');
INSERT INTO Accused VALUES (40126, 10126, 'Upma Sami', 18, 1, 'A1');
INSERT INTO ActSectionAssociation VALUES (10126, 'IPC', '302', 1, 1);
INSERT INTO ArrestSurrender VALUES (50126, 10126, 1, '2024-02-29', 29, 445, 1002, 5026, 455, 40126, 1, 0);
INSERT INTO CaseMaster VALUES (10127, '304431007202300127', '202300127', '2025-10-09', 5020, 1007, 3, 1, 101, 201, 1, 453, '2025-10-04 10:00:00', '2025-10-04 11:00:00', '2025-10-09 09:00:00', 13.296719, 77.5582, 'Debitis unde ducimus id corporis quaerat sequi pariatur perferendis.');
INSERT INTO ComplainantDetails VALUES (20127, 10127, 'Sara Kothari', 55, 1, 1, 1, 1);
INSERT INTO Victim VALUES (30127, 10127, 'Jonathan Hora', 37, 1, '0');
INSERT INTO Accused VALUES (40127, 10127, 'Sanaya Puri', 47, 1, 'A1');
INSERT INTO ActSectionAssociation VALUES (10127, 'IPC', '302', 1, 1);
INSERT INTO ArrestSurrender VALUES (50127, 10127, 1, '2025-10-09', 29, 443, 1007, 5020, 453, 40127, 1, 0);
INSERT INTO CaseMaster VALUES (10128, '104451010202600128', '202600128', '2023-11-15', 5030, 1010, 1, 1, 101, 201, 1, 455, '2023-11-14 10:00:00', '2023-11-14 11:00:00', '2023-11-15 09:00:00', 16.469954, 74.949836, 'Hic libero praesentium officiis ratione dolore illo quas occaecati eaque quibusdam consequuntur odit.');
INSERT INTO ComplainantDetails VALUES (20128, 10128, 'Hritik Dayal', 42, 1, 1, 1, 1);
INSERT INTO Victim VALUES (30128, 10128, 'Wahab Dhar', 44, 1, '0');
INSERT INTO Accused VALUES (40128, 10128, 'Christopher Bhatia', 52, 1, 'A1');
INSERT INTO ActSectionAssociation VALUES (10128, 'IPC', '302', 1, 1);
INSERT INTO ArrestSurrender VALUES (50128, 10128, 1, '2023-11-15', 29, 445, 1010, 5030, 455, 40128, 1, 0);
INSERT INTO CaseMaster VALUES (10129, '104431004202400129', '202400129', '2023-07-17', 5018, 1004, 1, 1, 101, 201, 1, 453, '2023-07-15 10:00:00', '2023-07-15 11:00:00', '2023-07-17 09:00:00', 15.743596, 75.390971, 'Unde asperiores nam tempore commodi temporibus similique facere quis magni eveniet explicabo voluptas saepe.');
INSERT INTO ComplainantDetails VALUES (20129, 10129, 'Onveer Soni', 43, 1, 1, 1, 1);
INSERT INTO Victim VALUES (30129, 10129, 'Urvashi Dhar', 57, 1, '0');
INSERT INTO Accused VALUES (40129, 10129, 'Isha Barman', 20, 1, 'A1');
INSERT INTO ActSectionAssociation VALUES (10129, 'IPC', '302', 1, 1);
INSERT INTO CaseMaster VALUES (10130, '304431004202600130', '202600130', '2023-11-22', 5041, 1004, 3, 1, 101, 201, 1, 453, '2023-11-19 10:00:00', '2023-11-19 11:00:00', '2023-11-22 09:00:00', 16.940092, 76.433579, 'Corporis eum deserunt fugit ea officiis molestiae corporis quo deserunt dolores iusto eveniet voluptatum recusandae.');
INSERT INTO ComplainantDetails VALUES (20130, 10130, 'Teerth Batta', 52, 1, 1, 1, 1);
INSERT INTO Victim VALUES (30130, 10130, 'Ubika Munshi', 53, 1, '0');
INSERT INTO Accused VALUES (40130, 10130, 'Imaran Prasad', 49, 1, 'A1');
INSERT INTO ActSectionAssociation VALUES (10130, 'IPC', '302', 1, 1);
INSERT INTO ArrestSurrender VALUES (50130, 10130, 1, '2023-11-22', 29, 443, 1004, 5041, 453, 40130, 1, 0);
INSERT INTO CaseMaster VALUES (10131, '104431005202600131', '202600131', '2023-12-21', 5010, 1005, 1, 1, 101, 201, 1, 453, '2023-12-20 10:00:00', '2023-12-20 11:00:00', '2023-12-21 09:00:00', 15.093369, 77.833536, 'Dolor assumenda soluta aspernatur magnam rerum quaerat soluta fugiat nihil tempora.');
INSERT INTO ComplainantDetails VALUES (20131, 10131, 'Devika Parsa', 27, 1, 1, 1, 1);
INSERT INTO Victim VALUES (30131, 10131, 'Vyanjana Dora', 46, 1, '0');
INSERT INTO Accused VALUES (40131, 10131, 'Pranit Lal', 35, 1, 'A1');
INSERT INTO ActSectionAssociation VALUES (10131, 'IPC', '302', 1, 1);
INSERT INTO ArrestSurrender VALUES (50131, 10131, 1, '2023-12-21', 29, 443, 1005, 5010, 453, 40131, 1, 0);
INSERT INTO CaseMaster VALUES (10132, '304431005202600132', '202600132', '2026-03-12', 5008, 1005, 3, 1, 101, 201, 1, 453, '2026-03-11 10:00:00', '2026-03-11 11:00:00', '2026-03-12 09:00:00', 16.477658, 75.103715, 'Doloremque odit deserunt fugiat debitis quibusdam impedit mollitia impedit expedita excepturi quam aut veritatis debitis.');
INSERT INTO ComplainantDetails VALUES (20132, 10132, 'Zaid Sane', 26, 1, 1, 1, 1);
INSERT INTO Victim VALUES (30132, 10132, 'Bhavini Gade', 26, 1, '0');
INSERT INTO Accused VALUES (40132, 10132, 'Maanas Mitra', 25, 1, 'A1');
INSERT INTO ActSectionAssociation VALUES (10132, 'IPC', '302', 1, 1);
INSERT INTO CaseMaster VALUES (10133, '104451003202400133', '202400133', '2024-06-15', 5020, 1003, 1, 1, 101, 201, 1, 455, '2024-06-13 10:00:00', '2024-06-13 11:00:00', '2024-06-15 09:00:00', 14.901215, 77.127917, 'Eius maiores eligendi quae sequi corporis iure quibusdam veritatis totam eius odio magni dolorem aperiam iure magnam beatae libero.');
INSERT INTO ComplainantDetails VALUES (20133, 10133, 'Daksha Palla', 30, 1, 1, 1, 1);
INSERT INTO Victim VALUES (30133, 10133, 'Mohini Sarraf', 20, 1, '0');
INSERT INTO Accused VALUES (40133, 10133, 'Laksh Lad', 44, 1, 'A1');
INSERT INTO ActSectionAssociation VALUES (10133, 'IPC', '302', 1, 1);
INSERT INTO CaseMaster VALUES (10134, '104451001202600134', '202600134', '2024-10-16', 5007, 1001, 1, 1, 101, 201, 1, 455, '2024-10-14 10:00:00', '2024-10-14 11:00:00', '2024-10-16 09:00:00', 12.826417, 74.525129, 'Est nam rerum sit explicabo quia minima iure aspernatur nobis.');
INSERT INTO ComplainantDetails VALUES (20134, 10134, 'Zayyan Borra', 51, 1, 1, 1, 1);
INSERT INTO Victim VALUES (30134, 10134, 'Sarthak Hora', 34, 1, '0');
INSERT INTO Accused VALUES (40134, 10134, 'Chavvi Gulati', 26, 1, 'A1');
INSERT INTO ActSectionAssociation VALUES (10134, 'IPC', '302', 1, 1);
INSERT INTO CaseMaster VALUES (10135, '104441009202400135', '202400135', '2026-04-25', 5045, 1009, 1, 1, 101, 201, 1, 454, '2026-04-23 10:00:00', '2026-04-23 11:00:00', '2026-04-25 09:00:00', 16.885075, 75.428022, 'Facere incidunt corrupti modi distinctio modi minima deserunt soluta dicta veniam officia.');
INSERT INTO ComplainantDetails VALUES (20135, 10135, 'Samar Varghese', 55, 1, 1, 1, 1);
INSERT INTO Victim VALUES (30135, 10135, 'Zansi Aggarwal', 58, 1, '0');
INSERT INTO Accused VALUES (40135, 10135, 'Kashish Barad', 29, 1, 'A1');
INSERT INTO ActSectionAssociation VALUES (10135, 'IPC', '302', 1, 1);
INSERT INTO ArrestSurrender VALUES (50135, 10135, 1, '2026-04-25', 29, 444, 1009, 5045, 454, 40135, 1, 0);
INSERT INTO CaseMaster VALUES (10136, '104441008202600136', '202600136', '2026-04-15', 5031, 1008, 1, 1, 101, 201, 1, 454, '2026-04-10 10:00:00', '2026-04-10 11:00:00', '2026-04-15 09:00:00', 12.393203, 77.312329, 'Vel nihil hic molestiae veniam qui porro doloribus dolore tempora molestiae iusto expedita.');
INSERT INTO ComplainantDetails VALUES (20136, 10136, 'Chaman Uppal', 44, 1, 1, 1, 1);
INSERT INTO Victim VALUES (30136, 10136, 'Damini Chand', 27, 1, '0');
INSERT INTO Accused VALUES (40136, 10136, 'Isaac Kannan', 44, 1, 'A1');
INSERT INTO ActSectionAssociation VALUES (10136, 'IPC', '302', 1, 1);
INSERT INTO CaseMaster VALUES (10137, '104431005202300137', '202300137', '2026-04-01', 5013, 1005, 1, 1, 101, 201, 1, 453, '2026-03-31 10:00:00', '2026-03-31 11:00:00', '2026-04-01 09:00:00', 12.042882, 75.442804, 'Quis libero nihil quasi aliquid saepe voluptatem ipsum facere veritatis atque est tempore repellendus.');
INSERT INTO ComplainantDetails VALUES (20137, 10137, 'Hardik Kapadia', 26, 1, 1, 1, 1);
INSERT INTO Victim VALUES (30137, 10137, 'Aashi Kulkarni', 64, 1, '0');
INSERT INTO Accused VALUES (40137, 10137, 'Yahvi Ghosh', 41, 1, 'A1');
INSERT INTO ActSectionAssociation VALUES (10137, 'IPC', '302', 1, 1);
INSERT INTO ArrestSurrender VALUES (50137, 10137, 1, '2026-04-01', 29, 443, 1005, 5013, 453, 40137, 1, 0);
INSERT INTO CaseMaster VALUES (10138, '104451010202400138', '202400138', '2025-09-17', 5043, 1010, 1, 1, 101, 201, 1, 455, '2025-09-16 10:00:00', '2025-09-16 11:00:00', '2025-09-17 09:00:00', 13.643886, 76.493338, 'Adipisci inventore sunt optio fugit minus ab autem nulla eius voluptas.');
INSERT INTO ComplainantDetails VALUES (20138, 10138, 'Arya Varma', 55, 1, 1, 1, 1);
INSERT INTO Victim VALUES (30138, 10138, 'Yachana Bains', 23, 1, '0');
INSERT INTO Accused VALUES (40138, 10138, 'Akshay Bir', 31, 1, 'A1');
INSERT INTO ActSectionAssociation VALUES (10138, 'IPC', '302', 1, 1);
INSERT INTO CaseMaster VALUES (10139, '304431005202400139', '202400139', '2024-04-29', 5024, 1005, 3, 1, 101, 201, 1, 453, '2024-04-26 10:00:00', '2024-04-26 11:00:00', '2024-04-29 09:00:00', 16.210465, 74.291752, 'Id fugit nobis sed ducimus quos aut repudiandae enim consequuntur reprehenderit architecto repellendus.');
INSERT INTO ComplainantDetails VALUES (20139, 10139, 'Charan Gour', 45, 1, 1, 1, 1);
INSERT INTO Victim VALUES (30139, 10139, 'Charvi Rege', 20, 1, '0');
INSERT INTO Accused VALUES (40139, 10139, 'Devika Lata', 36, 1, 'A1');
INSERT INTO ActSectionAssociation VALUES (10139, 'IPC', '302', 1, 1);
INSERT INTO ArrestSurrender VALUES (50139, 10139, 1, '2024-04-29', 29, 443, 1005, 5024, 453, 40139, 1, 0);
INSERT INTO CaseMaster VALUES (10140, '304431007202300140', '202300140', '2025-04-25', 5013, 1007, 3, 1, 101, 201, 1, 453, '2025-04-23 10:00:00', '2025-04-23 11:00:00', '2025-04-25 09:00:00', 17.196686, 77.646093, 'Cumque ipsa perferendis maiores officiis ut quis illum accusantium dolore aperiam suscipit totam asperiores incidunt architecto iure asperiores temporibus et.');
INSERT INTO ComplainantDetails VALUES (20140, 10140, 'Darpan Rajagopal', 22, 1, 1, 1, 1);
INSERT INTO Victim VALUES (30140, 10140, 'Harini Lanka', 58, 1, '0');
INSERT INTO Accused VALUES (40140, 10140, 'Vaishnavi Bali', 26, 1, 'A1');
INSERT INTO ActSectionAssociation VALUES (10140, 'IPC', '302', 1, 1);
INSERT INTO CaseMaster VALUES (10141, '104441008202600141', '202600141', '2023-11-13', 5013, 1008, 1, 1, 101, 201, 1, 454, '2023-11-13 10:00:00', '2023-11-13 11:00:00', '2023-11-13 09:00:00', 12.322875, 76.667024, 'Optio fuga amet commodi consequatur sunt quam vel omnis quia dolores laboriosam voluptate asperiores facilis corporis et aut ea.');
INSERT INTO ComplainantDetails VALUES (20141, 10141, 'Warinder Banik', 43, 1, 1, 1, 1);
INSERT INTO Victim VALUES (30141, 10141, 'Chanakya Varghese', 42, 1, '0');
INSERT INTO Accused VALUES (40141, 10141, 'Pranav Nadig', 39, 1, 'A1');
INSERT INTO ActSectionAssociation VALUES (10141, 'IPC', '302', 1, 1);
INSERT INTO ArrestSurrender VALUES (50141, 10141, 1, '2023-11-13', 29, 444, 1008, 5013, 454, 40141, 1, 0);
INSERT INTO CaseMaster VALUES (10142, '304441008202300142', '202300142', '2024-12-13', 5012, 1008, 3, 1, 101, 201, 1, 454, '2024-12-13 10:00:00', '2024-12-13 11:00:00', '2024-12-13 09:00:00', 14.392307, 77.98516, 'Labore natus temporibus alias sunt cumque dolorum deserunt neque veritatis adipisci a commodi velit corrupti ex minima voluptate.');
INSERT INTO ComplainantDetails VALUES (20142, 10142, 'Rayaan Kumer', 46, 1, 1, 1, 1);
INSERT INTO Victim VALUES (30142, 10142, 'Leela Bose', 67, 1, '0');
INSERT INTO Accused VALUES (40142, 10142, 'Warhi Magar', 45, 1, 'A1');
INSERT INTO ActSectionAssociation VALUES (10142, 'IPC', '302', 1, 1);
INSERT INTO ArrestSurrender VALUES (50142, 10142, 1, '2024-12-13', 29, 444, 1008, 5012, 454, 40142, 1, 0);
INSERT INTO CaseMaster VALUES (10143, '304431007202600143', '202600143', '2023-10-14', 5012, 1007, 3, 1, 101, 201, 1, 453, '2023-10-13 10:00:00', '2023-10-13 11:00:00', '2023-10-14 09:00:00', 17.491172, 74.076044, 'Id consectetur molestias beatae necessitatibus dolorem exercitationem quam ab dolores maxime quos sapiente earum unde dolore magnam officiis impedit cum.');
INSERT INTO ComplainantDetails VALUES (20143, 10143, 'Manan Venkatesh', 42, 1, 1, 1, 1);
INSERT INTO Victim VALUES (30143, 10143, 'Gaurang Om', 22, 1, '0');
INSERT INTO Accused VALUES (40143, 10143, 'Janani Pathak', 32, 1, 'A1');
INSERT INTO ActSectionAssociation VALUES (10143, 'IPC', '302', 1, 1);
INSERT INTO CaseMaster VALUES (10144, '104431005202500144', '202500144', '2024-05-06', 5017, 1005, 1, 1, 101, 201, 1, 453, '2024-05-03 10:00:00', '2024-05-03 11:00:00', '2024-05-06 09:00:00', 13.686522, 74.72066, 'Facere animi voluptatem voluptatem magnam voluptatem repudiandae dignissimos facere ipsam hic.');
INSERT INTO ComplainantDetails VALUES (20144, 10144, 'Tanveer Dave', 56, 1, 1, 1, 1);
INSERT INTO Victim VALUES (30144, 10144, 'Chavvi Andra', 59, 1, '0');
INSERT INTO Accused VALUES (40144, 10144, 'Sai Swaminathan', 26, 1, 'A1');
INSERT INTO ActSectionAssociation VALUES (10144, 'IPC', '302', 1, 1);
INSERT INTO CaseMaster VALUES (10145, '304451001202600145', '202600145', '2024-11-25', 5044, 1001, 3, 1, 101, 201, 1, 455, '2024-11-23 10:00:00', '2024-11-23 11:00:00', '2024-11-25 09:00:00', 13.42921, 75.961221, 'Sequi dignissimos aperiam sint commodi odio sunt eos reiciendis quibusdam nisi voluptatibus incidunt mollitia maxime iure molestias.');
INSERT INTO ComplainantDetails VALUES (20145, 10145, 'Laksh Issac', 53, 1, 1, 1, 1);
INSERT INTO Victim VALUES (30145, 10145, 'Pallavi Vig', 57, 1, '0');
INSERT INTO Accused VALUES (40145, 10145, 'Xalak Gour', 50, 1, 'A1');
INSERT INTO ActSectionAssociation VALUES (10145, 'IPC', '302', 1, 1);
INSERT INTO ArrestSurrender VALUES (50145, 10145, 1, '2024-11-25', 29, 445, 1001, 5044, 455, 40145, 1, 0);
INSERT INTO CaseMaster VALUES (10146, '304431005202500146', '202500146', '2025-09-15', 5023, 1005, 3, 1, 101, 201, 1, 453, '2025-09-10 10:00:00', '2025-09-10 11:00:00', '2025-09-15 09:00:00', 14.508249, 74.062228, 'Sed exercitationem laboriosam sint nihil dignissimos dignissimos sapiente aut soluta sit quaerat soluta magni laudantium deserunt consequuntur.');
INSERT INTO ComplainantDetails VALUES (20146, 10146, 'Banjeet Grover', 41, 1, 1, 1, 1);
INSERT INTO Victim VALUES (30146, 10146, 'Manthan Mann', 46, 1, '0');
INSERT INTO Accused VALUES (40146, 10146, 'Simon Raj', 23, 1, 'A1');
INSERT INTO ActSectionAssociation VALUES (10146, 'IPC', '302', 1, 1);
INSERT INTO ArrestSurrender VALUES (50146, 10146, 1, '2025-09-15', 29, 443, 1005, 5023, 453, 40146, 1, 0);
INSERT INTO CaseMaster VALUES (10147, '104431004202300147', '202300147', '2026-04-09', 5016, 1004, 1, 1, 101, 201, 1, 453, '2026-04-07 10:00:00', '2026-04-07 11:00:00', '2026-04-09 09:00:00', 17.545055, 76.286132, 'Laboriosam praesentium aspernatur possimus numquam molestiae laborum culpa odio omnis mollitia laborum reiciendis iure id voluptatibus tempore.');
INSERT INTO ComplainantDetails VALUES (20147, 10147, 'Hredhaan Deshpande', 27, 1, 1, 1, 1);
INSERT INTO Victim VALUES (30147, 10147, 'Unni Mallick', 18, 1, '0');
INSERT INTO Accused VALUES (40147, 10147, 'Vamakshi Saran', 25, 1, 'A1');
INSERT INTO ActSectionAssociation VALUES (10147, 'IPC', '302', 1, 1);
INSERT INTO CaseMaster VALUES (10148, '104441009202500148', '202500148', '2024-05-15', 5047, 1009, 1, 1, 101, 201, 1, 454, '2024-05-12 10:00:00', '2024-05-12 11:00:00', '2024-05-15 09:00:00', 12.405284, 76.282496, 'Explicabo mollitia doloremque optio earum cupiditate similique dicta placeat aliquam nisi dolore sapiente rem ratione occaecati voluptatibus quae sequi vitae maxime.');
INSERT INTO ComplainantDetails VALUES (20148, 10148, 'Chakrika Tandon', 60, 1, 1, 1, 1);
INSERT INTO Victim VALUES (30148, 10148, 'Dalbir Sarma', 33, 1, '0');
INSERT INTO Accused VALUES (40148, 10148, 'Amara Babu', 44, 1, 'A1');
INSERT INTO ActSectionAssociation VALUES (10148, 'IPC', '302', 1, 1);
INSERT INTO ArrestSurrender VALUES (50148, 10148, 1, '2024-05-15', 29, 444, 1009, 5047, 454, 40148, 1, 0);
INSERT INTO CaseMaster VALUES (10149, '304451001202600149', '202600149', '2025-01-14', 5008, 1001, 3, 1, 101, 201, 1, 455, '2025-01-13 10:00:00', '2025-01-13 11:00:00', '2025-01-14 09:00:00', 15.147513, 76.435538, 'Pariatur explicabo laboriosam eum architecto quis praesentium expedita nemo minima veniam quas asperiores dolorum molestias veritatis.');
INSERT INTO ComplainantDetails VALUES (20149, 10149, 'Advay Thaker', 25, 1, 1, 1, 1);
INSERT INTO Victim VALUES (30149, 10149, 'Rishi Dey', 67, 1, '0');
INSERT INTO Accused VALUES (40149, 10149, 'Megha Nagarajan', 37, 1, 'A1');
INSERT INTO ActSectionAssociation VALUES (10149, 'IPC', '302', 1, 1);
INSERT INTO CaseMaster VALUES (10150, '304451003202400150', '202400150', '2023-09-19', 5039, 1003, 3, 1, 101, 201, 1, 455, '2023-09-14 10:00:00', '2023-09-14 11:00:00', '2023-09-19 09:00:00', 13.830323, 74.376023, 'Hic repellendus doloribus eius consequuntur ut temporibus sint quis debitis.');
INSERT INTO ComplainantDetails VALUES (20150, 10150, 'Tanvi Puri', 37, 1, 1, 1, 1);
INSERT INTO Victim VALUES (30150, 10150, 'Hemal Pall', 37, 1, '0');
INSERT INTO Accused VALUES (40150, 10150, 'Yashawini Grover', 26, 1, 'A1');
INSERT INTO ActSectionAssociation VALUES (10150, 'IPC', '302', 1, 1);
INSERT INTO ArrestSurrender VALUES (50150, 10150, 1, '2023-09-19', 29, 445, 1003, 5039, 455, 40150, 1, 0);
INSERT INTO CaseMaster VALUES (10151, '104441009202400151', '202400151', '2024-04-30', 5041, 1009, 1, 1, 101, 201, 1, 454, '2024-04-25 10:00:00', '2024-04-25 11:00:00', '2024-04-30 09:00:00', 12.346604, 76.043181, 'Rem quia magni eos facilis accusamus rerum neque totam eos molestiae odio unde.');
INSERT INTO ComplainantDetails VALUES (20151, 10151, 'Teerth Rout', 41, 1, 1, 1, 1);
INSERT INTO Victim VALUES (30151, 10151, 'Tristan Mukhopadhyay', 62, 1, '0');
INSERT INTO Accused VALUES (40151, 10151, 'Reva Ganesh', 22, 1, 'A1');
INSERT INTO ActSectionAssociation VALUES (10151, 'IPC', '302', 1, 1);
INSERT INTO CaseMaster VALUES (10152, '304431004202600152', '202600152', '2026-06-28', 5042, 1004, 3, 1, 101, 201, 1, 453, '2026-06-23 10:00:00', '2026-06-23 11:00:00', '2026-06-28 09:00:00', 17.84171, 75.623188, 'Nam nostrum deleniti odit dolore sed rem eum non nihil.');
INSERT INTO ComplainantDetails VALUES (20152, 10152, 'Yagnesh Nayar', 35, 1, 1, 1, 1);
INSERT INTO Victim VALUES (30152, 10152, 'Ekaja Shukla', 54, 1, '0');
INSERT INTO Accused VALUES (40152, 10152, 'Garima Kanda', 50, 1, 'A1');
INSERT INTO ActSectionAssociation VALUES (10152, 'IPC', '302', 1, 1);
INSERT INTO CaseMaster VALUES (10153, '304451002202600153', '202600153', '2024-11-29', 5015, 1002, 3, 1, 101, 201, 1, 455, '2024-11-24 10:00:00', '2024-11-24 11:00:00', '2024-11-29 09:00:00', 12.69915, 74.807494, 'Necessitatibus cupiditate id voluptas voluptate sed totam ad esse asperiores perferendis ipsum ipsum debitis inventore vitae dignissimos exercitationem ea.');
INSERT INTO ComplainantDetails VALUES (20153, 10153, 'Ekiya Kumer', 45, 1, 1, 1, 1);
INSERT INTO Victim VALUES (30153, 10153, 'Rishi Kamdar', 59, 1, '0');
INSERT INTO Accused VALUES (40153, 10153, 'Oeshi Jain', 36, 1, 'A1');
INSERT INTO ActSectionAssociation VALUES (10153, 'IPC', '302', 1, 1);
INSERT INTO CaseMaster VALUES (10154, '304451001202500154', '202500154', '2025-04-03', 5032, 1001, 3, 1, 101, 201, 1, 455, '2025-03-31 10:00:00', '2025-03-31 11:00:00', '2025-04-03 09:00:00', 15.582558, 77.080828, 'Sunt reprehenderit nisi reprehenderit atque ab rem unde nam eligendi quisquam laboriosam soluta minima amet repellat blanditiis praesentium deserunt dicta.');
INSERT INTO ComplainantDetails VALUES (20154, 10154, 'Mitesh Bahri', 27, 1, 1, 1, 1);
INSERT INTO Victim VALUES (30154, 10154, 'Mason Chaudhry', 51, 1, '0');
INSERT INTO Accused VALUES (40154, 10154, 'Azaan Sama', 54, 1, 'A1');
INSERT INTO ActSectionAssociation VALUES (10154, 'IPC', '302', 1, 1);
INSERT INTO ArrestSurrender VALUES (50154, 10154, 1, '2025-04-03', 29, 445, 1001, 5032, 455, 40154, 1, 0);
INSERT INTO CaseMaster VALUES (10155, '104441006202400155', '202400155', '2023-12-29', 5039, 1006, 1, 1, 101, 201, 1, 454, '2023-12-29 10:00:00', '2023-12-29 11:00:00', '2023-12-29 09:00:00', 15.665763, 75.727747, 'Provident exercitationem maiores consequatur unde cum minima perspiciatis cum maxime deserunt voluptates numquam.');
INSERT INTO ComplainantDetails VALUES (20155, 10155, 'Anita Baria', 31, 1, 1, 1, 1);
INSERT INTO Victim VALUES (30155, 10155, 'Radhika Babu', 37, 1, '0');
INSERT INTO Accused VALUES (40155, 10155, 'Aadhya Kannan', 30, 1, 'A1');
INSERT INTO ActSectionAssociation VALUES (10155, 'IPC', '302', 1, 1);
INSERT INTO ArrestSurrender VALUES (50155, 10155, 1, '2023-12-29', 29, 444, 1006, 5039, 454, 40155, 1, 0);
INSERT INTO CaseMaster VALUES (10156, '104451003202400156', '202400156', '2024-05-20', 5020, 1003, 1, 1, 101, 201, 1, 455, '2024-05-17 10:00:00', '2024-05-17 11:00:00', '2024-05-20 09:00:00', 12.550733, 75.098708, 'Beatae atque qui repellendus consequatur quas similique earum assumenda accusamus.');
INSERT INTO ComplainantDetails VALUES (20156, 10156, 'Ekta Samra', 34, 1, 1, 1, 1);
INSERT INTO Victim VALUES (30156, 10156, 'Omya Bera', 46, 1, '0');
INSERT INTO Accused VALUES (40156, 10156, 'Faras Majumdar', 27, 1, 'A1');
INSERT INTO ActSectionAssociation VALUES (10156, 'IPC', '302', 1, 1);
INSERT INTO CaseMaster VALUES (10157, '304451003202300157', '202300157', '2025-03-05', 5005, 1003, 3, 1, 101, 201, 1, 455, '2025-03-05 10:00:00', '2025-03-05 11:00:00', '2025-03-05 09:00:00', 15.817121, 74.622603, 'Velit aliquid vero consequuntur molestiae tenetur cumque facere esse perferendis laborum laboriosam dolor doloremque debitis quasi facilis dignissimos quis.');
INSERT INTO ComplainantDetails VALUES (20157, 10157, 'Kevin Mishra', 37, 1, 1, 1, 1);
INSERT INTO Victim VALUES (30157, 10157, 'Ekalinga Sachar', 30, 1, '0');
INSERT INTO Accused VALUES (40157, 10157, 'Anvi Sami', 47, 1, 'A1');
INSERT INTO ActSectionAssociation VALUES (10157, 'IPC', '302', 1, 1);
INSERT INTO CaseMaster VALUES (10158, '104441008202500158', '202500158', '2025-04-28', 5009, 1008, 1, 1, 101, 201, 1, 454, '2025-04-28 10:00:00', '2025-04-28 11:00:00', '2025-04-28 09:00:00', 12.676097, 75.483693, 'Sunt amet nulla natus ipsum atque voluptatum rerum cum necessitatibus magnam doloremque quod.');
INSERT INTO ComplainantDetails VALUES (20158, 10158, 'Anamika Kade', 40, 1, 1, 1, 1);
INSERT INTO Victim VALUES (30158, 10158, 'Rayaan Patla', 50, 1, '0');
INSERT INTO Accused VALUES (40158, 10158, 'Kritika Garg', 41, 1, 'A1');
INSERT INTO ActSectionAssociation VALUES (10158, 'IPC', '302', 1, 1);
INSERT INTO CaseMaster VALUES (10159, '104441008202500159', '202500159', '2025-10-12', 5019, 1008, 1, 1, 101, 201, 1, 454, '2025-10-07 10:00:00', '2025-10-07 11:00:00', '2025-10-12 09:00:00', 15.088694, 77.598136, 'Laboriosam quaerat voluptas veritatis aliquid excepturi explicabo tempora similique non atque non dicta accusamus.');
INSERT INTO ComplainantDetails VALUES (20159, 10159, 'Hamsini Chand', 33, 1, 1, 1, 1);
INSERT INTO Victim VALUES (30159, 10159, 'Daksha Ahluwalia', 29, 1, '0');
INSERT INTO Accused VALUES (40159, 10159, 'Oni Vohra', 21, 1, 'A1');
INSERT INTO ActSectionAssociation VALUES (10159, 'IPC', '302', 1, 1);
INSERT INTO ArrestSurrender VALUES (50159, 10159, 1, '2025-10-12', 29, 444, 1008, 5019, 454, 40159, 1, 0);
INSERT INTO CaseMaster VALUES (10160, '104451001202500160', '202500160', '2025-10-23', 5042, 1001, 1, 1, 101, 201, 1, 455, '2025-10-23 10:00:00', '2025-10-23 11:00:00', '2025-10-23 09:00:00', 17.429255, 77.798646, 'Iure possimus minus at possimus rerum quas magni cumque.');
INSERT INTO ComplainantDetails VALUES (20160, 10160, 'Sneha Bhat', 35, 1, 1, 1, 1);
INSERT INTO Victim VALUES (30160, 10160, 'Riya Date', 65, 1, '0');
INSERT INTO Accused VALUES (40160, 10160, 'Meghana Goel', 46, 1, 'A1');
INSERT INTO ActSectionAssociation VALUES (10160, 'IPC', '302', 1, 1);
INSERT INTO CaseMaster VALUES (10161, '304451010202500161', '202500161', '2024-03-25', 5038, 1010, 3, 1, 101, 201, 1, 455, '2024-03-21 10:00:00', '2024-03-21 11:00:00', '2024-03-25 09:00:00', 16.125427, 76.372154, 'Nostrum rerum delectus ducimus ratione totam atque deserunt voluptate voluptate porro iure.');
INSERT INTO ComplainantDetails VALUES (20161, 10161, 'Aachal Raval', 40, 1, 1, 1, 1);
INSERT INTO Victim VALUES (30161, 10161, 'Farhan Munshi', 35, 1, '0');
INSERT INTO Accused VALUES (40161, 10161, 'Manya Majumdar', 32, 1, 'A1');
INSERT INTO ActSectionAssociation VALUES (10161, 'IPC', '302', 1, 1);
INSERT INTO CaseMaster VALUES (10162, '304451001202400162', '202400162', '2025-01-05', 5041, 1001, 3, 1, 101, 201, 1, 455, '2025-01-04 10:00:00', '2025-01-04 11:00:00', '2025-01-05 09:00:00', 16.770081, 77.000071, 'Nemo sit aperiam voluptas hic eos culpa suscipit reiciendis omnis quae autem aperiam dolorem tenetur dignissimos dolore amet mollitia dolor.');
INSERT INTO ComplainantDetails VALUES (20162, 10162, 'Lopa Kale', 27, 1, 1, 1, 1);
INSERT INTO Victim VALUES (30162, 10162, 'Omisha Basak', 61, 1, '0');
INSERT INTO Accused VALUES (40162, 10162, 'Chatresh Kohli', 29, 1, 'A1');
INSERT INTO ActSectionAssociation VALUES (10162, 'IPC', '302', 1, 1);
INSERT INTO CaseMaster VALUES (10163, '104431007202600163', '202600163', '2023-07-21', 5032, 1007, 1, 1, 101, 201, 1, 453, '2023-07-19 10:00:00', '2023-07-19 11:00:00', '2023-07-21 09:00:00', 12.438513, 75.723435, 'Laborum quod rerum voluptatum tempora expedita reiciendis id dolores magnam eos exercitationem beatae.');
INSERT INTO ComplainantDetails VALUES (20163, 10163, 'Theodore Gandhi', 21, 1, 1, 1, 1);
INSERT INTO Victim VALUES (30163, 10163, 'Liam Sura', 60, 1, '0');
INSERT INTO Accused VALUES (40163, 10163, 'Tanay Sarma', 33, 1, 'A1');
INSERT INTO ActSectionAssociation VALUES (10163, 'IPC', '302', 1, 1);
INSERT INTO ArrestSurrender VALUES (50163, 10163, 1, '2023-07-21', 29, 443, 1007, 5032, 453, 40163, 1, 0);
INSERT INTO CaseMaster VALUES (10164, '304441006202400164', '202400164', '2024-12-08', 5036, 1006, 3, 1, 101, 201, 1, 454, '2024-12-03 10:00:00', '2024-12-03 11:00:00', '2024-12-08 09:00:00', 17.28335, 74.504071, 'Libero perspiciatis a quas facere consequuntur dolores quisquam unde.');
INSERT INTO ComplainantDetails VALUES (20164, 10164, 'Ekalinga Panchal', 52, 1, 1, 1, 1);
INSERT INTO Victim VALUES (30164, 10164, 'Balhaar Behl', 63, 1, '0');
INSERT INTO Accused VALUES (40164, 10164, 'Zehaan Ganesh', 52, 1, 'A1');
INSERT INTO ActSectionAssociation VALUES (10164, 'IPC', '302', 1, 1);
INSERT INTO ArrestSurrender VALUES (50164, 10164, 1, '2024-12-08', 29, 444, 1006, 5036, 454, 40164, 1, 0);
INSERT INTO CaseMaster VALUES (10165, '104451001202500165', '202500165', '2026-05-07', 5039, 1001, 1, 1, 101, 201, 1, 455, '2026-05-05 10:00:00', '2026-05-05 11:00:00', '2026-05-07 09:00:00', 17.786794, 77.92196, 'Vel cumque magnam fugit quisquam illo vero eligendi expedita quaerat sapiente quisquam sed harum voluptate.');
INSERT INTO ComplainantDetails VALUES (20165, 10165, 'Owen Shah', 37, 1, 1, 1, 1);
INSERT INTO Victim VALUES (30165, 10165, 'Elijah Patil', 36, 1, '0');
INSERT INTO Accused VALUES (40165, 10165, 'Yatan Cherian', 22, 1, 'A1');
INSERT INTO ActSectionAssociation VALUES (10165, 'IPC', '302', 1, 1);
INSERT INTO ArrestSurrender VALUES (50165, 10165, 1, '2026-05-07', 29, 445, 1001, 5039, 455, 40165, 1, 0);
INSERT INTO CaseMaster VALUES (10166, '304451002202600166', '202600166', '2025-07-01', 5001, 1002, 3, 1, 101, 201, 1, 455, '2025-06-27 10:00:00', '2025-06-27 11:00:00', '2025-07-01 09:00:00', 14.267021, 76.587457, 'Eius deserunt nam ut mollitia deleniti praesentium hic blanditiis iste tenetur saepe laudantium at aliquam.');
INSERT INTO ComplainantDetails VALUES (20166, 10166, 'Ekiya Contractor', 24, 1, 1, 1, 1);
INSERT INTO Victim VALUES (30166, 10166, 'Hemani Rout', 69, 1, '0');
INSERT INTO Accused VALUES (40166, 10166, 'Dev Mall', 53, 1, 'A1');
INSERT INTO ActSectionAssociation VALUES (10166, 'IPC', '302', 1, 1);
INSERT INTO CaseMaster VALUES (10167, '104441008202300167', '202300167', '2023-08-11', 5028, 1008, 1, 1, 101, 201, 1, 454, '2023-08-07 10:00:00', '2023-08-07 11:00:00', '2023-08-11 09:00:00', 13.564765, 74.913552, 'Recusandae alias est tempora ipsa occaecati sapiente exercitationem provident optio.');
INSERT INTO ComplainantDetails VALUES (20167, 10167, 'Falak Barad', 42, 1, 1, 1, 1);
INSERT INTO Victim VALUES (30167, 10167, 'Vasudha Tandon', 41, 1, '0');
INSERT INTO Accused VALUES (40167, 10167, 'Arunima Pandya', 51, 1, 'A1');
INSERT INTO ActSectionAssociation VALUES (10167, 'IPC', '302', 1, 1);
INSERT INTO ArrestSurrender VALUES (50167, 10167, 1, '2023-08-11', 29, 444, 1008, 5028, 454, 40167, 1, 0);
INSERT INTO CaseMaster VALUES (10168, '104451003202400168', '202400168', '2025-11-19', 5030, 1003, 1, 1, 101, 201, 1, 455, '2025-11-19 10:00:00', '2025-11-19 11:00:00', '2025-11-19 09:00:00', 14.846691, 76.055434, 'Quasi autem exercitationem commodi porro culpa ab neque fugiat itaque.');
INSERT INTO ComplainantDetails VALUES (20168, 10168, 'Harsh Ramaswamy', 42, 1, 1, 1, 1);
INSERT INTO Victim VALUES (30168, 10168, 'Chatura Baria', 33, 1, '0');
INSERT INTO Accused VALUES (40168, 10168, 'Rachit Krishna', 46, 1, 'A1');
INSERT INTO ActSectionAssociation VALUES (10168, 'IPC', '302', 1, 1);
INSERT INTO CaseMaster VALUES (10169, '304441009202400169', '202400169', '2024-03-27', 5038, 1009, 3, 1, 101, 201, 1, 454, '2024-03-23 10:00:00', '2024-03-23 11:00:00', '2024-03-27 09:00:00', 14.175628, 75.366647, 'Laborum a dolor at quia inventore molestias aspernatur ex.');
INSERT INTO ComplainantDetails VALUES (20169, 10169, 'Lakshmi Din', 33, 1, 1, 1, 1);
INSERT INTO Victim VALUES (30169, 10169, 'Hema Anand', 51, 1, '0');
INSERT INTO Accused VALUES (40169, 10169, 'Jeremiah Ghose', 26, 1, 'A1');
INSERT INTO ActSectionAssociation VALUES (10169, 'IPC', '302', 1, 1);
INSERT INTO ArrestSurrender VALUES (50169, 10169, 1, '2024-03-27', 29, 444, 1009, 5038, 454, 40169, 1, 0);
INSERT INTO CaseMaster VALUES (10170, '104441009202300170', '202300170', '2025-09-30', 5021, 1009, 1, 1, 101, 201, 1, 454, '2025-09-25 10:00:00', '2025-09-25 11:00:00', '2025-09-30 09:00:00', 12.37926, 74.43551, 'Dicta autem magnam error quo dicta rem libero error alias corrupti molestias assumenda quasi animi itaque hic aliquid modi officiis odio.');
INSERT INTO ComplainantDetails VALUES (20170, 10170, 'Nisha Dubey', 37, 1, 1, 1, 1);
INSERT INTO Victim VALUES (30170, 10170, 'Ekavir Mani', 31, 1, '0');
INSERT INTO Accused VALUES (40170, 10170, 'Girik Varghese', 45, 1, 'A1');
INSERT INTO ActSectionAssociation VALUES (10170, 'IPC', '302', 1, 1);
INSERT INTO ArrestSurrender VALUES (50170, 10170, 1, '2025-09-30', 29, 444, 1009, 5021, 454, 40170, 1, 0);
INSERT INTO CaseMaster VALUES (10171, '104451010202500171', '202500171', '2024-10-16', 5005, 1010, 1, 1, 101, 201, 1, 455, '2024-10-12 10:00:00', '2024-10-12 11:00:00', '2024-10-16 09:00:00', 15.76407, 75.206651, 'Corrupti veritatis ut molestiae id ex qui molestiae illum cupiditate amet officiis exercitationem delectus saepe aut voluptates.');
INSERT INTO ComplainantDetails VALUES (20171, 10171, 'Harrison Raj', 32, 1, 1, 1, 1);
INSERT INTO Victim VALUES (30171, 10171, 'Samaksh Kibe', 40, 1, '0');
INSERT INTO Accused VALUES (40171, 10171, 'Krishna Sridhar', 52, 1, 'A1');
INSERT INTO ActSectionAssociation VALUES (10171, 'IPC', '302', 1, 1);
INSERT INTO CaseMaster VALUES (10172, '304431005202500172', '202500172', '2025-06-30', 5048, 1005, 3, 1, 101, 201, 1, 453, '2025-06-25 10:00:00', '2025-06-25 11:00:00', '2025-06-30 09:00:00', 14.364582, 75.628583, 'Minus nesciunt quasi molestias accusamus tempore minus odio amet voluptatem atque fugiat nam et tenetur.');
INSERT INTO ComplainantDetails VALUES (20172, 10172, 'Yashodhara Dass', 53, 1, 1, 1, 1);
INSERT INTO Victim VALUES (30172, 10172, 'Timothy Shukla', 37, 1, '0');
INSERT INTO Accused VALUES (40172, 10172, 'Girik Borde', 49, 1, 'A1');
INSERT INTO ActSectionAssociation VALUES (10172, 'IPC', '302', 1, 1);
INSERT INTO CaseMaster VALUES (10173, '304431004202400173', '202400173', '2026-02-21', 5008, 1004, 3, 1, 101, 201, 1, 453, '2026-02-16 10:00:00', '2026-02-16 11:00:00', '2026-02-21 09:00:00', 15.122986, 75.329976, 'Optio deserunt quasi rerum repellat maiores harum minus modi eveniet dignissimos fugiat dolore quae minima dolore dignissimos aspernatur accusantium.');
INSERT INTO ComplainantDetails VALUES (20173, 10173, 'Yasti Bali', 35, 1, 1, 1, 1);
INSERT INTO Victim VALUES (30173, 10173, 'Siddharth Bajaj', 31, 1, '0');
INSERT INTO Accused VALUES (40173, 10173, 'Dhriti Soni', 31, 1, 'A1');
INSERT INTO ActSectionAssociation VALUES (10173, 'IPC', '302', 1, 1);
INSERT INTO ArrestSurrender VALUES (50173, 10173, 1, '2026-02-21', 29, 443, 1004, 5008, 453, 40173, 1, 0);
INSERT INTO CaseMaster VALUES (10174, '304441009202300174', '202300174', '2026-07-08', 5040, 1009, 3, 1, 101, 201, 1, 454, '2026-07-08 10:00:00', '2026-07-08 11:00:00', '2026-07-08 09:00:00', 14.16687, 77.333601, 'Amet at sint facere soluta explicabo cupiditate mollitia deleniti soluta doloremque.');
INSERT INTO ComplainantDetails VALUES (20174, 10174, 'Manbir Grover', 60, 1, 1, 1, 1);
INSERT INTO Victim VALUES (30174, 10174, 'Alexander Mohanty', 36, 1, '0');
INSERT INTO Accused VALUES (40174, 10174, 'Nihal Saxena', 33, 1, 'A1');
INSERT INTO ActSectionAssociation VALUES (10174, 'IPC', '302', 1, 1);
INSERT INTO CaseMaster VALUES (10175, '104431007202500175', '202500175', '2023-11-03', 5033, 1007, 1, 1, 101, 201, 1, 453, '2023-10-31 10:00:00', '2023-10-31 11:00:00', '2023-11-03 09:00:00', 14.986594, 76.302337, 'Laborum blanditiis ipsum distinctio dolores magnam eaque iure nobis tempore a sunt.');
INSERT INTO ComplainantDetails VALUES (20175, 10175, 'Barkha Doshi', 52, 1, 1, 1, 1);
INSERT INTO Victim VALUES (30175, 10175, 'Leena Gandhi', 65, 1, '0');
INSERT INTO Accused VALUES (40175, 10175, 'Yagnesh Sharma', 40, 1, 'A1');
INSERT INTO ActSectionAssociation VALUES (10175, 'IPC', '302', 1, 1);
INSERT INTO ArrestSurrender VALUES (50175, 10175, 1, '2023-11-03', 29, 443, 1007, 5033, 453, 40175, 1, 0);
INSERT INTO CaseMaster VALUES (10176, '104451010202300176', '202300176', '2023-11-28', 5021, 1010, 1, 1, 101, 201, 1, 455, '2023-11-24 10:00:00', '2023-11-24 11:00:00', '2023-11-28 09:00:00', 15.096053, 75.097703, 'At nihil adipisci quibusdam nostrum autem dolore in iure quidem iusto quas.');
INSERT INTO ComplainantDetails VALUES (20176, 10176, 'Viraj Koshy', 54, 1, 1, 1, 1);
INSERT INTO Victim VALUES (30176, 10176, 'Indrajit Basu', 29, 1, '0');
INSERT INTO Accused VALUES (40176, 10176, 'Christopher Vohra', 49, 1, 'A1');
INSERT INTO ActSectionAssociation VALUES (10176, 'IPC', '302', 1, 1);
INSERT INTO ArrestSurrender VALUES (50176, 10176, 1, '2023-11-28', 29, 445, 1010, 5021, 455, 40176, 1, 0);
INSERT INTO CaseMaster VALUES (10177, '104451002202500177', '202500177', '2024-08-12', 5040, 1002, 1, 1, 101, 201, 1, 455, '2024-08-07 10:00:00', '2024-08-07 11:00:00', '2024-08-12 09:00:00', 12.633337, 75.892133, 'Tempora voluptatibus perferendis quod doloremque animi quibusdam aliquam eveniet eos magni nulla modi deserunt quisquam fugit cupiditate.');
INSERT INTO ComplainantDetails VALUES (20177, 10177, 'Alka Sarkar', 35, 1, 1, 1, 1);
INSERT INTO Victim VALUES (30177, 10177, 'Tamanna Karan', 25, 1, '0');
INSERT INTO Accused VALUES (40177, 10177, 'George Tandon', 23, 1, 'A1');
INSERT INTO ActSectionAssociation VALUES (10177, 'IPC', '302', 1, 1);
INSERT INTO ArrestSurrender VALUES (50177, 10177, 1, '2024-08-12', 29, 445, 1002, 5040, 455, 40177, 1, 0);
INSERT INTO CaseMaster VALUES (10178, '104451010202400178', '202400178', '2025-05-01', 5019, 1010, 1, 1, 101, 201, 1, 455, '2025-04-28 10:00:00', '2025-04-28 11:00:00', '2025-05-01 09:00:00', 13.989607, 75.615672, 'Doloremque reprehenderit a nihil molestias nam facere quia est beatae quas excepturi dolore unde.');
INSERT INTO ComplainantDetails VALUES (20178, 10178, 'Radhika Vyas', 50, 1, 1, 1, 1);
INSERT INTO Victim VALUES (30178, 10178, 'Raghav Sandal', 41, 1, '0');
INSERT INTO Accused VALUES (40178, 10178, 'Zinal Divan', 37, 1, 'A1');
INSERT INTO ActSectionAssociation VALUES (10178, 'IPC', '302', 1, 1);
INSERT INTO ArrestSurrender VALUES (50178, 10178, 1, '2025-05-01', 29, 445, 1010, 5019, 455, 40178, 1, 0);
INSERT INTO CaseMaster VALUES (10179, '104441006202500179', '202500179', '2025-11-05', 5032, 1006, 1, 1, 101, 201, 1, 454, '2025-11-01 10:00:00', '2025-11-01 11:00:00', '2025-11-05 09:00:00', 15.711435, 76.69339, 'Dignissimos reprehenderit optio officiis nemo minus corrupti accusamus eos reiciendis aut veniam ab magnam a illum.');
INSERT INTO ComplainantDetails VALUES (20179, 10179, 'Megha Varughese', 59, 1, 1, 1, 1);
INSERT INTO Victim VALUES (30179, 10179, 'Janaki Lall', 42, 1, '0');
INSERT INTO Accused VALUES (40179, 10179, 'Chanakya Boase', 40, 1, 'A1');
INSERT INTO ActSectionAssociation VALUES (10179, 'IPC', '302', 1, 1);
INSERT INTO ArrestSurrender VALUES (50179, 10179, 1, '2025-11-05', 29, 444, 1006, 5032, 454, 40179, 1, 0);
INSERT INTO CaseMaster VALUES (10180, '104431007202400180', '202400180', '2023-12-01', 5003, 1007, 1, 1, 101, 201, 1, 453, '2023-11-26 10:00:00', '2023-11-26 11:00:00', '2023-12-01 09:00:00', 17.388297, 74.718261, 'Fugiat cumque nulla sit sapiente molestias ipsum vero alias quisquam deserunt modi.');
INSERT INTO ComplainantDetails VALUES (20180, 10180, 'Lekha Parikh', 41, 1, 1, 1, 1);
INSERT INTO Victim VALUES (30180, 10180, 'Kala Deol', 59, 1, '0');
INSERT INTO Accused VALUES (40180, 10180, 'Yauvani Sridhar', 46, 1, 'A1');
INSERT INTO ActSectionAssociation VALUES (10180, 'IPC', '302', 1, 1);
INSERT INTO CaseMaster VALUES (10181, '104431005202300181', '202300181', '2026-02-19', 5049, 1005, 1, 1, 101, 201, 1, 453, '2026-02-19 10:00:00', '2026-02-19 11:00:00', '2026-02-19 09:00:00', 12.848093, 76.211246, 'Ullam recusandae vel labore recusandae dolore minus iure perspiciatis expedita pariatur modi aperiam eligendi.');
INSERT INTO ComplainantDetails VALUES (20181, 10181, 'Zayyan Handa', 58, 1, 1, 1, 1);
INSERT INTO Victim VALUES (30181, 10181, 'Abhiram Bhalla', 39, 1, '0');
INSERT INTO Accused VALUES (40181, 10181, 'Rajeshri Baral', 47, 1, 'A1');
INSERT INTO ActSectionAssociation VALUES (10181, 'IPC', '302', 1, 1);
INSERT INTO ArrestSurrender VALUES (50181, 10181, 1, '2026-02-19', 29, 443, 1005, 5049, 453, 40181, 1, 0);
INSERT INTO CaseMaster VALUES (10182, '304451002202600182', '202600182', '2025-10-03', 5042, 1002, 3, 1, 101, 201, 1, 455, '2025-10-01 10:00:00', '2025-10-01 11:00:00', '2025-10-03 09:00:00', 14.21835, 75.274488, 'Excepturi minus laboriosam expedita pariatur perferendis qui nisi tempore amet deleniti ullam perspiciatis tempore architecto.');
INSERT INTO ComplainantDetails VALUES (20182, 10182, 'Maya Nigam', 51, 1, 1, 1, 1);
INSERT INTO Victim VALUES (30182, 10182, 'Brinda Dhillon', 41, 1, '0');
INSERT INTO Accused VALUES (40182, 10182, 'Ekaraj Soni', 54, 1, 'A1');
INSERT INTO ActSectionAssociation VALUES (10182, 'IPC', '302', 1, 1);
INSERT INTO CaseMaster VALUES (10183, '304441008202600183', '202600183', '2026-01-06', 5028, 1008, 3, 1, 101, 201, 1, 454, '2026-01-04 10:00:00', '2026-01-04 11:00:00', '2026-01-06 09:00:00', 14.587733, 76.208205, 'Aut sequi delectus quidem laborum at sit dolore illum accusamus.');
INSERT INTO ComplainantDetails VALUES (20183, 10183, 'Omisha Banerjee', 37, 1, 1, 1, 1);
INSERT INTO Victim VALUES (30183, 10183, 'Fitan Cheema', 20, 1, '0');
INSERT INTO Accused VALUES (40183, 10183, 'Ekavir Garg', 35, 1, 'A1');
INSERT INTO ActSectionAssociation VALUES (10183, 'IPC', '302', 1, 1);
INSERT INTO CaseMaster VALUES (10184, '104441008202600184', '202600184', '2024-01-17', 5034, 1008, 1, 1, 101, 201, 1, 454, '2024-01-12 10:00:00', '2024-01-12 11:00:00', '2024-01-17 09:00:00', 14.391407, 75.924658, 'Eum suscipit inventore id eligendi facilis dolorum natus tempora voluptatem sed porro et iure.');
INSERT INTO ComplainantDetails VALUES (20184, 10184, 'Imaran Vasa', 27, 1, 1, 1, 1);
INSERT INTO Victim VALUES (30184, 10184, 'Ojasvi Raja', 33, 1, '0');
INSERT INTO Accused VALUES (40184, 10184, 'Sanaya Tella', 36, 1, 'A1');
INSERT INTO ActSectionAssociation VALUES (10184, 'IPC', '302', 1, 1);
INSERT INTO CaseMaster VALUES (10185, '104441006202600185', '202600185', '2025-07-02', 5018, 1006, 1, 1, 101, 201, 1, 454, '2025-07-02 10:00:00', '2025-07-02 11:00:00', '2025-07-02 09:00:00', 12.653605, 77.782093, 'Aspernatur dignissimos aliquam aperiam nulla quibusdam ipsum blanditiis doloremque quod labore beatae quam impedit.');
INSERT INTO ComplainantDetails VALUES (20185, 10185, 'Anjali Sengupta', 48, 1, 1, 1, 1);
INSERT INTO Victim VALUES (30185, 10185, 'Aachal Baria', 24, 1, '0');
INSERT INTO Accused VALUES (40185, 10185, 'Zehaan Kala', 39, 1, 'A1');
INSERT INTO ActSectionAssociation VALUES (10185, 'IPC', '302', 1, 1);
INSERT INTO CaseMaster VALUES (10186, '104431007202600186', '202600186', '2023-11-07', 5036, 1007, 1, 1, 101, 201, 1, 453, '2023-11-07 10:00:00', '2023-11-07 11:00:00', '2023-11-07 09:00:00', 15.920725, 77.273962, 'Quae tenetur quibusdam deleniti neque asperiores eum architecto a inventore molestias tenetur quam aliquid tempora accusantium facere vero rem beatae.');
INSERT INTO ComplainantDetails VALUES (20186, 10186, 'Yadavi Virk', 43, 1, 1, 1, 1);
INSERT INTO Victim VALUES (30186, 10186, 'Ekanta Apte', 33, 1, '0');
INSERT INTO Accused VALUES (40186, 10186, 'Kalpit Batta', 48, 1, 'A1');
INSERT INTO ActSectionAssociation VALUES (10186, 'IPC', '302', 1, 1);
INSERT INTO CaseMaster VALUES (10187, '304431005202400187', '202400187', '2025-11-27', 5049, 1005, 3, 1, 101, 201, 1, 453, '2025-11-24 10:00:00', '2025-11-24 11:00:00', '2025-11-27 09:00:00', 14.521194, 76.393408, 'Soluta tempora eum corrupti rem rerum nisi distinctio tenetur officia possimus maiores aspernatur quasi.');
INSERT INTO ComplainantDetails VALUES (20187, 10187, 'Rohan Luthra', 53, 1, 1, 1, 1);
INSERT INTO Victim VALUES (30187, 10187, 'Gaurang Kanda', 61, 1, '0');
INSERT INTO Accused VALUES (40187, 10187, 'Ekani Sandal', 29, 1, 'A1');
INSERT INTO ActSectionAssociation VALUES (10187, 'IPC', '302', 1, 1);
INSERT INTO CaseMaster VALUES (10188, '104441008202400188', '202400188', '2024-05-18', 5045, 1008, 1, 1, 101, 201, 1, 454, '2024-05-15 10:00:00', '2024-05-15 11:00:00', '2024-05-18 09:00:00', 13.219444, 75.343419, 'Fugit ducimus vel in ducimus recusandae laborum unde nemo fuga.');
INSERT INTO ComplainantDetails VALUES (20188, 10188, 'Devansh Sengupta', 30, 1, 1, 1, 1);
INSERT INTO Victim VALUES (30188, 10188, 'Umang Pant', 34, 1, '0');
INSERT INTO Accused VALUES (40188, 10188, 'Adweta Dhillon', 38, 1, 'A1');
INSERT INTO ActSectionAssociation VALUES (10188, 'IPC', '302', 1, 1);
INSERT INTO CaseMaster VALUES (10189, '304431007202400189', '202400189', '2023-12-16', 5029, 1007, 3, 1, 101, 201, 1, 453, '2023-12-16 10:00:00', '2023-12-16 11:00:00', '2023-12-16 09:00:00', 17.555296, 74.822163, 'Corporis est expedita ut explicabo modi nesciunt architecto non ad non minima inventore.');
INSERT INTO ComplainantDetails VALUES (20189, 10189, 'Utkarsh Balan', 28, 1, 1, 1, 1);
INSERT INTO Victim VALUES (30189, 10189, 'Kai Sen', 61, 1, '0');
INSERT INTO Accused VALUES (40189, 10189, 'Guneet Gour', 54, 1, 'A1');
INSERT INTO ActSectionAssociation VALUES (10189, 'IPC', '302', 1, 1);
INSERT INTO ArrestSurrender VALUES (50189, 10189, 1, '2023-12-16', 29, 443, 1007, 5029, 453, 40189, 1, 0);
INSERT INTO CaseMaster VALUES (10190, '304431005202600190', '202600190', '2025-11-29', 5003, 1005, 3, 1, 101, 201, 1, 453, '2025-11-24 10:00:00', '2025-11-24 11:00:00', '2025-11-29 09:00:00', 14.375598, 77.224449, 'Accusantium ab rerum accusamus itaque iure at necessitatibus mollitia voluptatibus ipsum officia sed placeat dolores sapiente laudantium optio adipisci.');
INSERT INTO ComplainantDetails VALUES (20190, 10190, 'Aachal Mohanty', 58, 1, 1, 1, 1);
INSERT INTO Victim VALUES (30190, 10190, 'Unnati Gill', 26, 1, '0');
INSERT INTO Accused VALUES (40190, 10190, 'Omkaar Varghese', 28, 1, 'A1');
INSERT INTO ActSectionAssociation VALUES (10190, 'IPC', '302', 1, 1);
INSERT INTO ArrestSurrender VALUES (50190, 10190, 1, '2025-11-29', 29, 443, 1005, 5003, 453, 40190, 1, 0);
INSERT INTO CaseMaster VALUES (10191, '304441008202300191', '202300191', '2023-09-20', 5049, 1008, 3, 1, 101, 201, 1, 454, '2023-09-16 10:00:00', '2023-09-16 11:00:00', '2023-09-20 09:00:00', 12.6298, 74.788352, 'Delectus quod et itaque eum delectus dolorem voluptate consequatur sunt tempora.');
INSERT INTO ComplainantDetails VALUES (20191, 10191, 'Chaman Dalal', 49, 1, 1, 1, 1);
INSERT INTO Victim VALUES (30191, 10191, 'Anthony Subramanian', 30, 1, '0');
INSERT INTO Accused VALUES (40191, 10191, 'Ayush Sengupta', 39, 1, 'A1');
INSERT INTO ActSectionAssociation VALUES (10191, 'IPC', '302', 1, 1);
INSERT INTO CaseMaster VALUES (10192, '304431004202300192', '202300192', '2026-03-05', 5030, 1004, 3, 1, 101, 201, 1, 453, '2026-03-02 10:00:00', '2026-03-02 11:00:00', '2026-03-05 09:00:00', 15.488503, 76.21576, 'Quia ipsa vel asperiores praesentium alias fugit laboriosam quis optio pariatur consectetur reiciendis vitae reprehenderit.');
INSERT INTO ComplainantDetails VALUES (20192, 10192, 'Nakul Nanda', 44, 1, 1, 1, 1);
INSERT INTO Victim VALUES (30192, 10192, 'Oliver Dhaliwal', 33, 1, '0');
INSERT INTO Accused VALUES (40192, 10192, 'Manthan Ahluwalia', 35, 1, 'A1');
INSERT INTO ActSectionAssociation VALUES (10192, 'IPC', '302', 1, 1);
INSERT INTO CaseMaster VALUES (10193, '304431007202600193', '202600193', '2026-06-03', 5022, 1007, 3, 1, 101, 201, 1, 453, '2026-06-01 10:00:00', '2026-06-01 11:00:00', '2026-06-03 09:00:00', 17.5038, 74.515003, 'Dolores assumenda ipsam in laborum iure et autem voluptatum modi omnis.');
INSERT INTO ComplainantDetails VALUES (20193, 10193, 'Yadavi Merchant', 24, 1, 1, 1, 1);
INSERT INTO Victim VALUES (30193, 10193, 'Zansi Shetty', 63, 1, '0');
INSERT INTO Accused VALUES (40193, 10193, 'Ojasvi Sodhi', 44, 1, 'A1');
INSERT INTO ActSectionAssociation VALUES (10193, 'IPC', '302', 1, 1);
INSERT INTO CaseMaster VALUES (10194, '104451010202600194', '202600194', '2026-06-08', 5003, 1010, 1, 1, 101, 201, 1, 455, '2026-06-06 10:00:00', '2026-06-06 11:00:00', '2026-06-08 09:00:00', 17.162058, 77.679048, 'Totam earum sunt debitis optio voluptatum expedita consequuntur illum veniam vero cupiditate fugiat soluta quaerat reprehenderit blanditiis.');
INSERT INTO ComplainantDetails VALUES (20194, 10194, 'Udant Chada', 52, 1, 1, 1, 1);
INSERT INTO Victim VALUES (30194, 10194, 'Yadavi Raval', 28, 1, '0');
INSERT INTO Accused VALUES (40194, 10194, 'Hredhaan Hora', 40, 1, 'A1');
INSERT INTO ActSectionAssociation VALUES (10194, 'IPC', '302', 1, 1);
INSERT INTO CaseMaster VALUES (10195, '304451010202500195', '202500195', '2025-12-12', 5038, 1010, 3, 1, 101, 201, 1, 455, '2025-12-09 10:00:00', '2025-12-09 11:00:00', '2025-12-12 09:00:00', 12.644427, 75.211524, 'Laboriosam repellat nostrum debitis unde neque ratione repudiandae facilis incidunt perferendis itaque minus repudiandae sunt reiciendis reprehenderit.');
INSERT INTO ComplainantDetails VALUES (20195, 10195, 'Noah Master', 26, 1, 1, 1, 1);
INSERT INTO Victim VALUES (30195, 10195, 'Geetika Dass', 36, 1, '0');
INSERT INTO Accused VALUES (40195, 10195, 'Vasana Anand', 24, 1, 'A1');
INSERT INTO ActSectionAssociation VALUES (10195, 'IPC', '302', 1, 1);
INSERT INTO CaseMaster VALUES (10196, '304441008202600196', '202600196', '2026-01-07', 5004, 1008, 3, 1, 101, 201, 1, 454, '2026-01-06 10:00:00', '2026-01-06 11:00:00', '2026-01-07 09:00:00', 13.416836, 76.627758, 'Facere nesciunt alias sapiente aut reprehenderit est deserunt maiores reprehenderit assumenda illo.');
INSERT INTO ComplainantDetails VALUES (20196, 10196, 'Indali Sahota', 27, 1, 1, 1, 1);
INSERT INTO Victim VALUES (30196, 10196, 'Jalsa Dugar', 60, 1, '0');
INSERT INTO Accused VALUES (40196, 10196, 'Fariq Sankar', 28, 1, 'A1');
INSERT INTO ActSectionAssociation VALUES (10196, 'IPC', '302', 1, 1);
INSERT INTO CaseMaster VALUES (10197, '104451010202500197', '202500197', '2025-11-24', 5046, 1010, 1, 1, 101, 201, 1, 455, '2025-11-20 10:00:00', '2025-11-20 11:00:00', '2025-11-24 09:00:00', 15.285885, 76.186205, 'Enim earum reiciendis sit ab molestiae officiis similique tempora quos quo magnam possimus ullam ad debitis ad dolorum dolor.');
INSERT INTO ComplainantDetails VALUES (20197, 10197, 'Inaya Shan', 38, 1, 1, 1, 1);
INSERT INTO Victim VALUES (30197, 10197, 'Viraj Sengupta', 26, 1, '0');
INSERT INTO Accused VALUES (40197, 10197, 'George Tandon', 23, 1, 'A1');
INSERT INTO ActSectionAssociation VALUES (10197, 'IPC', '302', 1, 1);
INSERT INTO ArrestSurrender VALUES (50197, 10197, 1, '2025-11-24', 29, 445, 1010, 5046, 455, 40197, 1, 0);
INSERT INTO CaseMaster VALUES (10198, '304441006202600198', '202600198', '2024-12-23', 5026, 1006, 3, 1, 101, 201, 1, 454, '2024-12-18 10:00:00', '2024-12-18 11:00:00', '2024-12-23 09:00:00', 12.960034, 76.645796, 'A deleniti autem alias laudantium hic praesentium sed distinctio.');
INSERT INTO ComplainantDetails VALUES (20198, 10198, 'William Bakshi', 40, 1, 1, 1, 1);
INSERT INTO Victim VALUES (30198, 10198, 'Reva Chowdhury', 39, 1, '0');
INSERT INTO Accused VALUES (40198, 10198, 'Alka Loke', 26, 1, 'A1');
INSERT INTO ActSectionAssociation VALUES (10198, 'IPC', '302', 1, 1);
INSERT INTO CaseMaster VALUES (10199, '304441006202300199', '202300199', '2025-01-08', 5034, 1006, 3, 1, 101, 201, 1, 454, '2025-01-06 10:00:00', '2025-01-06 11:00:00', '2025-01-08 09:00:00', 16.295981, 77.011857, 'Beatae quam sapiente occaecati enim id iste et recusandae ratione alias expedita iure laboriosam quod fugiat hic.');
INSERT INTO ComplainantDetails VALUES (20199, 10199, 'Jacob Bakshi', 53, 1, 1, 1, 1);
INSERT INTO Victim VALUES (30199, 10199, 'Damyanti Rama', 61, 1, '0');
INSERT INTO Accused VALUES (40199, 10199, 'Arya Bala', 22, 1, 'A1');
INSERT INTO ActSectionAssociation VALUES (10199, 'IPC', '302', 1, 1);
INSERT INTO ArrestSurrender VALUES (50199, 10199, 1, '2025-01-08', 29, 444, 1006, 5034, 454, 40199, 1, 0);
INSERT INTO CaseMaster VALUES (10200, '104451001202300200', '202300200', '2026-05-26', 5001, 1001, 1, 1, 101, 201, 1, 455, '2026-05-24 10:00:00', '2026-05-24 11:00:00', '2026-05-26 09:00:00', 14.403918, 75.434861, 'Esse nesciunt eos sequi quasi reiciendis minus harum impedit perferendis quam.');
INSERT INTO ComplainantDetails VALUES (20200, 10200, 'Samaksh Bhavsar', 52, 1, 1, 1, 1);
INSERT INTO Victim VALUES (30200, 10200, 'Radha Sibal', 24, 1, '0');
INSERT INTO Accused VALUES (40200, 10200, 'Jagvi Gala', 20, 1, 'A1');
INSERT INTO ActSectionAssociation VALUES (10200, 'IPC', '302', 1, 1);
INSERT INTO ArrestSurrender VALUES (50200, 10200, 1, '2026-05-26', 29, 445, 1001, 5001, 455, 40200, 1, 0);
INSERT INTO CaseMaster VALUES (10201, '104451010202500201', '202500201', '2025-06-22', 5041, 1010, 1, 1, 101, 201, 1, 455, '2025-06-18 10:00:00', '2025-06-18 11:00:00', '2025-06-22 09:00:00', 15.864103, 74.634333, 'Voluptatibus voluptas omnis enim ducimus accusantium quos dolores repellat optio ipsum ab id nobis ut dolorum at voluptatibus accusantium.');
INSERT INTO ComplainantDetails VALUES (20201, 10201, 'Abhiram Rau', 39, 1, 1, 1, 1);
INSERT INTO Victim VALUES (30201, 10201, 'Nirja Vyas', 20, 1, '0');
INSERT INTO Accused VALUES (40201, 10201, 'Krisha Dhaliwal', 37, 1, 'A1');
INSERT INTO ActSectionAssociation VALUES (10201, 'IPC', '302', 1, 1);
INSERT INTO CaseMaster VALUES (10202, '104431004202500202', '202500202', '2023-08-05', 5012, 1004, 1, 1, 101, 201, 1, 453, '2023-08-01 10:00:00', '2023-08-01 11:00:00', '2023-08-05 09:00:00', 15.085219, 76.663613, 'Animi ab laudantium delectus culpa quia necessitatibus tempore fugit assumenda assumenda a hic.');
INSERT INTO ComplainantDetails VALUES (20202, 10202, 'Ikbal Oommen', 29, 1, 1, 1, 1);
INSERT INTO Victim VALUES (30202, 10202, 'Ucchal Mangat', 22, 1, '0');
INSERT INTO Accused VALUES (40202, 10202, 'Udarsh Oommen', 38, 1, 'A1');
INSERT INTO ActSectionAssociation VALUES (10202, 'IPC', '302', 1, 1);
INSERT INTO ArrestSurrender VALUES (50202, 10202, 1, '2023-08-05', 29, 443, 1004, 5012, 453, 40202, 1, 0);
INSERT INTO CaseMaster VALUES (10203, '104441008202300203', '202300203', '2024-05-30', 5017, 1008, 1, 1, 101, 201, 1, 454, '2024-05-30 10:00:00', '2024-05-30 11:00:00', '2024-05-30 09:00:00', 14.53712, 76.342545, 'Debitis rem quasi itaque voluptates accusamus facere nostrum alias suscipit commodi sint laboriosam dolorum pariatur.');
INSERT INTO ComplainantDetails VALUES (20203, 10203, 'Sanaya Shah', 53, 1, 1, 1, 1);
INSERT INTO Victim VALUES (30203, 10203, 'Nidhi Brar', 18, 1, '0');
INSERT INTO Accused VALUES (40203, 10203, 'Zinal Sura', 21, 1, 'A1');
INSERT INTO ActSectionAssociation VALUES (10203, 'IPC', '302', 1, 1);
INSERT INTO ArrestSurrender VALUES (50203, 10203, 1, '2024-05-30', 29, 444, 1008, 5017, 454, 40203, 1, 0);
INSERT INTO CaseMaster VALUES (10204, '104441006202400204', '202400204', '2026-03-12', 5031, 1006, 1, 1, 101, 201, 1, 454, '2026-03-11 10:00:00', '2026-03-11 11:00:00', '2026-03-12 09:00:00', 13.863083, 74.792672, 'Eius nobis deleniti ea vitae assumenda hic quam praesentium eveniet vel aut est aliquid sequi doloribus ipsa esse eligendi animi.');
INSERT INTO ComplainantDetails VALUES (20204, 10204, 'Yatan Parmer', 48, 1, 1, 1, 1);
INSERT INTO Victim VALUES (30204, 10204, 'Yuvraj Chand', 50, 1, '0');
INSERT INTO Accused VALUES (40204, 10204, 'Aarna Malhotra', 47, 1, 'A1');
INSERT INTO ActSectionAssociation VALUES (10204, 'IPC', '302', 1, 1);
INSERT INTO CaseMaster VALUES (10205, '304441008202600205', '202600205', '2023-07-28', 5017, 1008, 3, 1, 101, 201, 1, 454, '2023-07-25 10:00:00', '2023-07-25 11:00:00', '2023-07-28 09:00:00', 17.847154, 77.735212, 'Est voluptatem nobis assumenda impedit eos fuga et corporis ipsam dignissimos error voluptatem.');
INSERT INTO ComplainantDetails VALUES (20205, 10205, 'Vinaya Ghosh', 30, 1, 1, 1, 1);
INSERT INTO Victim VALUES (30205, 10205, 'Urishilla Thaman', 69, 1, '0');
INSERT INTO Accused VALUES (40205, 10205, 'Ayushman Kar', 30, 1, 'A1');
INSERT INTO ActSectionAssociation VALUES (10205, 'IPC', '302', 1, 1);
INSERT INTO ArrestSurrender VALUES (50205, 10205, 1, '2023-07-28', 29, 444, 1008, 5017, 454, 40205, 1, 0);
INSERT INTO CaseMaster VALUES (10206, '104451002202600206', '202600206', '2025-05-18', 5006, 1002, 1, 1, 101, 201, 1, 455, '2025-05-16 10:00:00', '2025-05-16 11:00:00', '2025-05-18 09:00:00', 14.146086, 77.244112, 'Corporis perspiciatis praesentium perspiciatis itaque quibusdam incidunt repudiandae mollitia ut.');
INSERT INTO ComplainantDetails VALUES (20206, 10206, 'Bakhshi Bala', 23, 1, 1, 1, 1);
INSERT INTO Victim VALUES (30206, 10206, 'Urvashi Devi', 22, 1, '0');
INSERT INTO Accused VALUES (40206, 10206, 'Vasana Mohan', 31, 1, 'A1');
INSERT INTO ActSectionAssociation VALUES (10206, 'IPC', '302', 1, 1);
INSERT INTO ArrestSurrender VALUES (50206, 10206, 1, '2025-05-18', 29, 445, 1002, 5006, 455, 40206, 1, 0);
INSERT INTO CaseMaster VALUES (10207, '104441008202400207', '202400207', '2024-03-27', 5001, 1008, 1, 1, 101, 201, 1, 454, '2024-03-26 10:00:00', '2024-03-26 11:00:00', '2024-03-27 09:00:00', 17.402136, 74.948506, 'Perspiciatis ipsa facilis occaecati porro eligendi quam sapiente soluta suscipit quis earum impedit hic recusandae minus omnis dicta autem cumque temporibus.');
INSERT INTO ComplainantDetails VALUES (20207, 10207, 'Luke Konda', 43, 1, 1, 1, 1);
INSERT INTO Victim VALUES (30207, 10207, 'Abeer Kanda', 39, 1, '0');
INSERT INTO Accused VALUES (40207, 10207, 'Agastya Butala', 38, 1, 'A1');
INSERT INTO ActSectionAssociation VALUES (10207, 'IPC', '302', 1, 1);
INSERT INTO ArrestSurrender VALUES (50207, 10207, 1, '2024-03-27', 29, 444, 1008, 5001, 454, 40207, 1, 0);
INSERT INTO CaseMaster VALUES (10208, '304441009202300208', '202300208', '2026-03-30', 5041, 1009, 3, 1, 101, 201, 1, 454, '2026-03-29 10:00:00', '2026-03-29 11:00:00', '2026-03-30 09:00:00', 13.073353, 75.105944, 'Architecto nihil architecto nesciunt inventore quos rerum vel dolorem fugit illum deleniti eaque minima.');
INSERT INTO ComplainantDetails VALUES (20208, 10208, 'Nidra Shetty', 48, 1, 1, 1, 1);
INSERT INTO Victim VALUES (30208, 10208, 'Joshua Das', 19, 1, '0');
INSERT INTO Accused VALUES (40208, 10208, 'Yash Saraf', 25, 1, 'A1');
INSERT INTO ActSectionAssociation VALUES (10208, 'IPC', '302', 1, 1);
INSERT INTO CaseMaster VALUES (10209, '304431007202600209', '202600209', '2024-09-07', 5009, 1007, 3, 1, 101, 201, 1, 453, '2024-09-02 10:00:00', '2024-09-02 11:00:00', '2024-09-07 09:00:00', 12.643594, 74.433692, 'Nulla maiores aperiam nostrum incidunt porro sunt quo vero ipsam tempore sapiente corporis nam sequi.');
INSERT INTO ComplainantDetails VALUES (20209, 10209, 'Prisha Vora', 56, 1, 1, 1, 1);
INSERT INTO Victim VALUES (30209, 10209, 'Nakul Pandya', 67, 1, '0');
INSERT INTO Accused VALUES (40209, 10209, 'Qadim Raghavan', 23, 1, 'A1');
INSERT INTO ActSectionAssociation VALUES (10209, 'IPC', '302', 1, 1);
INSERT INTO CaseMaster VALUES (10210, '304451003202500210', '202500210', '2024-07-30', 5040, 1003, 3, 1, 101, 201, 1, 455, '2024-07-27 10:00:00', '2024-07-27 11:00:00', '2024-07-30 09:00:00', 16.80052, 76.449528, 'Eligendi nisi magni soluta quaerat officiis explicabo minus rerum tempore.');
INSERT INTO ComplainantDetails VALUES (20210, 10210, 'Qadim Sagar', 30, 1, 1, 1, 1);
INSERT INTO Victim VALUES (30210, 10210, 'Mason Sunder', 70, 1, '0');
INSERT INTO Accused VALUES (40210, 10210, 'Inaya Sarna', 39, 1, 'A1');
INSERT INTO ActSectionAssociation VALUES (10210, 'IPC', '302', 1, 1);
INSERT INTO ArrestSurrender VALUES (50210, 10210, 1, '2024-07-30', 29, 445, 1003, 5040, 455, 40210, 1, 0);
INSERT INTO CaseMaster VALUES (10211, '304441009202400211', '202400211', '2024-08-31', 5001, 1009, 3, 1, 101, 201, 1, 454, '2024-08-26 10:00:00', '2024-08-26 11:00:00', '2024-08-31 09:00:00', 14.7421, 77.322416, 'Labore eius culpa illo provident sit iusto voluptas quasi iusto inventore aliquid iusto quae nisi cum.');
INSERT INTO ComplainantDetails VALUES (20211, 10211, 'Dev Gour', 22, 1, 1, 1, 1);
INSERT INTO Victim VALUES (30211, 10211, 'Aayush Mannan', 21, 1, '0');
INSERT INTO Accused VALUES (40211, 10211, 'Om Sekhon', 49, 1, 'A1');
INSERT INTO ActSectionAssociation VALUES (10211, 'IPC', '302', 1, 1);
INSERT INTO ArrestSurrender VALUES (50211, 10211, 1, '2024-08-31', 29, 444, 1009, 5001, 454, 40211, 1, 0);
INSERT INTO CaseMaster VALUES (10212, '304441008202400212', '202400212', '2024-10-23', 5016, 1008, 3, 1, 101, 201, 1, 454, '2024-10-20 10:00:00', '2024-10-20 11:00:00', '2024-10-23 09:00:00', 12.908399, 77.983046, 'A assumenda cupiditate fugiat ipsam est impedit voluptates ullam maxime est tenetur.');
INSERT INTO ComplainantDetails VALUES (20212, 10212, 'Jhalak Goyal', 33, 1, 1, 1, 1);
INSERT INTO Victim VALUES (30212, 10212, 'Samarth Keer', 55, 1, '0');
INSERT INTO Accused VALUES (40212, 10212, 'Gavin Baral', 47, 1, 'A1');
INSERT INTO ActSectionAssociation VALUES (10212, 'IPC', '302', 1, 1);
INSERT INTO CaseMaster VALUES (10213, '104431004202400213', '202400213', '2024-10-09', 5046, 1004, 1, 1, 101, 201, 1, 453, '2024-10-06 10:00:00', '2024-10-06 11:00:00', '2024-10-09 09:00:00', 12.153753, 76.70263, 'Fugit incidunt eveniet doloremque accusamus iure aliquid eius doloremque quod aut aliquam impedit perspiciatis itaque deserunt est id.');
INSERT INTO ComplainantDetails VALUES (20213, 10213, 'Nandini Mahajan', 27, 1, 1, 1, 1);
INSERT INTO Victim VALUES (30213, 10213, 'Champak Seth', 57, 1, '0');
INSERT INTO Accused VALUES (40213, 10213, 'Eta Reddy', 40, 1, 'A1');
INSERT INTO ActSectionAssociation VALUES (10213, 'IPC', '302', 1, 1);
INSERT INTO ArrestSurrender VALUES (50213, 10213, 1, '2024-10-09', 29, 443, 1004, 5046, 453, 40213, 1, 0);
INSERT INTO CaseMaster VALUES (10214, '104441008202400214', '202400214', '2023-07-17', 5047, 1008, 1, 1, 101, 201, 1, 454, '2023-07-14 10:00:00', '2023-07-14 11:00:00', '2023-07-17 09:00:00', 17.750081, 75.933903, 'Illo magnam tempora ipsa facere facere autem quis molestias quaerat.');
INSERT INTO ComplainantDetails VALUES (20214, 10214, 'Aadhya Venkatesh', 44, 1, 1, 1, 1);
INSERT INTO Victim VALUES (30214, 10214, 'Lucky Rajagopalan', 49, 1, '0');
INSERT INTO Accused VALUES (40214, 10214, 'Vivaan Bhatia', 18, 1, 'A1');
INSERT INTO ActSectionAssociation VALUES (10214, 'IPC', '302', 1, 1);
INSERT INTO ArrestSurrender VALUES (50214, 10214, 1, '2023-07-17', 29, 444, 1008, 5047, 454, 40214, 1, 0);
INSERT INTO CaseMaster VALUES (10215, '104451003202600215', '202600215', '2024-06-06', 5011, 1003, 1, 1, 101, 201, 1, 455, '2024-06-01 10:00:00', '2024-06-01 11:00:00', '2024-06-06 09:00:00', 14.148379, 77.454728, 'Nesciunt corporis corrupti quas optio aliquam recusandae voluptate sequi.');
INSERT INTO ComplainantDetails VALUES (20215, 10215, 'Shivani Chokshi', 27, 1, 1, 1, 1);
INSERT INTO Victim VALUES (30215, 10215, 'Harrison Mann', 28, 1, '0');
INSERT INTO Accused VALUES (40215, 10215, 'Sarthak De', 44, 1, 'A1');
INSERT INTO ActSectionAssociation VALUES (10215, 'IPC', '302', 1, 1);
INSERT INTO ArrestSurrender VALUES (50215, 10215, 1, '2024-06-06', 29, 445, 1003, 5011, 455, 40215, 1, 0);
INSERT INTO CaseMaster VALUES (10216, '104451010202600216', '202600216', '2024-07-04', 5030, 1010, 1, 1, 101, 201, 1, 455, '2024-06-30 10:00:00', '2024-06-30 11:00:00', '2024-07-04 09:00:00', 15.345021, 75.855308, 'Similique id eum dolores nobis culpa excepturi fuga veniam veritatis voluptatibus explicabo quaerat.');
INSERT INTO ComplainantDetails VALUES (20216, 10216, 'Bahadurjit Nagy', 37, 1, 1, 1, 1);
INSERT INTO Victim VALUES (30216, 10216, 'Kiaan Deol', 30, 1, '0');
INSERT INTO Accused VALUES (40216, 10216, 'Krisha Tak', 18, 1, 'A1');
INSERT INTO ActSectionAssociation VALUES (10216, 'IPC', '302', 1, 1);
INSERT INTO ArrestSurrender VALUES (50216, 10216, 1, '2024-07-04', 29, 445, 1010, 5030, 455, 40216, 1, 0);
INSERT INTO CaseMaster VALUES (10217, '304451003202600217', '202600217', '2025-07-22', 5016, 1003, 3, 1, 101, 201, 1, 455, '2025-07-19 10:00:00', '2025-07-19 11:00:00', '2025-07-22 09:00:00', 12.873552, 76.892827, 'Ipsum maiores ipsam explicabo labore neque officia sit porro iure eum ab ipsam.');
INSERT INTO ComplainantDetails VALUES (20217, 10217, 'Urvashi Pandit', 45, 1, 1, 1, 1);
INSERT INTO Victim VALUES (30217, 10217, 'Tanvi Rama', 30, 1, '0');
INSERT INTO Accused VALUES (40217, 10217, 'Sai Chandran', 18, 1, 'A1');
INSERT INTO ActSectionAssociation VALUES (10217, 'IPC', '302', 1, 1);
INSERT INTO ArrestSurrender VALUES (50217, 10217, 1, '2025-07-22', 29, 445, 1003, 5016, 455, 40217, 1, 0);
INSERT INTO CaseMaster VALUES (10218, '304431005202500218', '202500218', '2023-10-09', 5005, 1005, 3, 1, 101, 201, 1, 453, '2023-10-05 10:00:00', '2023-10-05 11:00:00', '2023-10-09 09:00:00', 17.210497, 76.601122, 'Expedita ullam laudantium quod odit itaque rem alias ullam aperiam repellat nisi vitae minus.');
INSERT INTO ComplainantDetails VALUES (20218, 10218, 'Xiti Raghavan', 44, 1, 1, 1, 1);
INSERT INTO Victim VALUES (30218, 10218, 'Anvi Brahmbhatt', 39, 1, '0');
INSERT INTO Accused VALUES (40218, 10218, 'Oliver Srivastava', 20, 1, 'A1');
INSERT INTO ActSectionAssociation VALUES (10218, 'IPC', '302', 1, 1);
INSERT INTO CaseMaster VALUES (10219, '304431005202400219', '202400219', '2024-04-14', 5010, 1005, 3, 1, 101, 201, 1, 453, '2024-04-09 10:00:00', '2024-04-09 11:00:00', '2024-04-14 09:00:00', 17.623701, 76.013084, 'Nobis facilis tempore commodi beatae eius reprehenderit explicabo odit voluptatem quisquam.');
INSERT INTO ComplainantDetails VALUES (20219, 10219, 'Gaurav Narayan', 24, 1, 1, 1, 1);
INSERT INTO Victim VALUES (30219, 10219, 'Jacob Behl', 41, 1, '0');
INSERT INTO Accused VALUES (40219, 10219, 'Vasudha Master', 34, 1, 'A1');
INSERT INTO ActSectionAssociation VALUES (10219, 'IPC', '302', 1, 1);
INSERT INTO CaseMaster VALUES (10220, '104441009202300220', '202300220', '2024-03-17', 5038, 1009, 1, 1, 101, 201, 1, 454, '2024-03-16 10:00:00', '2024-03-16 11:00:00', '2024-03-17 09:00:00', 15.816123, 75.775788, 'Voluptates ad iusto odit dolore eveniet doloremque at rerum velit perspiciatis saepe velit beatae odio nesciunt dicta repellat amet earum.');
INSERT INTO ComplainantDetails VALUES (20220, 10220, 'Anika Kale', 59, 1, 1, 1, 1);
INSERT INTO Victim VALUES (30220, 10220, 'Vasudha Deol', 67, 1, '0');
INSERT INTO Accused VALUES (40220, 10220, 'Nisha Bhardwaj', 41, 1, 'A1');
INSERT INTO ActSectionAssociation VALUES (10220, 'IPC', '302', 1, 1);
INSERT INTO ArrestSurrender VALUES (50220, 10220, 1, '2024-03-17', 29, 444, 1009, 5038, 454, 40220, 1, 0);
INSERT INTO CaseMaster VALUES (10221, '304431005202300221', '202300221', '2026-04-26', 5016, 1005, 3, 1, 101, 201, 1, 453, '2026-04-23 10:00:00', '2026-04-23 11:00:00', '2026-04-26 09:00:00', 13.083723, 77.518729, 'Delectus odit nesciunt numquam assumenda molestiae quas aut id nobis porro assumenda eaque.');
INSERT INTO ComplainantDetails VALUES (20221, 10221, 'David Roy', 44, 1, 1, 1, 1);
INSERT INTO Victim VALUES (30221, 10221, 'Ekantika Murthy', 20, 1, '0');
INSERT INTO Accused VALUES (40221, 10221, 'Faras Jayaraman', 29, 1, 'A1');
INSERT INTO ActSectionAssociation VALUES (10221, 'IPC', '302', 1, 1);
INSERT INTO ArrestSurrender VALUES (50221, 10221, 1, '2026-04-26', 29, 443, 1005, 5016, 453, 40221, 1, 0);
INSERT INTO CaseMaster VALUES (10222, '104451001202400222', '202400222', '2025-11-22', 5033, 1001, 1, 1, 101, 201, 1, 455, '2025-11-19 10:00:00', '2025-11-19 11:00:00', '2025-11-22 09:00:00', 16.230101, 76.272235, 'Voluptatem delectus quas neque quo cumque eaque cum doloremque molestias illo excepturi cumque.');
INSERT INTO ComplainantDetails VALUES (20222, 10222, 'Neel Bhargava', 50, 1, 1, 1, 1);
INSERT INTO Victim VALUES (30222, 10222, 'Chaitaly Bhatt', 20, 1, '0');
INSERT INTO Accused VALUES (40222, 10222, 'Kiaan Dara', 27, 1, 'A1');
INSERT INTO ActSectionAssociation VALUES (10222, 'IPC', '302', 1, 1);
INSERT INTO ArrestSurrender VALUES (50222, 10222, 1, '2025-11-22', 29, 445, 1001, 5033, 455, 40222, 1, 0);
INSERT INTO CaseMaster VALUES (10223, '304451001202400223', '202400223', '2025-12-14', 5048, 1001, 3, 1, 101, 201, 1, 455, '2025-12-09 10:00:00', '2025-12-09 11:00:00', '2025-12-14 09:00:00', 15.573385, 77.736672, 'Animi consequuntur laudantium soluta delectus molestias velit ex officia eum omnis saepe repudiandae qui magni temporibus odit veritatis odio.');
INSERT INTO ComplainantDetails VALUES (20223, 10223, 'Hemani Purohit', 25, 1, 1, 1, 1);
INSERT INTO Victim VALUES (30223, 10223, 'Yatin Varma', 57, 1, '0');
INSERT INTO Accused VALUES (40223, 10223, 'Pavani Basu', 19, 1, 'A1');
INSERT INTO ActSectionAssociation VALUES (10223, 'IPC', '302', 1, 1);
INSERT INTO ArrestSurrender VALUES (50223, 10223, 1, '2025-12-14', 29, 445, 1001, 5048, 455, 40223, 1, 0);
INSERT INTO CaseMaster VALUES (10224, '104431005202500224', '202500224', '2026-03-13', 5025, 1005, 1, 1, 101, 201, 1, 453, '2026-03-13 10:00:00', '2026-03-13 11:00:00', '2026-03-13 09:00:00', 13.692495, 77.507499, 'Optio nam quibusdam voluptate excepturi reiciendis quidem sapiente quisquam expedita cum vel earum vel.');
INSERT INTO ComplainantDetails VALUES (20224, 10224, 'Vrinda Ahluwalia', 58, 1, 1, 1, 1);
INSERT INTO Victim VALUES (30224, 10224, 'Laksh Manne', 38, 1, '0');
INSERT INTO Accused VALUES (40224, 10224, 'Tanish Dugal', 26, 1, 'A1');
INSERT INTO ActSectionAssociation VALUES (10224, 'IPC', '302', 1, 1);
INSERT INTO CaseMaster VALUES (10225, '304431007202400225', '202400225', '2025-09-12', 5044, 1007, 3, 1, 101, 201, 1, 453, '2025-09-09 10:00:00', '2025-09-09 11:00:00', '2025-09-12 09:00:00', 12.562718, 76.700487, 'Consequatur doloribus minima temporibus voluptate fuga dolor modi harum quaerat.');
INSERT INTO ComplainantDetails VALUES (20225, 10225, 'Yashawini Ram', 22, 1, 1, 1, 1);
INSERT INTO Victim VALUES (30225, 10225, 'Diya Baral', 20, 1, '0');
INSERT INTO Accused VALUES (40225, 10225, 'Ekanta Dayal', 46, 1, 'A1');
INSERT INTO ActSectionAssociation VALUES (10225, 'IPC', '302', 1, 1);
INSERT INTO ArrestSurrender VALUES (50225, 10225, 1, '2025-09-12', 29, 443, 1007, 5044, 453, 40225, 1, 0);
INSERT INTO CaseMaster VALUES (10226, '304441008202500226', '202500226', '2024-08-11', 5013, 1008, 3, 1, 101, 201, 1, 454, '2024-08-10 10:00:00', '2024-08-10 11:00:00', '2024-08-11 09:00:00', 14.481737, 75.769999, 'Doloremque temporibus iste ratione minima non iusto vel possimus eaque dicta similique quod praesentium eaque neque necessitatibus nisi.');
INSERT INTO ComplainantDetails VALUES (20226, 10226, 'Aadi Srinivas', 21, 1, 1, 1, 1);
INSERT INTO Victim VALUES (30226, 10226, 'Nandini Krishnan', 43, 1, '0');
INSERT INTO Accused VALUES (40226, 10226, 'Darika Keer', 34, 1, 'A1');
INSERT INTO ActSectionAssociation VALUES (10226, 'IPC', '302', 1, 1);
INSERT INTO ArrestSurrender VALUES (50226, 10226, 1, '2024-08-11', 29, 444, 1008, 5013, 454, 40226, 1, 0);
INSERT INTO CaseMaster VALUES (10227, '104451001202600227', '202600227', '2024-08-18', 5042, 1001, 1, 1, 101, 201, 1, 455, '2024-08-14 10:00:00', '2024-08-14 11:00:00', '2024-08-18 09:00:00', 17.273442, 75.687003, 'Magni officiis eaque consequatur ratione sequi enim harum ex voluptatibus esse ut vitae temporibus dolores.');
INSERT INTO ComplainantDetails VALUES (20227, 10227, 'Praneel Ram', 44, 1, 1, 1, 1);
INSERT INTO Victim VALUES (30227, 10227, 'Mahika Khalsa', 28, 1, '0');
INSERT INTO Accused VALUES (40227, 10227, 'Varenya Shah', 52, 1, 'A1');
INSERT INTO ActSectionAssociation VALUES (10227, 'IPC', '302', 1, 1);
INSERT INTO ArrestSurrender VALUES (50227, 10227, 1, '2024-08-18', 29, 445, 1001, 5042, 455, 40227, 1, 0);
INSERT INTO CaseMaster VALUES (10228, '304441009202500228', '202500228', '2026-04-12', 5045, 1009, 3, 1, 101, 201, 1, 454, '2026-04-12 10:00:00', '2026-04-12 11:00:00', '2026-04-12 09:00:00', 16.199953, 77.943072, 'Architecto doloremque sapiente debitis illum quasi ipsum deserunt architecto est dolore corporis expedita.');
INSERT INTO ComplainantDetails VALUES (20228, 10228, 'Owen Sen', 60, 1, 1, 1, 1);
INSERT INTO Victim VALUES (30228, 10228, 'Samar Dara', 35, 1, '0');
INSERT INTO Accused VALUES (40228, 10228, 'Lohit Nagi', 52, 1, 'A1');
INSERT INTO ActSectionAssociation VALUES (10228, 'IPC', '302', 1, 1);
INSERT INTO ArrestSurrender VALUES (50228, 10228, 1, '2026-04-12', 29, 444, 1009, 5045, 454, 40228, 1, 0);
INSERT INTO CaseMaster VALUES (10229, '104441006202300229', '202300229', '2024-08-13', 5007, 1006, 1, 1, 101, 201, 1, 454, '2024-08-09 10:00:00', '2024-08-09 11:00:00', '2024-08-13 09:00:00', 16.727145, 75.199873, 'Quis quis aut magnam veritatis debitis dolores modi nobis modi corporis cum maxime nobis dolorem dolore natus modi asperiores.');
INSERT INTO ComplainantDetails VALUES (20229, 10229, 'Ojasvi Narasimhan', 58, 1, 1, 1, 1);
INSERT INTO Victim VALUES (30229, 10229, 'Amara Batra', 49, 1, '0');
INSERT INTO Accused VALUES (40229, 10229, 'Sneha Bava', 49, 1, 'A1');
INSERT INTO ActSectionAssociation VALUES (10229, 'IPC', '302', 1, 1);
INSERT INTO ArrestSurrender VALUES (50229, 10229, 1, '2024-08-13', 29, 444, 1006, 5007, 454, 40229, 1, 0);
INSERT INTO CaseMaster VALUES (10230, '104441006202600230', '202600230', '2024-03-15', 5035, 1006, 1, 1, 101, 201, 1, 454, '2024-03-14 10:00:00', '2024-03-14 11:00:00', '2024-03-15 09:00:00', 15.653658, 75.266241, 'Blanditiis reiciendis nesciunt magni aliquid vitae eum soluta cumque officiis vero illum repellat iste distinctio dolorem at aliquam.');
INSERT INTO ComplainantDetails VALUES (20230, 10230, 'Raghav Tandon', 43, 1, 1, 1, 1);
INSERT INTO Victim VALUES (30230, 10230, 'Neha Saini', 41, 1, '0');
INSERT INTO Accused VALUES (40230, 10230, 'Fiyaz Bose', 40, 1, 'A1');
INSERT INTO ActSectionAssociation VALUES (10230, 'IPC', '302', 1, 1);
INSERT INTO CaseMaster VALUES (10231, '304451010202400231', '202400231', '2025-06-27', 5028, 1010, 3, 1, 101, 201, 1, 455, '2025-06-24 10:00:00', '2025-06-24 11:00:00', '2025-06-27 09:00:00', 14.885991, 77.165192, 'Voluptatem vel inventore omnis sunt perspiciatis sunt dignissimos sit aut reprehenderit magni dolorum quae accusamus laboriosam.');
INSERT INTO ComplainantDetails VALUES (20231, 10231, 'Aarna Kota', 28, 1, 1, 1, 1);
INSERT INTO Victim VALUES (30231, 10231, 'Madhavi Varghese', 24, 1, '0');
INSERT INTO Accused VALUES (40231, 10231, 'Jyoti Raja', 21, 1, 'A1');
INSERT INTO ActSectionAssociation VALUES (10231, 'IPC', '302', 1, 1);
INSERT INTO ArrestSurrender VALUES (50231, 10231, 1, '2025-06-27', 29, 445, 1010, 5028, 455, 40231, 1, 0);
INSERT INTO CaseMaster VALUES (10232, '104451003202600232', '202600232', '2026-07-02', 5015, 1003, 1, 1, 101, 201, 1, 455, '2026-06-28 10:00:00', '2026-06-28 11:00:00', '2026-07-02 09:00:00', 12.508117, 76.095346, 'Modi rem quidem id tempora totam maiores amet impedit necessitatibus facere voluptatum vel et architecto illum temporibus eius nemo.');
INSERT INTO ComplainantDetails VALUES (20232, 10232, 'Urvi Hari', 58, 1, 1, 1, 1);
INSERT INTO Victim VALUES (30232, 10232, 'Libni Pal', 51, 1, '0');
INSERT INTO Accused VALUES (40232, 10232, 'Oliver Choudhury', 33, 1, 'A1');
INSERT INTO ActSectionAssociation VALUES (10232, 'IPC', '302', 1, 1);
INSERT INTO ArrestSurrender VALUES (50232, 10232, 1, '2026-07-02', 29, 445, 1003, 5015, 455, 40232, 1, 0);
INSERT INTO CaseMaster VALUES (10233, '304431004202500233', '202500233', '2024-10-25', 5015, 1004, 3, 1, 101, 201, 1, 453, '2024-10-24 10:00:00', '2024-10-24 11:00:00', '2024-10-25 09:00:00', 13.868633, 77.386416, 'Laboriosam voluptates iusto illo sequi eligendi ipsam ex consequatur cumque iste illo.');
INSERT INTO ComplainantDetails VALUES (20233, 10233, 'Chameli Das', 38, 1, 1, 1, 1);
INSERT INTO Victim VALUES (30233, 10233, 'Kashvi Maharaj', 55, 1, '0');
INSERT INTO Accused VALUES (40233, 10233, 'Ubika Chand', 51, 1, 'A1');
INSERT INTO ActSectionAssociation VALUES (10233, 'IPC', '302', 1, 1);
INSERT INTO CaseMaster VALUES (10234, '104451010202500234', '202500234', '2023-11-02', 5013, 1010, 1, 1, 101, 201, 1, 455, '2023-10-31 10:00:00', '2023-10-31 11:00:00', '2023-11-02 09:00:00', 15.670684, 74.692477, 'Nostrum expedita similique quidem corrupti cumque sunt quibusdam expedita beatae laudantium similique delectus id odio.');
INSERT INTO ComplainantDetails VALUES (20234, 10234, 'Upma Suresh', 35, 1, 1, 1, 1);
INSERT INTO Victim VALUES (30234, 10234, 'Omaja Ravel', 32, 1, '0');
INSERT INTO Accused VALUES (40234, 10234, 'Varsha Doshi', 48, 1, 'A1');
INSERT INTO ActSectionAssociation VALUES (10234, 'IPC', '302', 1, 1);
INSERT INTO CaseMaster VALUES (10235, '104431004202500235', '202500235', '2025-08-03', 5030, 1004, 1, 1, 101, 201, 1, 453, '2025-07-31 10:00:00', '2025-07-31 11:00:00', '2025-08-03 09:00:00', 13.275767, 76.557694, 'Similique reiciendis aperiam magnam quam dolorem voluptas id distinctio libero suscipit nemo tempore in quisquam optio corrupti laboriosam.');
INSERT INTO ComplainantDetails VALUES (20235, 10235, 'Jeet Kalla', 58, 1, 1, 1, 1);
INSERT INTO Victim VALUES (30235, 10235, 'Amol Konda', 52, 1, '0');
INSERT INTO Accused VALUES (40235, 10235, 'Omya Vyas', 42, 1, 'A1');
INSERT INTO ActSectionAssociation VALUES (10235, 'IPC', '302', 1, 1);
INSERT INTO ArrestSurrender VALUES (50235, 10235, 1, '2025-08-03', 29, 443, 1004, 5030, 453, 40235, 1, 0);
INSERT INTO CaseMaster VALUES (10236, '304441008202500236', '202500236', '2024-12-09', 5033, 1008, 3, 1, 101, 201, 1, 454, '2024-12-05 10:00:00', '2024-12-05 11:00:00', '2024-12-09 09:00:00', 14.329597, 77.382613, 'Cumque ratione aperiam a perspiciatis quo exercitationem ex fugit.');
INSERT INTO ComplainantDetails VALUES (20236, 10236, 'Omkaar Sem', 30, 1, 1, 1, 1);
INSERT INTO Victim VALUES (30236, 10236, 'Jack Doctor', 24, 1, '0');
INSERT INTO Accused VALUES (40236, 10236, 'Jai Kapoor', 28, 1, 'A1');
INSERT INTO ActSectionAssociation VALUES (10236, 'IPC', '302', 1, 1);
INSERT INTO ArrestSurrender VALUES (50236, 10236, 1, '2024-12-09', 29, 444, 1008, 5033, 454, 40236, 1, 0);
INSERT INTO CaseMaster VALUES (10237, '304431005202300237', '202300237', '2026-07-01', 5050, 1005, 3, 1, 101, 201, 1, 453, '2026-06-29 10:00:00', '2026-06-29 11:00:00', '2026-07-01 09:00:00', 17.640224, 75.02308, 'Nulla nemo tenetur sunt consequatur in doloribus numquam similique nostrum quaerat dignissimos minus excepturi quod dolor nisi doloribus sequi.');
INSERT INTO ComplainantDetails VALUES (20237, 10237, 'Bhavika Barad', 45, 1, 1, 1, 1);
INSERT INTO Victim VALUES (30237, 10237, 'Tara Morar', 29, 1, '0');
INSERT INTO Accused VALUES (40237, 10237, 'Joshua Hayre', 52, 1, 'A1');
INSERT INTO ActSectionAssociation VALUES (10237, 'IPC', '302', 1, 1);
INSERT INTO ArrestSurrender VALUES (50237, 10237, 1, '2026-07-01', 29, 443, 1005, 5050, 453, 40237, 1, 0);
INSERT INTO CaseMaster VALUES (10238, '104441009202400238', '202400238', '2024-05-29', 5013, 1009, 1, 1, 101, 201, 1, 454, '2024-05-24 10:00:00', '2024-05-24 11:00:00', '2024-05-29 09:00:00', 16.869487, 75.408249, 'Exercitationem quam aliquid nostrum aperiam unde esse ratione molestiae vero in beatae.');
INSERT INTO ComplainantDetails VALUES (20238, 10238, 'Gagan Sen', 46, 1, 1, 1, 1);
INSERT INTO Victim VALUES (30238, 10238, 'George Sahni', 48, 1, '0');
INSERT INTO Accused VALUES (40238, 10238, 'Rayaan Bains', 44, 1, 'A1');
INSERT INTO ActSectionAssociation VALUES (10238, 'IPC', '302', 1, 1);
INSERT INTO CaseMaster VALUES (10239, '104451003202300239', '202300239', '2024-07-02', 5036, 1003, 1, 1, 101, 201, 1, 455, '2024-06-28 10:00:00', '2024-06-28 11:00:00', '2024-07-02 09:00:00', 14.620448, 76.604166, 'Repellat facere rerum facilis distinctio voluptas quidem autem repudiandae veniam provident sint culpa molestias.');
INSERT INTO ComplainantDetails VALUES (20239, 10239, 'Azad Dave', 53, 1, 1, 1, 1);
INSERT INTO Victim VALUES (30239, 10239, 'Gaurang Thaman', 44, 1, '0');
INSERT INTO Accused VALUES (40239, 10239, 'Jasmit Lanka', 24, 1, 'A1');
INSERT INTO ActSectionAssociation VALUES (10239, 'IPC', '302', 1, 1);
INSERT INTO CaseMaster VALUES (10240, '304441006202600240', '202600240', '2024-05-22', 5002, 1006, 3, 1, 101, 201, 1, 454, '2024-05-19 10:00:00', '2024-05-19 11:00:00', '2024-05-22 09:00:00', 13.511239, 75.949276, 'Earum expedita praesentium maxime iste voluptatum tenetur voluptatem dolorem occaecati facere nulla placeat labore amet animi ut.');
INSERT INTO ComplainantDetails VALUES (20240, 10240, 'Panini Karpe', 45, 1, 1, 1, 1);
INSERT INTO Victim VALUES (30240, 10240, 'Vasatika Borah', 40, 1, '0');
INSERT INTO Accused VALUES (40240, 10240, 'Dakshesh Karan', 46, 1, 'A1');
INSERT INTO ActSectionAssociation VALUES (10240, 'IPC', '302', 1, 1);
INSERT INTO ArrestSurrender VALUES (50240, 10240, 1, '2024-05-22', 29, 444, 1006, 5002, 454, 40240, 1, 0);
INSERT INTO CaseMaster VALUES (10241, '104431004202500241', '202500241', '2024-02-15', 5020, 1004, 1, 1, 101, 201, 1, 453, '2024-02-10 10:00:00', '2024-02-10 11:00:00', '2024-02-15 09:00:00', 12.717161, 74.409221, 'Sint in a esse earum qui hic minus enim natus ullam corporis eveniet aut consequuntur.');
INSERT INTO ComplainantDetails VALUES (20241, 10241, 'Chaman Dutta', 31, 1, 1, 1, 1);
INSERT INTO Victim VALUES (30241, 10241, 'Karan Lad', 24, 1, '0');
INSERT INTO Accused VALUES (40241, 10241, 'Balendra Murty', 32, 1, 'A1');
INSERT INTO ActSectionAssociation VALUES (10241, 'IPC', '302', 1, 1);
INSERT INTO CaseMaster VALUES (10242, '104451003202500242', '202500242', '2023-07-29', 5006, 1003, 1, 1, 101, 201, 1, 455, '2023-07-28 10:00:00', '2023-07-28 11:00:00', '2023-07-29 09:00:00', 12.537421, 77.424842, 'Consequatur voluptatem fugit ipsam fugiat voluptas asperiores quasi voluptatibus officiis quaerat sequi aliquam.');
INSERT INTO ComplainantDetails VALUES (20242, 10242, 'Indrajit Behl', 53, 1, 1, 1, 1);
INSERT INTO Victim VALUES (30242, 10242, 'Ekta Reddy', 62, 1, '0');
INSERT INTO Accused VALUES (40242, 10242, 'Tanay Kara', 37, 1, 'A1');
INSERT INTO ActSectionAssociation VALUES (10242, 'IPC', '302', 1, 1);
INSERT INTO ArrestSurrender VALUES (50242, 10242, 1, '2023-07-29', 29, 445, 1003, 5006, 455, 40242, 1, 0);
INSERT INTO CaseMaster VALUES (10243, '304451001202600243', '202600243', '2023-08-24', 5018, 1001, 3, 1, 101, 201, 1, 455, '2023-08-19 10:00:00', '2023-08-19 11:00:00', '2023-08-24 09:00:00', 16.335098, 77.648147, 'Est mollitia omnis commodi dignissimos cum saepe iste quam.');
INSERT INTO ComplainantDetails VALUES (20243, 10243, 'Rayaan Sridhar', 22, 1, 1, 1, 1);
INSERT INTO Victim VALUES (30243, 10243, 'Anay Nazareth', 23, 1, '0');
INSERT INTO Accused VALUES (40243, 10243, 'Janani Peri', 38, 1, 'A1');
INSERT INTO ActSectionAssociation VALUES (10243, 'IPC', '302', 1, 1);
INSERT INTO ArrestSurrender VALUES (50243, 10243, 1, '2023-08-24', 29, 445, 1001, 5018, 455, 40243, 1, 0);
INSERT INTO CaseMaster VALUES (10244, '104441006202400244', '202400244', '2024-11-06', 5020, 1006, 1, 1, 101, 201, 1, 454, '2024-11-06 10:00:00', '2024-11-06 11:00:00', '2024-11-06 09:00:00', 14.318891, 76.73449, 'Eos tempore dolore debitis possimus facere aut necessitatibus dolor modi in fuga eligendi dolorum nisi dolores sapiente.');
INSERT INTO ComplainantDetails VALUES (20244, 10244, 'Vamakshi Venkataraman', 51, 1, 1, 1, 1);
INSERT INTO Victim VALUES (30244, 10244, 'Azad Loyal', 18, 1, '0');
INSERT INTO Accused VALUES (40244, 10244, 'Fitan Panchal', 44, 1, 'A1');
INSERT INTO ActSectionAssociation VALUES (10244, 'IPC', '302', 1, 1);
INSERT INTO ArrestSurrender VALUES (50244, 10244, 1, '2024-11-06', 29, 444, 1006, 5020, 454, 40244, 1, 0);
INSERT INTO CaseMaster VALUES (10245, '304451010202500245', '202500245', '2026-07-06', 5021, 1010, 3, 1, 101, 201, 1, 455, '2026-07-02 10:00:00', '2026-07-02 11:00:00', '2026-07-06 09:00:00', 14.629463, 76.764306, 'Aliquid aperiam quis velit sunt similique molestias repellat corporis possimus.');
INSERT INTO ComplainantDetails VALUES (20245, 10245, 'Reva Bhattacharyya', 44, 1, 1, 1, 1);
INSERT INTO Victim VALUES (30245, 10245, 'Arya Sodhi', 58, 1, '0');
INSERT INTO Accused VALUES (40245, 10245, 'Yug Dhillon', 52, 1, 'A1');
INSERT INTO ActSectionAssociation VALUES (10245, 'IPC', '302', 1, 1);
INSERT INTO CaseMaster VALUES (10246, '304451010202500246', '202500246', '2024-07-06', 5007, 1010, 3, 1, 101, 201, 1, 455, '2024-07-03 10:00:00', '2024-07-03 11:00:00', '2024-07-06 09:00:00', 15.175827, 74.222273, 'Quo dicta temporibus ab laborum harum quam adipisci ratione aliquid repellendus provident praesentium quae debitis cupiditate.');
INSERT INTO ComplainantDetails VALUES (20246, 10246, 'Yasti Cheema', 24, 1, 1, 1, 1);
INSERT INTO Victim VALUES (30246, 10246, 'Azaan Sarna', 20, 1, '0');
INSERT INTO Accused VALUES (40246, 10246, 'Jeet Chatterjee', 45, 1, 'A1');
INSERT INTO ActSectionAssociation VALUES (10246, 'IPC', '302', 1, 1);
INSERT INTO CaseMaster VALUES (10247, '104451010202300247', '202300247', '2025-08-05', 5004, 1010, 1, 1, 101, 201, 1, 455, '2025-08-01 10:00:00', '2025-08-01 11:00:00', '2025-08-05 09:00:00', 12.603, 75.376889, 'Numquam placeat excepturi deleniti sint veniam ea cum qui enim aspernatur at vero in facere distinctio vero beatae doloremque.');
INSERT INTO ComplainantDetails VALUES (20247, 10247, 'Falak Char', 38, 1, 1, 1, 1);
INSERT INTO Victim VALUES (30247, 10247, 'Inaya Malhotra', 19, 1, '0');
INSERT INTO Accused VALUES (40247, 10247, 'Leela Pau', 49, 1, 'A1');
INSERT INTO ActSectionAssociation VALUES (10247, 'IPC', '302', 1, 1);
INSERT INTO ArrestSurrender VALUES (50247, 10247, 1, '2025-08-05', 29, 445, 1010, 5004, 455, 40247, 1, 0);
INSERT INTO CaseMaster VALUES (10248, '104441006202600248', '202600248', '2025-01-26', 5001, 1006, 1, 1, 101, 201, 1, 454, '2025-01-22 10:00:00', '2025-01-22 11:00:00', '2025-01-26 09:00:00', 17.237446, 76.9444, 'Laudantium ex suscipit illum inventore illum optio porro dolore officiis.');
INSERT INTO ComplainantDetails VALUES (20248, 10248, 'Ranveer Suresh', 35, 1, 1, 1, 1);
INSERT INTO Victim VALUES (30248, 10248, 'Bachittar Bhattacharyya', 33, 1, '0');
INSERT INTO Accused VALUES (40248, 10248, 'Leela Malhotra', 30, 1, 'A1');
INSERT INTO ActSectionAssociation VALUES (10248, 'IPC', '302', 1, 1);
INSERT INTO ArrestSurrender VALUES (50248, 10248, 1, '2025-01-26', 29, 444, 1006, 5001, 454, 40248, 1, 0);
INSERT INTO CaseMaster VALUES (10249, '104431005202300249', '202300249', '2024-09-06', 5033, 1005, 1, 1, 101, 201, 1, 453, '2024-09-03 10:00:00', '2024-09-03 11:00:00', '2024-09-06 09:00:00', 13.040246, 74.544696, 'Alias illo repudiandae ullam magnam in hic fugiat debitis excepturi adipisci velit voluptates maxime esse.');
INSERT INTO ComplainantDetails VALUES (20249, 10249, 'Aarna Chander', 50, 1, 1, 1, 1);
INSERT INTO Victim VALUES (30249, 10249, 'Varsha Bala', 24, 1, '0');
INSERT INTO Accused VALUES (40249, 10249, 'Vansha Ben', 46, 1, 'A1');
INSERT INTO ActSectionAssociation VALUES (10249, 'IPC', '302', 1, 1);
INSERT INTO ArrestSurrender VALUES (50249, 10249, 1, '2024-09-06', 29, 443, 1005, 5033, 453, 40249, 1, 0);
INSERT INTO CaseMaster VALUES (10250, '304441006202400250', '202400250', '2025-04-05', 5004, 1006, 3, 1, 101, 201, 1, 454, '2025-04-04 10:00:00', '2025-04-04 11:00:00', '2025-04-05 09:00:00', 12.423311, 74.158783, 'Amet eos ipsam veritatis assumenda ea saepe necessitatibus recusandae laboriosam nostrum molestiae reprehenderit aspernatur harum explicabo necessitatibus quidem sunt quidem.');
INSERT INTO ComplainantDetails VALUES (20250, 10250, 'Qarin Kale', 38, 1, 1, 1, 1);
INSERT INTO Victim VALUES (30250, 10250, 'Rayaan Kapadia', 52, 1, '0');
INSERT INTO Accused VALUES (40250, 10250, 'Bachittar Ranganathan', 50, 1, 'A1');
INSERT INTO ActSectionAssociation VALUES (10250, 'IPC', '302', 1, 1);
INSERT INTO ArrestSurrender VALUES (50250, 10250, 1, '2025-04-05', 29, 444, 1006, 5004, 454, 40250, 1, 0);
INSERT INTO CaseMaster VALUES (10251, '304431004202500251', '202500251', '2024-04-21', 5015, 1004, 3, 1, 101, 201, 1, 453, '2024-04-21 10:00:00', '2024-04-21 11:00:00', '2024-04-21 09:00:00', 16.806239, 74.171216, 'Accusantium occaecati suscipit aspernatur iusto tempora similique possimus quam ratione blanditiis officia accusantium dolor consectetur maxime.');
INSERT INTO ComplainantDetails VALUES (20251, 10251, 'Odika Bedi', 46, 1, 1, 1, 1);
INSERT INTO Victim VALUES (30251, 10251, 'Ijaya Mannan', 23, 1, '0');
INSERT INTO Accused VALUES (40251, 10251, 'Suhani Bath', 37, 1, 'A1');
INSERT INTO ActSectionAssociation VALUES (10251, 'IPC', '302', 1, 1);
INSERT INTO ArrestSurrender VALUES (50251, 10251, 1, '2024-04-21', 29, 443, 1004, 5015, 453, 40251, 1, 0);
INSERT INTO CaseMaster VALUES (10252, '304441009202400252', '202400252', '2023-11-24', 5032, 1009, 3, 1, 101, 201, 1, 454, '2023-11-19 10:00:00', '2023-11-19 11:00:00', '2023-11-24 09:00:00', 14.346836, 76.919367, 'Repudiandae quaerat cupiditate et ipsam fugiat at maiores temporibus illo aliquam.');
INSERT INTO ComplainantDetails VALUES (20252, 10252, 'Kabir Gala', 42, 1, 1, 1, 1);
INSERT INTO Victim VALUES (30252, 10252, 'Ojas Bains', 67, 1, '0');
INSERT INTO Accused VALUES (40252, 10252, 'Urvashi Prasad', 48, 1, 'A1');
INSERT INTO ActSectionAssociation VALUES (10252, 'IPC', '302', 1, 1);
INSERT INTO ArrestSurrender VALUES (50252, 10252, 1, '2023-11-24', 29, 444, 1009, 5032, 454, 40252, 1, 0);
INSERT INTO CaseMaster VALUES (10253, '104451010202600253', '202600253', '2024-11-10', 5011, 1010, 1, 1, 101, 201, 1, 455, '2024-11-09 10:00:00', '2024-11-09 11:00:00', '2024-11-10 09:00:00', 13.090742, 76.088707, 'Tenetur illo saepe numquam assumenda error itaque repellat aut quidem veniam repellat labore corrupti debitis nihil suscipit.');
INSERT INTO ComplainantDetails VALUES (20253, 10253, 'Ikshita Raval', 46, 1, 1, 1, 1);
INSERT INTO Victim VALUES (30253, 10253, 'Nirja Natarajan', 60, 1, '0');
INSERT INTO Accused VALUES (40253, 10253, 'Devansh Karan', 32, 1, 'A1');
INSERT INTO ActSectionAssociation VALUES (10253, 'IPC', '302', 1, 1);
INSERT INTO CaseMaster VALUES (10254, '304451001202600254', '202600254', '2023-08-27', 5010, 1001, 3, 1, 101, 201, 1, 455, '2023-08-24 10:00:00', '2023-08-24 11:00:00', '2023-08-27 09:00:00', 12.552645, 75.114869, 'Et earum beatae corporis tempora laborum tenetur maiores animi neque veniam inventore rem iste aut nemo nihil quo architecto.');
INSERT INTO ComplainantDetails VALUES (20254, 10254, 'Aradhana Bakshi', 37, 1, 1, 1, 1);
INSERT INTO Victim VALUES (30254, 10254, 'Dalbir Balasubramanian', 68, 1, '0');
INSERT INTO Accused VALUES (40254, 10254, 'Barkha Sekhon', 34, 1, 'A1');
INSERT INTO ActSectionAssociation VALUES (10254, 'IPC', '302', 1, 1);
INSERT INTO CaseMaster VALUES (10255, '104451001202400255', '202400255', '2025-09-03', 5042, 1001, 1, 1, 101, 201, 1, 455, '2025-08-30 10:00:00', '2025-08-30 11:00:00', '2025-09-03 09:00:00', 17.629245, 76.891097, 'Earum dignissimos rerum eaque illo soluta laudantium voluptatem id deleniti harum blanditiis modi odit quidem neque quos.');
INSERT INTO ComplainantDetails VALUES (20255, 10255, 'Vinaya Garde', 34, 1, 1, 1, 1);
INSERT INTO Victim VALUES (30255, 10255, 'Ekapad Barman', 20, 1, '0');
INSERT INTO Accused VALUES (40255, 10255, 'Yatin Viswanathan', 40, 1, 'A1');
INSERT INTO ActSectionAssociation VALUES (10255, 'IPC', '302', 1, 1);
INSERT INTO ArrestSurrender VALUES (50255, 10255, 1, '2025-09-03', 29, 445, 1001, 5042, 455, 40255, 1, 0);
INSERT INTO CaseMaster VALUES (10256, '304451010202300256', '202300256', '2026-01-28', 5045, 1010, 3, 1, 101, 201, 1, 455, '2026-01-25 10:00:00', '2026-01-25 11:00:00', '2026-01-28 09:00:00', 14.064734, 75.157593, 'Aperiam pariatur error recusandae eligendi necessitatibus consectetur dolorem asperiores repudiandae labore maiores ratione.');
INSERT INTO ComplainantDetails VALUES (20256, 10256, 'Jagat Dave', 21, 1, 1, 1, 1);
INSERT INTO Victim VALUES (30256, 10256, 'Mitali Patel', 43, 1, '0');
INSERT INTO Accused VALUES (40256, 10256, 'Pranav Saha', 41, 1, 'A1');
INSERT INTO ActSectionAssociation VALUES (10256, 'IPC', '302', 1, 1);
INSERT INTO ArrestSurrender VALUES (50256, 10256, 1, '2026-01-28', 29, 445, 1010, 5045, 455, 40256, 1, 0);
INSERT INTO CaseMaster VALUES (10257, '104441009202300257', '202300257', '2026-06-29', 5029, 1009, 1, 1, 101, 201, 1, 454, '2026-06-29 10:00:00', '2026-06-29 11:00:00', '2026-06-29 09:00:00', 16.083525, 76.731649, 'Recusandae sapiente provident tenetur exercitationem tempora fugit natus iste unde odit amet neque minus libero veritatis et odit consequuntur occaecati.');
INSERT INTO ComplainantDetails VALUES (20257, 10257, 'Nidhi Bahl', 34, 1, 1, 1, 1);
INSERT INTO Victim VALUES (30257, 10257, 'Charita Randhawa', 68, 1, '0');
INSERT INTO Accused VALUES (40257, 10257, 'Saumya Mistry', 25, 1, 'A1');
INSERT INTO ActSectionAssociation VALUES (10257, 'IPC', '302', 1, 1);
INSERT INTO ArrestSurrender VALUES (50257, 10257, 1, '2026-06-29', 29, 444, 1009, 5029, 454, 40257, 1, 0);
INSERT INTO CaseMaster VALUES (10258, '304441006202300258', '202300258', '2026-02-14', 5040, 1006, 3, 1, 101, 201, 1, 454, '2026-02-13 10:00:00', '2026-02-13 11:00:00', '2026-02-14 09:00:00', 14.955407, 76.759913, 'Placeat perspiciatis ullam cumque dicta eos fugit illum suscipit quae magnam nesciunt suscipit voluptates inventore ea tenetur aliquid pariatur.');
INSERT INTO ComplainantDetails VALUES (20258, 10258, 'Chanchal Ramakrishnan', 28, 1, 1, 1, 1);
INSERT INTO Victim VALUES (30258, 10258, 'Aditya Sanghvi', 47, 1, '0');
INSERT INTO Accused VALUES (40258, 10258, 'Jeremiah Purohit', 54, 1, 'A1');
INSERT INTO ActSectionAssociation VALUES (10258, 'IPC', '302', 1, 1);
INSERT INTO ArrestSurrender VALUES (50258, 10258, 1, '2026-02-14', 29, 444, 1006, 5040, 454, 40258, 1, 0);
INSERT INTO CaseMaster VALUES (10259, '104431004202400259', '202400259', '2026-06-22', 5024, 1004, 1, 1, 101, 201, 1, 453, '2026-06-22 10:00:00', '2026-06-22 11:00:00', '2026-06-22 09:00:00', 16.870335, 76.346941, 'Corporis nam itaque ipsa ut ipsa occaecati dicta qui architecto animi cupiditate.');
INSERT INTO ComplainantDetails VALUES (20259, 10259, 'Chaman Kota', 29, 1, 1, 1, 1);
INSERT INTO Victim VALUES (30259, 10259, 'Kamala Kannan', 48, 1, '0');
INSERT INTO Accused VALUES (40259, 10259, 'Hemani Sarraf', 20, 1, 'A1');
INSERT INTO ActSectionAssociation VALUES (10259, 'IPC', '302', 1, 1);
INSERT INTO ArrestSurrender VALUES (50259, 10259, 1, '2026-06-22', 29, 443, 1004, 5024, 453, 40259, 1, 0);
INSERT INTO CaseMaster VALUES (10260, '104431005202300260', '202300260', '2024-02-20', 5023, 1005, 1, 1, 101, 201, 1, 453, '2024-02-15 10:00:00', '2024-02-15 11:00:00', '2024-02-20 09:00:00', 17.094659, 76.765652, 'Ab facere iste sit molestias aliquam blanditiis accusantium maiores quidem totam animi quasi nisi earum delectus repellendus rerum.');
INSERT INTO ComplainantDetails VALUES (20260, 10260, 'Ucchal Uppal', 26, 1, 1, 1, 1);
INSERT INTO Victim VALUES (30260, 10260, 'Gabriel Mishra', 22, 1, '0');
INSERT INTO Accused VALUES (40260, 10260, 'Zaitra Palan', 29, 1, 'A1');
INSERT INTO ActSectionAssociation VALUES (10260, 'IPC', '302', 1, 1);
INSERT INTO CaseMaster VALUES (10261, '304441009202300261', '202300261', '2024-02-05', 5040, 1009, 3, 1, 101, 201, 1, 454, '2024-02-04 10:00:00', '2024-02-04 11:00:00', '2024-02-05 09:00:00', 13.062863, 75.863165, 'Repellendus quis cumque perspiciatis odio magni deserunt velit ab maiores molestias quidem est veritatis nam.');
INSERT INTO ComplainantDetails VALUES (20261, 10261, 'Gaurangi Mallick', 54, 1, 1, 1, 1);
INSERT INTO Victim VALUES (30261, 10261, 'Yashica Chokshi', 44, 1, '0');
INSERT INTO Accused VALUES (40261, 10261, 'Barkha Manda', 52, 1, 'A1');
INSERT INTO ActSectionAssociation VALUES (10261, 'IPC', '302', 1, 1);
INSERT INTO ArrestSurrender VALUES (50261, 10261, 1, '2024-02-05', 29, 444, 1009, 5040, 454, 40261, 1, 0);
INSERT INTO CaseMaster VALUES (10262, '304451010202300262', '202300262', '2026-03-31', 5012, 1010, 3, 1, 101, 201, 1, 455, '2026-03-31 10:00:00', '2026-03-31 11:00:00', '2026-03-31 09:00:00', 15.862291, 76.27914, 'Eaque sed veritatis soluta omnis molestias doloremque commodi excepturi perferendis cum.');
INSERT INTO ComplainantDetails VALUES (20262, 10262, 'Ranveer Tandon', 27, 1, 1, 1, 1);
INSERT INTO Victim VALUES (30262, 10262, 'Tanish Rao', 58, 1, '0');
INSERT INTO Accused VALUES (40262, 10262, 'Ridhi Aurora', 32, 1, 'A1');
INSERT INTO ActSectionAssociation VALUES (10262, 'IPC', '302', 1, 1);
INSERT INTO ArrestSurrender VALUES (50262, 10262, 1, '2026-03-31', 29, 445, 1010, 5012, 455, 40262, 1, 0);
INSERT INTO CaseMaster VALUES (10263, '304431004202300263', '202300263', '2026-04-16', 5037, 1004, 3, 1, 101, 201, 1, 453, '2026-04-16 10:00:00', '2026-04-16 11:00:00', '2026-04-16 09:00:00', 12.69808, 74.012365, 'Id perspiciatis animi natus assumenda doloremque ipsum reprehenderit omnis repudiandae minima sapiente numquam.');
INSERT INTO ComplainantDetails VALUES (20263, 10263, 'Anvi Mittal', 49, 1, 1, 1, 1);
INSERT INTO Victim VALUES (30263, 10263, 'Matthew Memon', 37, 1, '0');
INSERT INTO Accused VALUES (40263, 10263, 'Widisha Nori', 18, 1, 'A1');
INSERT INTO ActSectionAssociation VALUES (10263, 'IPC', '302', 1, 1);
INSERT INTO ArrestSurrender VALUES (50263, 10263, 1, '2026-04-16', 29, 443, 1004, 5037, 453, 40263, 1, 0);
INSERT INTO CaseMaster VALUES (10264, '304451001202400264', '202400264', '2026-04-20', 5019, 1001, 3, 1, 101, 201, 1, 455, '2026-04-18 10:00:00', '2026-04-18 11:00:00', '2026-04-20 09:00:00', 14.929554, 77.195842, 'Voluptate officiis eveniet animi reiciendis laudantium deserunt corrupti blanditiis facere accusantium adipisci veniam sit nulla ab ipsa iusto aut.');
INSERT INTO ComplainantDetails VALUES (20264, 10264, 'Ekaraj Vasa', 49, 1, 1, 1, 1);
INSERT INTO Victim VALUES (30264, 10264, 'Anay Mukhopadhyay', 36, 1, '0');
INSERT INTO Accused VALUES (40264, 10264, 'Ranbir Wadhwa', 40, 1, 'A1');
INSERT INTO ActSectionAssociation VALUES (10264, 'IPC', '302', 1, 1);
INSERT INTO ArrestSurrender VALUES (50264, 10264, 1, '2026-04-20', 29, 445, 1001, 5019, 455, 40264, 1, 0);
INSERT INTO CaseMaster VALUES (10265, '104431005202600265', '202600265', '2026-04-11', 5030, 1005, 1, 1, 101, 201, 1, 453, '2026-04-11 10:00:00', '2026-04-11 11:00:00', '2026-04-11 09:00:00', 15.202517, 75.686126, 'Magni consequuntur sit perspiciatis sed neque ex placeat atque officia labore veritatis quae fugiat cumque.');
INSERT INTO ComplainantDetails VALUES (20265, 10265, 'Ekani Pau', 33, 1, 1, 1, 1);
INSERT INTO Victim VALUES (30265, 10265, 'Charles Gola', 42, 1, '0');
INSERT INTO Accused VALUES (40265, 10265, 'Onkar Ramachandran', 49, 1, 'A1');
INSERT INTO ActSectionAssociation VALUES (10265, 'IPC', '302', 1, 1);
INSERT INTO ArrestSurrender VALUES (50265, 10265, 1, '2026-04-11', 29, 443, 1005, 5030, 453, 40265, 1, 0);
INSERT INTO CaseMaster VALUES (10266, '104431004202500266', '202500266', '2025-09-04', 5043, 1004, 1, 1, 101, 201, 1, 453, '2025-08-31 10:00:00', '2025-08-31 11:00:00', '2025-09-04 09:00:00', 16.915343, 76.014852, 'Nisi repellat dolore rem iure accusamus vero necessitatibus numquam nisi ullam fugiat quibusdam laborum.');
INSERT INTO ComplainantDetails VALUES (20266, 10266, 'Oeshi Kari', 33, 1, 1, 1, 1);
INSERT INTO Victim VALUES (30266, 10266, 'Triya Bobal', 38, 1, '0');
INSERT INTO Accused VALUES (40266, 10266, 'Abhimanyu Johal', 26, 1, 'A1');
INSERT INTO ActSectionAssociation VALUES (10266, 'IPC', '302', 1, 1);
INSERT INTO ArrestSurrender VALUES (50266, 10266, 1, '2025-09-04', 29, 443, 1004, 5043, 453, 40266, 1, 0);
INSERT INTO CaseMaster VALUES (10267, '304451002202600267', '202600267', '2023-07-25', 5008, 1002, 3, 1, 101, 201, 1, 455, '2023-07-23 10:00:00', '2023-07-23 11:00:00', '2023-07-25 09:00:00', 12.093319, 75.458844, 'Magnam cumque sit sint molestiae dolorem perspiciatis enim beatae aliquid doloribus debitis rem laboriosam dolores quasi illo eum veniam.');
INSERT INTO ComplainantDetails VALUES (20267, 10267, 'Lila Ratti', 24, 1, 1, 1, 1);
INSERT INTO Victim VALUES (30267, 10267, 'Balhaar Keer', 69, 1, '0');
INSERT INTO Accused VALUES (40267, 10267, 'Vedika Shenoy', 45, 1, 'A1');
INSERT INTO ActSectionAssociation VALUES (10267, 'IPC', '302', 1, 1);
INSERT INTO CaseMaster VALUES (10268, '104451003202500268', '202500268', '2025-02-26', 5011, 1003, 1, 1, 101, 201, 1, 455, '2025-02-22 10:00:00', '2025-02-22 11:00:00', '2025-02-26 09:00:00', 12.964651, 76.738843, 'Repellendus ut hic aspernatur cumque iste accusamus provident laboriosam nam accusantium reiciendis tenetur quod in a.');
INSERT INTO ComplainantDetails VALUES (20268, 10268, 'Ladli Ramakrishnan', 53, 1, 1, 1, 1);
INSERT INTO Victim VALUES (30268, 10268, 'Nilima Bandi', 69, 1, '0');
INSERT INTO Accused VALUES (40268, 10268, 'Veer Bose', 49, 1, 'A1');
INSERT INTO ActSectionAssociation VALUES (10268, 'IPC', '302', 1, 1);
INSERT INTO CaseMaster VALUES (10269, '104451010202500269', '202500269', '2023-08-10', 5049, 1010, 1, 1, 101, 201, 1, 455, '2023-08-09 10:00:00', '2023-08-09 11:00:00', '2023-08-10 09:00:00', 17.793824, 77.217343, 'Sed ipsum veritatis occaecati nobis voluptas laudantium rerum fuga minima enim illum saepe ab.');
INSERT INTO ComplainantDetails VALUES (20269, 10269, 'Vinaya Walia', 31, 1, 1, 1, 1);
INSERT INTO Victim VALUES (30269, 10269, 'Ishita Loke', 27, 1, '0');
INSERT INTO Accused VALUES (40269, 10269, 'Ekani Nadig', 55, 1, 'A1');
INSERT INTO ActSectionAssociation VALUES (10269, 'IPC', '302', 1, 1);
INSERT INTO CaseMaster VALUES (10270, '104431004202400270', '202400270', '2025-08-11', 5022, 1004, 1, 1, 101, 201, 1, 453, '2025-08-07 10:00:00', '2025-08-07 11:00:00', '2025-08-11 09:00:00', 14.161507, 77.551231, 'Alias minus velit laborum quaerat labore mollitia distinctio est neque.');
INSERT INTO ComplainantDetails VALUES (20270, 10270, 'Deepa Madan', 33, 1, 1, 1, 1);
INSERT INTO Victim VALUES (30270, 10270, 'Odika Patel', 24, 1, '0');
INSERT INTO Accused VALUES (40270, 10270, 'Warda Sehgal', 23, 1, 'A1');
INSERT INTO ActSectionAssociation VALUES (10270, 'IPC', '302', 1, 1);
INSERT INTO CaseMaster VALUES (10271, '104431004202500271', '202500271', '2024-06-01', 5031, 1004, 1, 1, 101, 201, 1, 453, '2024-05-30 10:00:00', '2024-05-30 11:00:00', '2024-06-01 09:00:00', 13.099322, 76.674037, 'Doloribus voluptas hic dolor error pariatur ipsa quos iusto itaque libero iusto assumenda quia deleniti assumenda.');
INSERT INTO ComplainantDetails VALUES (20271, 10271, 'Faras Nagy', 32, 1, 1, 1, 1);
INSERT INTO Victim VALUES (30271, 10271, 'Oni Samra', 25, 1, '0');
INSERT INTO Accused VALUES (40271, 10271, 'Veda Munshi', 29, 1, 'A1');
INSERT INTO ActSectionAssociation VALUES (10271, 'IPC', '302', 1, 1);
INSERT INTO ArrestSurrender VALUES (50271, 10271, 1, '2024-06-01', 29, 443, 1004, 5031, 453, 40271, 1, 0);
INSERT INTO CaseMaster VALUES (10272, '304451010202400272', '202400272', '2024-03-06', 5023, 1010, 3, 1, 101, 201, 1, 455, '2024-03-05 10:00:00', '2024-03-05 11:00:00', '2024-03-06 09:00:00', 16.569768, 74.730977, 'Voluptatem earum sunt dolores illum illum nostrum cum sapiente consequuntur hic illum quae eaque libero consequuntur voluptatem expedita nostrum maxime.');
INSERT INTO ComplainantDetails VALUES (20272, 10272, 'Widisha Datta', 34, 1, 1, 1, 1);
INSERT INTO Victim VALUES (30272, 10272, 'Vansha Mitter', 20, 1, '0');
INSERT INTO Accused VALUES (40272, 10272, 'Meera Zacharia', 32, 1, 'A1');
INSERT INTO ActSectionAssociation VALUES (10272, 'IPC', '302', 1, 1);
INSERT INTO ArrestSurrender VALUES (50272, 10272, 1, '2024-03-06', 29, 445, 1010, 5023, 455, 40272, 1, 0);
INSERT INTO CaseMaster VALUES (10273, '104451001202500273', '202500273', '2024-07-15', 5019, 1001, 1, 1, 101, 201, 1, 455, '2024-07-12 10:00:00', '2024-07-12 11:00:00', '2024-07-15 09:00:00', 15.708247, 74.281548, 'Eius neque quod dolor repellat saepe rem reiciendis reiciendis et iste atque porro.');
INSERT INTO ComplainantDetails VALUES (20273, 10273, 'Oviya Dash', 33, 1, 1, 1, 1);
INSERT INTO Victim VALUES (30273, 10273, 'Abhiram Nayak', 41, 1, '0');
INSERT INTO Accused VALUES (40273, 10273, 'Manya Mammen', 21, 1, 'A1');
INSERT INTO ActSectionAssociation VALUES (10273, 'IPC', '302', 1, 1);
INSERT INTO CaseMaster VALUES (10274, '104451003202500274', '202500274', '2024-07-05', 5015, 1003, 1, 1, 101, 201, 1, 455, '2024-07-02 10:00:00', '2024-07-02 11:00:00', '2024-07-05 09:00:00', 15.270782, 76.987485, 'Voluptates illo blanditiis quas nesciunt dolorem quisquam sint asperiores assumenda enim ad voluptatem architecto consequuntur quas incidunt harum.');
INSERT INTO ComplainantDetails VALUES (20274, 10274, 'Naveen Mitra', 28, 1, 1, 1, 1);
INSERT INTO Victim VALUES (30274, 10274, 'Ucchal Gupta', 40, 1, '0');
INSERT INTO Accused VALUES (40274, 10274, 'Amrita Aurora', 34, 1, 'A1');
INSERT INTO ActSectionAssociation VALUES (10274, 'IPC', '302', 1, 1);
INSERT INTO ArrestSurrender VALUES (50274, 10274, 1, '2024-07-05', 29, 445, 1003, 5015, 455, 40274, 1, 0);
INSERT INTO CaseMaster VALUES (10275, '304451001202600275', '202600275', '2025-09-15', 5047, 1001, 3, 1, 101, 201, 1, 455, '2025-09-11 10:00:00', '2025-09-11 11:00:00', '2025-09-15 09:00:00', 15.435019, 75.783471, 'Non suscipit saepe odit quo repellendus pariatur facilis totam delectus minima laboriosam.');
INSERT INTO ComplainantDetails VALUES (20275, 10275, 'Dhruv Tripathi', 24, 1, 1, 1, 1);
INSERT INTO Victim VALUES (30275, 10275, 'Frado Ramakrishnan', 36, 1, '0');
INSERT INTO Accused VALUES (40275, 10275, 'Zehaan Sharma', 45, 1, 'A1');
INSERT INTO ActSectionAssociation VALUES (10275, 'IPC', '302', 1, 1);
INSERT INTO CaseMaster VALUES (10276, '104431004202500276', '202500276', '2024-10-28', 5006, 1004, 1, 1, 101, 201, 1, 453, '2024-10-23 10:00:00', '2024-10-23 11:00:00', '2024-10-28 09:00:00', 15.36415, 77.905574, 'Magni atque vero repudiandae culpa quos eaque eaque cumque officia quisquam.');
INSERT INTO ComplainantDetails VALUES (20276, 10276, 'Thomas Sibal', 26, 1, 1, 1, 1);
INSERT INTO Victim VALUES (30276, 10276, 'Vedhika Baral', 36, 1, '0');
INSERT INTO Accused VALUES (40276, 10276, 'Yahvi Solanki', 54, 1, 'A1');
INSERT INTO ActSectionAssociation VALUES (10276, 'IPC', '302', 1, 1);
INSERT INTO CaseMaster VALUES (10277, '304441008202500277', '202500277', '2026-03-22', 5021, 1008, 3, 1, 101, 201, 1, 454, '2026-03-19 10:00:00', '2026-03-19 11:00:00', '2026-03-22 09:00:00', 17.550537, 77.697989, 'Maiores numquam minima molestias molestias dolores explicabo accusantium doloremque.');
INSERT INTO ComplainantDetails VALUES (20277, 10277, 'Aarav Ramakrishnan', 29, 1, 1, 1, 1);
INSERT INTO Victim VALUES (30277, 10277, 'Patrick Sood', 39, 1, '0');
INSERT INTO Accused VALUES (40277, 10277, 'Balhaar Gola', 55, 1, 'A1');
INSERT INTO ActSectionAssociation VALUES (10277, 'IPC', '302', 1, 1);
INSERT INTO ArrestSurrender VALUES (50277, 10277, 1, '2026-03-22', 29, 444, 1008, 5021, 454, 40277, 1, 0);
INSERT INTO CaseMaster VALUES (10278, '304451003202500278', '202500278', '2024-10-10', 5011, 1003, 3, 1, 101, 201, 1, 455, '2024-10-10 10:00:00', '2024-10-10 11:00:00', '2024-10-10 09:00:00', 13.429877, 74.312105, 'Facere error ducimus dolores dolor libero eveniet asperiores ea assumenda.');
INSERT INTO ComplainantDetails VALUES (20278, 10278, 'Max Pandit', 39, 1, 1, 1, 1);
INSERT INTO Victim VALUES (30278, 10278, 'Aditya Ghose', 67, 1, '0');
INSERT INTO Accused VALUES (40278, 10278, 'Vasudha Talwar', 48, 1, 'A1');
INSERT INTO ActSectionAssociation VALUES (10278, 'IPC', '302', 1, 1);
INSERT INTO CaseMaster VALUES (10279, '304451002202500279', '202500279', '2023-11-08', 5010, 1002, 3, 1, 101, 201, 1, 455, '2023-11-03 10:00:00', '2023-11-03 11:00:00', '2023-11-08 09:00:00', 15.195885, 76.254554, 'Nulla fugit voluptatum quaerat sint iste architecto sunt sint debitis cupiditate soluta deserunt veniam iste quas voluptas iure laboriosam.');
INSERT INTO ComplainantDetails VALUES (20279, 10279, 'Dakshesh Deshmukh', 29, 1, 1, 1, 1);
INSERT INTO Victim VALUES (30279, 10279, 'Ekani Agrawal', 18, 1, '0');
INSERT INTO Accused VALUES (40279, 10279, 'Karan Bawa', 52, 1, 'A1');
INSERT INTO ActSectionAssociation VALUES (10279, 'IPC', '302', 1, 1);
INSERT INTO CaseMaster VALUES (10280, '304451010202300280', '202300280', '2024-11-21', 5046, 1010, 3, 1, 101, 201, 1, 455, '2024-11-21 10:00:00', '2024-11-21 11:00:00', '2024-11-21 09:00:00', 15.848372, 75.69004, 'In dolorum cum aliquam eum aliquam sit autem odit occaecati placeat veniam modi explicabo nisi.');
INSERT INTO ComplainantDetails VALUES (20280, 10280, 'Bhanumati Gupta', 23, 1, 1, 1, 1);
INSERT INTO Victim VALUES (30280, 10280, 'Vaishnavi Vala', 30, 1, '0');
INSERT INTO Accused VALUES (40280, 10280, 'Darika Wali', 40, 1, 'A1');
INSERT INTO ActSectionAssociation VALUES (10280, 'IPC', '302', 1, 1);
INSERT INTO ArrestSurrender VALUES (50280, 10280, 1, '2024-11-21', 29, 445, 1010, 5046, 455, 40280, 1, 0);
INSERT INTO CaseMaster VALUES (10281, '304431005202500281', '202500281', '2025-10-11', 5020, 1005, 3, 1, 101, 201, 1, 453, '2025-10-11 10:00:00', '2025-10-11 11:00:00', '2025-10-11 09:00:00', 12.803069, 77.850421, 'Voluptates libero quia eius doloremque officiis amet saepe adipisci vitae veniam deleniti iste sequi nobis ipsa autem accusantium in voluptatum.');
INSERT INTO ComplainantDetails VALUES (20281, 10281, 'Anthony Dube', 57, 1, 1, 1, 1);
INSERT INTO Victim VALUES (30281, 10281, 'Alexander Shanker', 63, 1, '0');
INSERT INTO Accused VALUES (40281, 10281, 'Anamika Roy', 49, 1, 'A1');
INSERT INTO ActSectionAssociation VALUES (10281, 'IPC', '302', 1, 1);
INSERT INTO ArrestSurrender VALUES (50281, 10281, 1, '2025-10-11', 29, 443, 1005, 5020, 453, 40281, 1, 0);
INSERT INTO CaseMaster VALUES (10282, '104441006202500282', '202500282', '2024-07-20', 5045, 1006, 1, 1, 101, 201, 1, 454, '2024-07-16 10:00:00', '2024-07-16 11:00:00', '2024-07-20 09:00:00', 17.471456, 76.826038, 'Similique ex accusamus quaerat laborum assumenda illum voluptatibus cupiditate aperiam voluptates deserunt perspiciatis officia.');
INSERT INTO ComplainantDetails VALUES (20282, 10282, 'Dakshesh Hayer', 41, 1, 1, 1, 1);
INSERT INTO Victim VALUES (30282, 10282, 'Forum Om', 53, 1, '0');
INSERT INTO Accused VALUES (40282, 10282, 'Girindra Sehgal', 39, 1, 'A1');
INSERT INTO ActSectionAssociation VALUES (10282, 'IPC', '302', 1, 1);
INSERT INTO ArrestSurrender VALUES (50282, 10282, 1, '2024-07-20', 29, 444, 1006, 5045, 454, 40282, 1, 0);
INSERT INTO CaseMaster VALUES (10283, '104451010202400283', '202400283', '2025-08-27', 5044, 1010, 1, 1, 101, 201, 1, 455, '2025-08-24 10:00:00', '2025-08-24 11:00:00', '2025-08-27 09:00:00', 15.689817, 75.426654, 'Eius exercitationem cupiditate consequuntur blanditiis dolor at eius cupiditate ad.');
INSERT INTO ComplainantDetails VALUES (20283, 10283, 'Urvi Dora', 49, 1, 1, 1, 1);
INSERT INTO Victim VALUES (30283, 10283, 'Varsha Mutti', 50, 1, '0');
INSERT INTO Accused VALUES (40283, 10283, 'Pranav Banerjee', 49, 1, 'A1');
INSERT INTO ActSectionAssociation VALUES (10283, 'IPC', '302', 1, 1);
INSERT INTO ArrestSurrender VALUES (50283, 10283, 1, '2025-08-27', 29, 445, 1010, 5044, 455, 40283, 1, 0);
INSERT INTO CaseMaster VALUES (10284, '304431005202400284', '202400284', '2026-03-07', 5018, 1005, 3, 1, 101, 201, 1, 453, '2026-03-04 10:00:00', '2026-03-04 11:00:00', '2026-03-07 09:00:00', 13.535216, 77.842592, 'Molestias temporibus corporis rem tenetur occaecati repudiandae voluptatem perspiciatis numquam reiciendis vitae.');
INSERT INTO ComplainantDetails VALUES (20284, 10284, 'Maanav Misra', 37, 1, 1, 1, 1);
INSERT INTO Victim VALUES (30284, 10284, 'Ira Sharaf', 31, 1, '0');
INSERT INTO Accused VALUES (40284, 10284, 'Aashi Hans', 27, 1, 'A1');
INSERT INTO ActSectionAssociation VALUES (10284, 'IPC', '302', 1, 1);
INSERT INTO CaseMaster VALUES (10285, '104431007202400285', '202400285', '2025-10-07', 5020, 1007, 1, 1, 101, 201, 1, 453, '2025-10-05 10:00:00', '2025-10-05 11:00:00', '2025-10-07 09:00:00', 12.328886, 74.453985, 'Maiores tempora nemo doloribus incidunt incidunt omnis modi vero ipsa exercitationem et repellendus maxime numquam quam ex.');
INSERT INTO ComplainantDetails VALUES (20285, 10285, 'Ikshita Barad', 53, 1, 1, 1, 1);
INSERT INTO Victim VALUES (30285, 10285, 'Krish Wable', 24, 1, '0');
INSERT INTO Accused VALUES (40285, 10285, 'Ojas Bansal', 22, 1, 'A1');
INSERT INTO ActSectionAssociation VALUES (10285, 'IPC', '302', 1, 1);
INSERT INTO ArrestSurrender VALUES (50285, 10285, 1, '2025-10-07', 29, 443, 1007, 5020, 453, 40285, 1, 0);
INSERT INTO CaseMaster VALUES (10286, '304451002202600286', '202600286', '2025-05-23', 5013, 1002, 3, 1, 101, 201, 1, 455, '2025-05-22 10:00:00', '2025-05-22 11:00:00', '2025-05-23 09:00:00', 12.049637, 77.38855, 'Eligendi hic amet est molestiae eos fugiat sit dignissimos consequuntur dolorem nihil aut consequatur.');
INSERT INTO ComplainantDetails VALUES (20286, 10286, 'Pranav Brahmbhatt', 57, 1, 1, 1, 1);
INSERT INTO Victim VALUES (30286, 10286, 'Krishna Mahal', 64, 1, '0');
INSERT INTO Accused VALUES (40286, 10286, 'Yamini Warrior', 33, 1, 'A1');
INSERT INTO ActSectionAssociation VALUES (10286, 'IPC', '302', 1, 1);
INSERT INTO ArrestSurrender VALUES (50286, 10286, 1, '2025-05-23', 29, 445, 1002, 5013, 455, 40286, 1, 0);
INSERT INTO CaseMaster VALUES (10287, '104441009202400287', '202400287', '2026-01-31', 5030, 1009, 1, 1, 101, 201, 1, 454, '2026-01-30 10:00:00', '2026-01-30 11:00:00', '2026-01-31 09:00:00', 13.099191, 76.256252, 'Aut mollitia unde quo autem numquam in vero autem ipsum optio quia voluptas.');
INSERT INTO ComplainantDetails VALUES (20287, 10287, 'Qushi Patla', 53, 1, 1, 1, 1);
INSERT INTO Victim VALUES (30287, 10287, 'Logan Mangat', 59, 1, '0');
INSERT INTO Accused VALUES (40287, 10287, 'Devika Samra', 21, 1, 'A1');
INSERT INTO ActSectionAssociation VALUES (10287, 'IPC', '302', 1, 1);
INSERT INTO ArrestSurrender VALUES (50287, 10287, 1, '2026-01-31', 29, 444, 1009, 5030, 454, 40287, 1, 0);
INSERT INTO CaseMaster VALUES (10288, '104431004202500288', '202500288', '2024-10-30', 5008, 1004, 1, 1, 101, 201, 1, 453, '2024-10-28 10:00:00', '2024-10-28 11:00:00', '2024-10-30 09:00:00', 17.456397, 76.559648, 'Culpa natus quos mollitia dolor sint at repellat dolores porro optio.');
INSERT INTO ComplainantDetails VALUES (20288, 10288, 'Laban Mistry', 50, 1, 1, 1, 1);
INSERT INTO Victim VALUES (30288, 10288, 'Lohit Sinha', 61, 1, '0');
INSERT INTO Accused VALUES (40288, 10288, 'Mohini Nayak', 41, 1, 'A1');
INSERT INTO ActSectionAssociation VALUES (10288, 'IPC', '302', 1, 1);
INSERT INTO ArrestSurrender VALUES (50288, 10288, 1, '2024-10-30', 29, 443, 1004, 5008, 453, 40288, 1, 0);
INSERT INTO CaseMaster VALUES (10289, '104431007202500289', '202500289', '2025-03-19', 5046, 1007, 1, 1, 101, 201, 1, 453, '2025-03-19 10:00:00', '2025-03-19 11:00:00', '2025-03-19 09:00:00', 15.513808, 75.406957, 'Necessitatibus eaque quod assumenda facilis modi esse optio nulla nihil at corrupti odio ducimus modi nostrum.');
INSERT INTO ComplainantDetails VALUES (20289, 10289, 'Aryan Madan', 55, 1, 1, 1, 1);
INSERT INTO Victim VALUES (30289, 10289, 'Yashawini Dass', 61, 1, '0');
INSERT INTO Accused VALUES (40289, 10289, 'Anita Varty', 32, 1, 'A1');
INSERT INTO ActSectionAssociation VALUES (10289, 'IPC', '302', 1, 1);
INSERT INTO CaseMaster VALUES (10290, '104451003202500290', '202500290', '2025-02-26', 5032, 1003, 1, 1, 101, 201, 1, 455, '2025-02-26 10:00:00', '2025-02-26 11:00:00', '2025-02-26 09:00:00', 15.374636, 76.428172, 'Nulla animi deserunt libero similique voluptates vero dolor laboriosam debitis quibusdam saepe numquam.');
INSERT INTO ComplainantDetails VALUES (20290, 10290, 'Varenya Majumdar', 34, 1, 1, 1, 1);
INSERT INTO Victim VALUES (30290, 10290, 'Vasatika Sengupta', 61, 1, '0');
INSERT INTO Accused VALUES (40290, 10290, 'Oliver Banerjee', 47, 1, 'A1');
INSERT INTO ActSectionAssociation VALUES (10290, 'IPC', '302', 1, 1);
INSERT INTO CaseMaster VALUES (10291, '304451002202400291', '202400291', '2025-02-20', 5027, 1002, 3, 1, 101, 201, 1, 455, '2025-02-16 10:00:00', '2025-02-16 11:00:00', '2025-02-20 09:00:00', 15.215348, 76.664107, 'Est perferendis quis aliquam velit quibusdam accusantium ex eaque necessitatibus libero saepe nemo repellendus laudantium.');
INSERT INTO ComplainantDetails VALUES (20291, 10291, 'Radhika Sandal', 36, 1, 1, 1, 1);
INSERT INTO Victim VALUES (30291, 10291, 'Darika Arya', 32, 1, '0');
INSERT INTO Accused VALUES (40291, 10291, 'Tripti Golla', 28, 1, 'A1');
INSERT INTO ActSectionAssociation VALUES (10291, 'IPC', '302', 1, 1);
INSERT INTO CaseMaster VALUES (10292, '304431007202500292', '202500292', '2024-07-31', 5028, 1007, 3, 1, 101, 201, 1, 453, '2024-07-26 10:00:00', '2024-07-26 11:00:00', '2024-07-31 09:00:00', 14.291888, 74.553821, 'Quibusdam ducimus quasi neque deleniti ullam quia quis accusantium cumque distinctio at accusamus molestias laboriosam.');
INSERT INTO ComplainantDetails VALUES (20292, 10292, 'Isaiah Rattan', 44, 1, 1, 1, 1);
INSERT INTO Victim VALUES (30292, 10292, 'Nidra Kota', 24, 1, '0');
INSERT INTO Accused VALUES (40292, 10292, 'Veda Naidu', 50, 1, 'A1');
INSERT INTO ActSectionAssociation VALUES (10292, 'IPC', '302', 1, 1);
INSERT INTO ArrestSurrender VALUES (50292, 10292, 1, '2024-07-31', 29, 443, 1007, 5028, 453, 40292, 1, 0);
INSERT INTO CaseMaster VALUES (10293, '104451010202600293', '202600293', '2023-11-07', 5001, 1010, 1, 1, 101, 201, 1, 455, '2023-11-03 10:00:00', '2023-11-03 11:00:00', '2023-11-07 09:00:00', 13.16171, 74.618987, 'Praesentium corporis eligendi tempora enim eligendi facilis distinctio suscipit voluptatibus commodi totam assumenda consequatur omnis.');
INSERT INTO ComplainantDetails VALUES (20293, 10293, 'Joshua Taneja', 52, 1, 1, 1, 1);
INSERT INTO Victim VALUES (30293, 10293, 'Isaiah Mallick', 35, 1, '0');
INSERT INTO Accused VALUES (40293, 10293, 'Onkar Sarkar', 35, 1, 'A1');
INSERT INTO ActSectionAssociation VALUES (10293, 'IPC', '302', 1, 1);
INSERT INTO CaseMaster VALUES (10294, '304441006202600294', '202600294', '2024-02-10', 5005, 1006, 3, 1, 101, 201, 1, 454, '2024-02-09 10:00:00', '2024-02-09 11:00:00', '2024-02-10 09:00:00', 16.362311, 75.055539, 'Quasi error expedita ducimus provident hic quae aut nemo corrupti corrupti.');
INSERT INTO ComplainantDetails VALUES (20294, 10294, 'Gayathri Agate', 44, 1, 1, 1, 1);
INSERT INTO Victim VALUES (30294, 10294, 'Anita Dayal', 61, 1, '0');
INSERT INTO Accused VALUES (40294, 10294, 'Girik Manda', 55, 1, 'A1');
INSERT INTO ActSectionAssociation VALUES (10294, 'IPC', '302', 1, 1);
INSERT INTO ArrestSurrender VALUES (50294, 10294, 1, '2024-02-10', 29, 444, 1006, 5005, 454, 40294, 1, 0);
INSERT INTO CaseMaster VALUES (10295, '304431005202400295', '202400295', '2024-12-09', 5023, 1005, 3, 1, 101, 201, 1, 453, '2024-12-08 10:00:00', '2024-12-08 11:00:00', '2024-12-09 09:00:00', 16.754446, 76.918545, 'Necessitatibus facilis mollitia velit sunt corporis itaque minima culpa necessitatibus autem amet maxime nisi beatae perspiciatis aspernatur perferendis velit.');
INSERT INTO ComplainantDetails VALUES (20295, 10295, 'Arunima Ratta', 42, 1, 1, 1, 1);
INSERT INTO Victim VALUES (30295, 10295, 'Yamini Comar', 60, 1, '0');
INSERT INTO Accused VALUES (40295, 10295, 'Suhani Bhakta', 31, 1, 'A1');
INSERT INTO ActSectionAssociation VALUES (10295, 'IPC', '302', 1, 1);
INSERT INTO ArrestSurrender VALUES (50295, 10295, 1, '2024-12-09', 29, 443, 1005, 5023, 453, 40295, 1, 0);
INSERT INTO CaseMaster VALUES (10296, '104431007202500296', '202500296', '2024-08-01', 5008, 1007, 1, 1, 101, 201, 1, 453, '2024-08-01 10:00:00', '2024-08-01 11:00:00', '2024-08-01 09:00:00', 12.924801, 75.565348, 'Nobis asperiores nihil fugit placeat nostrum quod possimus veritatis velit sequi nostrum nisi nemo explicabo iusto sunt itaque repellendus eligendi delectus.');
INSERT INTO ComplainantDetails VALUES (20296, 10296, 'Praneel Kulkarni', 20, 1, 1, 1, 1);
INSERT INTO Victim VALUES (30296, 10296, 'Harish Solanki', 18, 1, '0');
INSERT INTO Accused VALUES (40296, 10296, 'Manya Desai', 52, 1, 'A1');
INSERT INTO ActSectionAssociation VALUES (10296, 'IPC', '302', 1, 1);
INSERT INTO ArrestSurrender VALUES (50296, 10296, 1, '2024-08-01', 29, 443, 1007, 5008, 453, 40296, 1, 0);
INSERT INTO CaseMaster VALUES (10297, '104451010202400297', '202400297', '2025-11-04', 5025, 1010, 1, 1, 101, 201, 1, 455, '2025-10-31 10:00:00', '2025-10-31 11:00:00', '2025-11-04 09:00:00', 12.394201, 74.194969, 'Sunt ratione qui suscipit dolorem consequatur minus temporibus tenetur sit beatae laborum deserunt neque.');
INSERT INTO ComplainantDetails VALUES (20297, 10297, 'Rajeshri Karpe', 21, 1, 1, 1, 1);
INSERT INTO Victim VALUES (30297, 10297, 'Arjun Golla', 50, 1, '0');
INSERT INTO Accused VALUES (40297, 10297, 'Gauri Agate', 44, 1, 'A1');
INSERT INTO ActSectionAssociation VALUES (10297, 'IPC', '302', 1, 1);
INSERT INTO CaseMaster VALUES (10298, '304451001202500298', '202500298', '2024-12-02', 5004, 1001, 3, 1, 101, 201, 1, 455, '2024-12-01 10:00:00', '2024-12-01 11:00:00', '2024-12-02 09:00:00', 15.008012, 74.133619, 'Velit totam alias necessitatibus tenetur magni ullam dignissimos itaque.');
INSERT INTO ComplainantDetails VALUES (20298, 10298, 'Jai Sha', 20, 1, 1, 1, 1);
INSERT INTO Victim VALUES (30298, 10298, 'Saumya Dara', 51, 1, '0');
INSERT INTO Accused VALUES (40298, 10298, 'Garima Mitter', 52, 1, 'A1');
INSERT INTO ActSectionAssociation VALUES (10298, 'IPC', '302', 1, 1);
INSERT INTO ArrestSurrender VALUES (50298, 10298, 1, '2024-12-02', 29, 445, 1001, 5004, 455, 40298, 1, 0);
INSERT INTO CaseMaster VALUES (10299, '104451002202500299', '202500299', '2026-02-22', 5026, 1002, 1, 1, 101, 201, 1, 455, '2026-02-20 10:00:00', '2026-02-20 11:00:00', '2026-02-22 09:00:00', 13.054299, 77.851259, 'Distinctio animi vitae nihil quibusdam explicabo aliquid necessitatibus illo.');
INSERT INTO ComplainantDetails VALUES (20299, 10299, 'Tanveer Hayer', 22, 1, 1, 1, 1);
INSERT INTO Victim VALUES (30299, 10299, 'Pranit Biswas', 32, 1, '0');
INSERT INTO Accused VALUES (40299, 10299, 'Tanmayi Khalsa', 30, 1, 'A1');
INSERT INTO ActSectionAssociation VALUES (10299, 'IPC', '302', 1, 1);
INSERT INTO CaseMaster VALUES (10300, '304451003202400300', '202400300', '2024-10-05', 5002, 1003, 3, 1, 101, 201, 1, 455, '2024-10-05 10:00:00', '2024-10-05 11:00:00', '2024-10-05 09:00:00', 14.297816, 74.723653, 'Occaecati quidem quam temporibus nesciunt ab a beatae dolore explicabo cum doloribus repellendus ut dignissimos ex laborum adipisci dolores ab.');
INSERT INTO ComplainantDetails VALUES (20300, 10300, 'Amaira Lad', 53, 1, 1, 1, 1);
INSERT INTO Victim VALUES (30300, 10300, 'Oni Deol', 29, 1, '0');
INSERT INTO Accused VALUES (40300, 10300, 'Frado Kalla', 43, 1, 'A1');
INSERT INTO ActSectionAssociation VALUES (10300, 'IPC', '302', 1, 1);
INSERT INTO ArrestSurrender VALUES (50300, 10300, 1, '2024-10-05', 29, 445, 1003, 5002, 455, 40300, 1, 0);
INSERT INTO CaseMaster VALUES (10301, '304441009202600301', '202600301', '2024-10-23', 5012, 1009, 3, 1, 101, 201, 1, 454, '2024-10-19 10:00:00', '2024-10-19 11:00:00', '2024-10-23 09:00:00', 17.791715, 75.687407, 'Officiis in id commodi nemo officia quia dicta atque inventore modi totam accusantium dicta odio dolores quis nemo vitae quod.');
INSERT INTO ComplainantDetails VALUES (20301, 10301, 'Wazir Misra', 47, 1, 1, 1, 1);
INSERT INTO Victim VALUES (30301, 10301, 'Theodore Sangha', 41, 1, '0');
INSERT INTO Accused VALUES (40301, 10301, 'Samuel Koshy', 19, 1, 'A1');
INSERT INTO ActSectionAssociation VALUES (10301, 'IPC', '302', 1, 1);
INSERT INTO ArrestSurrender VALUES (50301, 10301, 1, '2024-10-23', 29, 444, 1009, 5012, 454, 40301, 1, 0);
INSERT INTO CaseMaster VALUES (10302, '104441006202500302', '202500302', '2025-06-02', 5048, 1006, 1, 1, 101, 201, 1, 454, '2025-05-28 10:00:00', '2025-05-28 11:00:00', '2025-06-02 09:00:00', 17.058835, 74.967557, 'Nam rerum quaerat veritatis corrupti dolorem magnam ducimus autem explicabo.');
INSERT INTO ComplainantDetails VALUES (20302, 10302, 'Simon Parmar', 53, 1, 1, 1, 1);
INSERT INTO Victim VALUES (30302, 10302, 'Panini Bera', 37, 1, '0');
INSERT INTO Accused VALUES (40302, 10302, 'Kritika Deshpande', 38, 1, 'A1');
INSERT INTO ActSectionAssociation VALUES (10302, 'IPC', '302', 1, 1);
INSERT INTO CaseMaster VALUES (10303, '304451003202600303', '202600303', '2023-10-31', 5011, 1003, 3, 1, 101, 201, 1, 455, '2023-10-30 10:00:00', '2023-10-30 11:00:00', '2023-10-31 09:00:00', 15.804296, 77.771206, 'Explicabo molestiae earum vero quia atque sapiente neque doloremque aliquid illo cumque laboriosam error perspiciatis iure cum accusamus at commodi.');
INSERT INTO ComplainantDetails VALUES (20303, 10303, 'Umang Kari', 20, 1, 1, 1, 1);
INSERT INTO Victim VALUES (30303, 10303, 'Nachiket Sankar', 18, 1, '0');
INSERT INTO Accused VALUES (40303, 10303, 'Amrita Sharma', 29, 1, 'A1');
INSERT INTO ActSectionAssociation VALUES (10303, 'IPC', '302', 1, 1);
INSERT INTO CaseMaster VALUES (10304, '304451002202300304', '202300304', '2025-09-13', 5007, 1002, 3, 1, 101, 201, 1, 455, '2025-09-11 10:00:00', '2025-09-11 11:00:00', '2025-09-13 09:00:00', 15.082971, 77.262968, 'Et non deleniti tempora animi culpa ullam quis nostrum.');
INSERT INTO ComplainantDetails VALUES (20304, 10304, 'Samar Chada', 25, 1, 1, 1, 1);
INSERT INTO Victim VALUES (30304, 10304, 'Tanish Chopra', 19, 1, '0');
INSERT INTO Accused VALUES (40304, 10304, 'Oni Ahluwalia', 52, 1, 'A1');
INSERT INTO ActSectionAssociation VALUES (10304, 'IPC', '302', 1, 1);
INSERT INTO CaseMaster VALUES (10305, '104441008202500305', '202500305', '2026-02-24', 5035, 1008, 1, 1, 101, 201, 1, 454, '2026-02-20 10:00:00', '2026-02-20 11:00:00', '2026-02-24 09:00:00', 17.644492, 76.370205, 'Expedita exercitationem veritatis magni exercitationem reprehenderit explicabo eos accusamus tempore quia occaecati iure ducimus aliquam reiciendis veniam quam ad.');
INSERT INTO ComplainantDetails VALUES (20305, 10305, 'Vivaan Hayre', 58, 1, 1, 1, 1);
INSERT INTO Victim VALUES (30305, 10305, 'Bachittar Bakshi', 35, 1, '0');
INSERT INTO Accused VALUES (40305, 10305, 'Nirja Prashad', 23, 1, 'A1');
INSERT INTO ActSectionAssociation VALUES (10305, 'IPC', '302', 1, 1);
INSERT INTO CaseMaster VALUES (10306, '304441009202300306', '202300306', '2024-01-20', 5039, 1009, 3, 1, 101, 201, 1, 454, '2024-01-20 10:00:00', '2024-01-20 11:00:00', '2024-01-20 09:00:00', 17.188964, 74.003091, 'Qui error veritatis sint tempore repudiandae vel corporis occaecati amet autem corporis repellat necessitatibus nihil.');
INSERT INTO ComplainantDetails VALUES (20306, 10306, 'Bhavna Arora', 25, 1, 1, 1, 1);
INSERT INTO Victim VALUES (30306, 10306, 'Praneel Tripathi', 65, 1, '0');
INSERT INTO Accused VALUES (40306, 10306, 'Orinder Dora', 44, 1, 'A1');
INSERT INTO ActSectionAssociation VALUES (10306, 'IPC', '302', 1, 1);
INSERT INTO CaseMaster VALUES (10307, '104451003202500307', '202500307', '2023-10-15', 5004, 1003, 1, 1, 101, 201, 1, 455, '2023-10-11 10:00:00', '2023-10-11 11:00:00', '2023-10-15 09:00:00', 17.497738, 76.886636, 'Quam praesentium et perferendis error eum qui dicta placeat beatae nam itaque et molestias modi corrupti possimus eos veniam.');
INSERT INTO ComplainantDetails VALUES (20307, 10307, 'Maanav Rau', 39, 1, 1, 1, 1);
INSERT INTO Victim VALUES (30307, 10307, 'Lila Patla', 36, 1, '0');
INSERT INTO Accused VALUES (40307, 10307, 'Bhavani Gola', 54, 1, 'A1');
INSERT INTO ActSectionAssociation VALUES (10307, 'IPC', '302', 1, 1);
INSERT INTO CaseMaster VALUES (10308, '304451003202600308', '202600308', '2025-08-25', 5011, 1003, 3, 1, 101, 201, 1, 455, '2025-08-22 10:00:00', '2025-08-22 11:00:00', '2025-08-25 09:00:00', 16.38977, 75.277771, 'Consequatur veritatis repellat totam natus non reiciendis neque esse animi.');
INSERT INTO ComplainantDetails VALUES (20308, 10308, 'Brijesh Choudhary', 47, 1, 1, 1, 1);
INSERT INTO Victim VALUES (30308, 10308, 'Abdul Khatri', 61, 1, '0');
INSERT INTO Accused VALUES (40308, 10308, 'Jasmit Mital', 47, 1, 'A1');
INSERT INTO ActSectionAssociation VALUES (10308, 'IPC', '302', 1, 1);
INSERT INTO ArrestSurrender VALUES (50308, 10308, 1, '2025-08-25', 29, 445, 1003, 5011, 455, 40308, 1, 0);
INSERT INTO CaseMaster VALUES (10309, '304441006202300309', '202300309', '2025-10-19', 5039, 1006, 3, 1, 101, 201, 1, 454, '2025-10-15 10:00:00', '2025-10-15 11:00:00', '2025-10-19 09:00:00', 14.65329, 74.892852, 'Consectetur eius dicta ipsum explicabo fuga iure laboriosam quae vel quo ad.');
INSERT INTO ComplainantDetails VALUES (20309, 10309, 'Viraj Oza', 51, 1, 1, 1, 1);
INSERT INTO Victim VALUES (30309, 10309, 'Rachit Bora', 69, 1, '0');
INSERT INTO Accused VALUES (40309, 10309, 'Sathvik Radhakrishnan', 50, 1, 'A1');
INSERT INTO ActSectionAssociation VALUES (10309, 'IPC', '302', 1, 1);
INSERT INTO ArrestSurrender VALUES (50309, 10309, 1, '2025-10-19', 29, 444, 1006, 5039, 454, 40309, 1, 0);
INSERT INTO CaseMaster VALUES (10310, '304441006202400310', '202400310', '2025-07-30', 5018, 1006, 3, 1, 101, 201, 1, 454, '2025-07-27 10:00:00', '2025-07-27 11:00:00', '2025-07-30 09:00:00', 16.6802, 77.690859, 'Ducimus ullam repellat voluptatum autem possimus aspernatur earum velit minus dolor molestiae vel quae inventore vero delectus nesciunt.');
INSERT INTO ComplainantDetails VALUES (20310, 10310, 'Rehaan Magar', 28, 1, 1, 1, 1);
INSERT INTO Victim VALUES (30310, 10310, 'Dayita Bassi', 47, 1, '0');
INSERT INTO Accused VALUES (40310, 10310, 'Mitesh Master', 37, 1, 'A1');
INSERT INTO ActSectionAssociation VALUES (10310, 'IPC', '302', 1, 1);
INSERT INTO ArrestSurrender VALUES (50310, 10310, 1, '2025-07-30', 29, 444, 1006, 5018, 454, 40310, 1, 0);
INSERT INTO CaseMaster VALUES (10311, '104441009202600311', '202600311', '2023-10-17', 5043, 1009, 1, 1, 101, 201, 1, 454, '2023-10-17 10:00:00', '2023-10-17 11:00:00', '2023-10-17 09:00:00', 17.151625, 74.455681, 'Quam quasi ullam magnam dolor dicta possimus nam sequi cum voluptatem aliquam accusantium quasi provident.');
INSERT INTO ComplainantDetails VALUES (20311, 10311, 'Netra Dugal', 56, 1, 1, 1, 1);
INSERT INTO Victim VALUES (30311, 10311, 'Guneet Sengupta', 34, 1, '0');
INSERT INTO Accused VALUES (40311, 10311, 'Daksh Chaudry', 50, 1, 'A1');
INSERT INTO ActSectionAssociation VALUES (10311, 'IPC', '302', 1, 1);
INSERT INTO CaseMaster VALUES (10312, '304431004202300312', '202300312', '2026-02-08', 5018, 1004, 3, 1, 101, 201, 1, 453, '2026-02-04 10:00:00', '2026-02-04 11:00:00', '2026-02-08 09:00:00', 16.140262, 76.784398, 'Libero laboriosam id laborum excepturi itaque excepturi fugiat officia odio a est sed modi quisquam itaque accusamus tempore commodi.');
INSERT INTO ComplainantDetails VALUES (20312, 10312, 'Faris Mital', 26, 1, 1, 1, 1);
INSERT INTO Victim VALUES (30312, 10312, 'Ikshita Barad', 38, 1, '0');
INSERT INTO Accused VALUES (40312, 10312, 'Wyatt Shankar', 24, 1, 'A1');
INSERT INTO ActSectionAssociation VALUES (10312, 'IPC', '302', 1, 1);
INSERT INTO CaseMaster VALUES (10313, '104431004202300313', '202300313', '2026-06-22', 5007, 1004, 1, 1, 101, 201, 1, 453, '2026-06-20 10:00:00', '2026-06-20 11:00:00', '2026-06-22 09:00:00', 14.441373, 76.056337, 'Aspernatur porro id quo ad maxime tenetur praesentium earum qui fugit id at nobis repudiandae.');
INSERT INTO ComplainantDetails VALUES (20313, 10313, 'Girindra Kota', 51, 1, 1, 1, 1);
INSERT INTO Victim VALUES (30313, 10313, 'Ojas Morar', 40, 1, '0');
INSERT INTO Accused VALUES (40313, 10313, 'Megha Yadav', 30, 1, 'A1');
INSERT INTO ActSectionAssociation VALUES (10313, 'IPC', '302', 1, 1);
INSERT INTO CaseMaster VALUES (10314, '104451001202300314', '202300314', '2025-05-22', 5023, 1001, 1, 1, 101, 201, 1, 455, '2025-05-21 10:00:00', '2025-05-21 11:00:00', '2025-05-22 09:00:00', 14.708944, 74.747413, 'Officiis vel occaecati quos nisi tempore dolore nesciunt alias voluptates accusamus dolore minima.');
INSERT INTO ComplainantDetails VALUES (20314, 10314, 'Dominic Dugal', 42, 1, 1, 1, 1);
INSERT INTO Victim VALUES (30314, 10314, 'Gaurika Prabhakar', 60, 1, '0');
INSERT INTO Accused VALUES (40314, 10314, 'Vivaan Sani', 46, 1, 'A1');
INSERT INTO ActSectionAssociation VALUES (10314, 'IPC', '302', 1, 1);
INSERT INTO ArrestSurrender VALUES (50314, 10314, 1, '2025-05-22', 29, 445, 1001, 5023, 455, 40314, 1, 0);
INSERT INTO CaseMaster VALUES (10315, '104431004202400315', '202400315', '2025-08-03', 5050, 1004, 1, 1, 101, 201, 1, 453, '2025-07-29 10:00:00', '2025-07-29 11:00:00', '2025-08-03 09:00:00', 14.780728, 75.814392, 'Distinctio dignissimos nihil tempora reiciendis quam dolore velit reprehenderit nobis sit voluptatibus omnis exercitationem porro aliquam.');
INSERT INTO ComplainantDetails VALUES (20315, 10315, 'Vasudha Oza', 36, 1, 1, 1, 1);
INSERT INTO Victim VALUES (30315, 10315, 'Urishilla Shukla', 66, 1, '0');
INSERT INTO Accused VALUES (40315, 10315, 'Ayushman Gaba', 19, 1, 'A1');
INSERT INTO ActSectionAssociation VALUES (10315, 'IPC', '302', 1, 1);
INSERT INTO ArrestSurrender VALUES (50315, 10315, 1, '2025-08-03', 29, 443, 1004, 5050, 453, 40315, 1, 0);
INSERT INTO CaseMaster VALUES (10316, '104431005202400316', '202400316', '2025-05-03', 5008, 1005, 1, 1, 101, 201, 1, 453, '2025-05-03 10:00:00', '2025-05-03 11:00:00', '2025-05-03 09:00:00', 16.706251, 77.395912, 'Incidunt molestias dicta commodi natus totam magnam modi recusandae quasi quidem tempora.');
INSERT INTO ComplainantDetails VALUES (20316, 10316, 'Onveer Keer', 34, 1, 1, 1, 1);
INSERT INTO Victim VALUES (30316, 10316, 'Upma Date', 35, 1, '0');
INSERT INTO Accused VALUES (40316, 10316, 'Aadhya Sandhu', 53, 1, 'A1');
INSERT INTO ActSectionAssociation VALUES (10316, 'IPC', '302', 1, 1);
INSERT INTO CaseMaster VALUES (10317, '304431007202500317', '202500317', '2026-06-27', 5017, 1007, 3, 1, 101, 201, 1, 453, '2026-06-27 10:00:00', '2026-06-27 11:00:00', '2026-06-27 09:00:00', 16.768462, 74.871876, 'Odio molestiae nisi accusamus error repellendus nisi corrupti deserunt temporibus.');
INSERT INTO ComplainantDetails VALUES (20317, 10317, 'Omisha Issac', 40, 1, 1, 1, 1);
INSERT INTO Victim VALUES (30317, 10317, 'Gaurangi Mahal', 43, 1, '0');
INSERT INTO Accused VALUES (40317, 10317, 'Yug Bail', 38, 1, 'A1');
INSERT INTO ActSectionAssociation VALUES (10317, 'IPC', '302', 1, 1);
INSERT INTO CaseMaster VALUES (10318, '304431004202400318', '202400318', '2025-05-22', 5035, 1004, 3, 1, 101, 201, 1, 453, '2025-05-21 10:00:00', '2025-05-21 11:00:00', '2025-05-22 09:00:00', 13.979251, 75.034417, 'Eius ab maxime iusto sequi aliquid dolor sapiente consequatur architecto dolores blanditiis provident minima.');
INSERT INTO ComplainantDetails VALUES (20318, 10318, 'Pavani Ramesh', 49, 1, 1, 1, 1);
INSERT INTO Victim VALUES (30318, 10318, 'Kevin Sarkar', 58, 1, '0');
INSERT INTO Accused VALUES (40318, 10318, 'Girik Bava', 41, 1, 'A1');
INSERT INTO ActSectionAssociation VALUES (10318, 'IPC', '302', 1, 1);
INSERT INTO ArrestSurrender VALUES (50318, 10318, 1, '2025-05-22', 29, 443, 1004, 5035, 453, 40318, 1, 0);
INSERT INTO CaseMaster VALUES (10319, '304451002202600319', '202600319', '2024-02-02', 5026, 1002, 3, 1, 101, 201, 1, 455, '2024-01-31 10:00:00', '2024-01-31 11:00:00', '2024-02-02 09:00:00', 13.245813, 75.937857, 'Fuga hic vitae doloribus porro facere quaerat error eaque beatae autem ipsum perferendis.');
INSERT INTO ComplainantDetails VALUES (20319, 10319, 'Krisha Dhar', 26, 1, 1, 1, 1);
INSERT INTO Victim VALUES (30319, 10319, 'Benjamin Misra', 30, 1, '0');
INSERT INTO Accused VALUES (40319, 10319, 'Ganga Acharya', 48, 1, 'A1');
INSERT INTO ActSectionAssociation VALUES (10319, 'IPC', '302', 1, 1);
INSERT INTO CaseMaster VALUES (10320, '104441008202500320', '202500320', '2024-10-14', 5027, 1008, 1, 1, 101, 201, 1, 454, '2024-10-13 10:00:00', '2024-10-13 11:00:00', '2024-10-14 09:00:00', 13.85523, 77.555653, 'Alias molestiae cum fugit iure porro odio iusto libero.');
INSERT INTO ComplainantDetails VALUES (20320, 10320, 'Yagnesh Bobal', 59, 1, 1, 1, 1);
INSERT INTO Victim VALUES (30320, 10320, 'Tanay Dass', 63, 1, '0');
INSERT INTO Accused VALUES (40320, 10320, 'Anthony Borde', 27, 1, 'A1');
INSERT INTO ActSectionAssociation VALUES (10320, 'IPC', '302', 1, 1);
INSERT INTO ArrestSurrender VALUES (50320, 10320, 1, '2024-10-14', 29, 444, 1008, 5027, 454, 40320, 1, 0);
INSERT INTO CaseMaster VALUES (10321, '104431007202500321', '202500321', '2025-02-05', 5029, 1007, 1, 1, 101, 201, 1, 453, '2025-02-05 10:00:00', '2025-02-05 11:00:00', '2025-02-05 09:00:00', 12.653208, 76.733266, 'Esse sequi ea id nisi porro id beatae maiores libero fugiat voluptates iure.');
INSERT INTO ComplainantDetails VALUES (20321, 10321, 'Samaksh Dara', 26, 1, 1, 1, 1);
INSERT INTO Victim VALUES (30321, 10321, 'Anita Vora', 47, 1, '0');
INSERT INTO Accused VALUES (40321, 10321, 'Advika Banerjee', 32, 1, 'A1');
INSERT INTO ActSectionAssociation VALUES (10321, 'IPC', '302', 1, 1);
INSERT INTO ArrestSurrender VALUES (50321, 10321, 1, '2025-02-05', 29, 443, 1007, 5029, 453, 40321, 1, 0);
INSERT INTO CaseMaster VALUES (10322, '304451001202500322', '202500322', '2025-07-25', 5039, 1001, 3, 1, 101, 201, 1, 455, '2025-07-24 10:00:00', '2025-07-24 11:00:00', '2025-07-25 09:00:00', 14.406731, 76.907299, 'Dolorem distinctio reprehenderit debitis temporibus perferendis dignissimos qui quos.');
INSERT INTO ComplainantDetails VALUES (20322, 10322, 'Akshay Sodhi', 50, 1, 1, 1, 1);
INSERT INTO Victim VALUES (30322, 10322, 'Gauri Saraf', 44, 1, '0');
INSERT INTO Accused VALUES (40322, 10322, 'Vedika Din', 18, 1, 'A1');
INSERT INTO ActSectionAssociation VALUES (10322, 'IPC', '302', 1, 1);
INSERT INTO CaseMaster VALUES (10323, '304451002202600323', '202600323', '2025-10-08', 5026, 1002, 3, 1, 101, 201, 1, 455, '2025-10-05 10:00:00', '2025-10-05 11:00:00', '2025-10-08 09:00:00', 12.752369, 77.809688, 'Facilis praesentium molestias dolorem amet voluptate ducimus id molestias rem architecto perspiciatis ad optio.');
INSERT INTO ComplainantDetails VALUES (20323, 10323, 'Ridhi Gaba', 36, 1, 1, 1, 1);
INSERT INTO Victim VALUES (30323, 10323, 'Anamika Tella', 59, 1, '0');
INSERT INTO Accused VALUES (40323, 10323, 'Kamya Suri', 39, 1, 'A1');
INSERT INTO ActSectionAssociation VALUES (10323, 'IPC', '302', 1, 1);
INSERT INTO ArrestSurrender VALUES (50323, 10323, 1, '2025-10-08', 29, 445, 1002, 5026, 455, 40323, 1, 0);
INSERT INTO CaseMaster VALUES (10324, '104451001202400324', '202400324', '2023-07-27', 5018, 1001, 1, 1, 101, 201, 1, 455, '2023-07-26 10:00:00', '2023-07-26 11:00:00', '2023-07-27 09:00:00', 16.923753, 76.818803, 'Quod ad accusamus reiciendis error nam veniam odit dignissimos nemo ipsa at animi quibusdam commodi explicabo est labore.');
INSERT INTO ComplainantDetails VALUES (20324, 10324, 'Dhriti Keer', 32, 1, 1, 1, 1);
INSERT INTO Victim VALUES (30324, 10324, 'Ekaraj Loyal', 64, 1, '0');
INSERT INTO Accused VALUES (40324, 10324, 'Darpan Deep', 35, 1, 'A1');
INSERT INTO ActSectionAssociation VALUES (10324, 'IPC', '302', 1, 1);
INSERT INTO ArrestSurrender VALUES (50324, 10324, 1, '2023-07-27', 29, 445, 1001, 5018, 455, 40324, 1, 0);
INSERT INTO CaseMaster VALUES (10325, '104451002202400325', '202400325', '2025-05-31', 5037, 1002, 1, 1, 101, 201, 1, 455, '2025-05-29 10:00:00', '2025-05-29 11:00:00', '2025-05-31 09:00:00', 16.975136, 77.086188, 'Quod soluta quae esse odio praesentium quod quae dolor molestias voluptatem commodi soluta expedita facere optio ratione doloremque facilis magnam.');
INSERT INTO ComplainantDetails VALUES (20325, 10325, 'Maya Mital', 24, 1, 1, 1, 1);
INSERT INTO Victim VALUES (30325, 10325, 'Zehaan Puri', 46, 1, '0');
INSERT INTO Accused VALUES (40325, 10325, 'Omkaar Andra', 53, 1, 'A1');
INSERT INTO ActSectionAssociation VALUES (10325, 'IPC', '302', 1, 1);
INSERT INTO ArrestSurrender VALUES (50325, 10325, 1, '2025-05-31', 29, 445, 1002, 5037, 455, 40325, 1, 0);
INSERT INTO CaseMaster VALUES (10326, '304441009202300326', '202300326', '2025-12-03', 5022, 1009, 3, 1, 101, 201, 1, 454, '2025-12-01 10:00:00', '2025-12-01 11:00:00', '2025-12-03 09:00:00', 12.948844, 76.418865, 'Laborum qui esse sit numquam iste sequi iusto aspernatur cum quis amet tempora.');
INSERT INTO ComplainantDetails VALUES (20326, 10326, 'Gaurika Dass', 45, 1, 1, 1, 1);
INSERT INTO Victim VALUES (30326, 10326, 'Triveni Tak', 30, 1, '0');
INSERT INTO Accused VALUES (40326, 10326, 'Janya Vyas', 35, 1, 'A1');
INSERT INTO ActSectionAssociation VALUES (10326, 'IPC', '302', 1, 1);
INSERT INTO CaseMaster VALUES (10327, '304431004202400327', '202400327', '2024-06-26', 5037, 1004, 3, 1, 101, 201, 1, 453, '2024-06-25 10:00:00', '2024-06-25 11:00:00', '2024-06-26 09:00:00', 16.724419, 76.003589, 'Temporibus libero voluptate provident quis distinctio recusandae facilis necessitatibus non ea quidem labore inventore voluptatibus assumenda.');
INSERT INTO ComplainantDetails VALUES (20327, 10327, 'Sara Gandhi', 53, 1, 1, 1, 1);
INSERT INTO Victim VALUES (30327, 10327, 'Manan Raghavan', 33, 1, '0');
INSERT INTO Accused VALUES (40327, 10327, 'Mitesh Subramaniam', 28, 1, 'A1');
INSERT INTO ActSectionAssociation VALUES (10327, 'IPC', '302', 1, 1);
INSERT INTO ArrestSurrender VALUES (50327, 10327, 1, '2024-06-26', 29, 443, 1004, 5037, 453, 40327, 1, 0);
INSERT INTO CaseMaster VALUES (10328, '104441006202300328', '202300328', '2024-12-07', 5018, 1006, 1, 1, 101, 201, 1, 454, '2024-12-07 10:00:00', '2024-12-07 11:00:00', '2024-12-07 09:00:00', 15.375101, 75.142858, 'Id commodi omnis autem tenetur eveniet distinctio provident necessitatibus temporibus iure facere cumque nam qui.');
INSERT INTO ComplainantDetails VALUES (20328, 10328, 'Ridhi Patil', 55, 1, 1, 1, 1);
INSERT INTO Victim VALUES (30328, 10328, 'Karan Magar', 47, 1, '0');
INSERT INTO Accused VALUES (40328, 10328, 'Janaki Tara', 52, 1, 'A1');
INSERT INTO ActSectionAssociation VALUES (10328, 'IPC', '302', 1, 1);
INSERT INTO CaseMaster VALUES (10329, '304451001202500329', '202500329', '2024-12-03', 5048, 1001, 3, 1, 101, 201, 1, 455, '2024-11-28 10:00:00', '2024-11-28 11:00:00', '2024-12-03 09:00:00', 13.663314, 76.178405, 'Maxime aliquam laboriosam adipisci eaque qui magni velit accusamus molestiae dolore velit.');
INSERT INTO ComplainantDetails VALUES (20329, 10329, 'Kevin Hayre', 25, 1, 1, 1, 1);
INSERT INTO Victim VALUES (30329, 10329, 'Jatin Rajagopal', 21, 1, '0');
INSERT INTO Accused VALUES (40329, 10329, 'Gaurangi Mukhopadhyay', 47, 1, 'A1');
INSERT INTO ActSectionAssociation VALUES (10329, 'IPC', '302', 1, 1);
INSERT INTO CaseMaster VALUES (10330, '104441009202500330', '202500330', '2024-04-18', 5049, 1009, 1, 1, 101, 201, 1, 454, '2024-04-15 10:00:00', '2024-04-15 11:00:00', '2024-04-18 09:00:00', 16.386368, 77.216766, 'Numquam enim cupiditate ipsam reiciendis nesciunt minima quo alias odit optio quos excepturi hic suscipit animi porro non.');
INSERT INTO ComplainantDetails VALUES (20330, 10330, 'Tanish Guha', 38, 1, 1, 1, 1);
INSERT INTO Victim VALUES (30330, 10330, 'Upkaar Bhavsar', 69, 1, '0');
INSERT INTO Accused VALUES (40330, 10330, 'Anita Mistry', 18, 1, 'A1');
INSERT INTO ActSectionAssociation VALUES (10330, 'IPC', '302', 1, 1);
INSERT INTO ArrestSurrender VALUES (50330, 10330, 1, '2024-04-18', 29, 444, 1009, 5049, 454, 40330, 1, 0);
INSERT INTO CaseMaster VALUES (10331, '104431005202500331', '202500331', '2023-08-01', 5047, 1005, 1, 1, 101, 201, 1, 453, '2023-07-27 10:00:00', '2023-07-27 11:00:00', '2023-08-01 09:00:00', 13.021377, 75.579554, 'Fugiat asperiores ab modi optio praesentium animi ipsa fugit impedit eaque laborum corporis.');
INSERT INTO ComplainantDetails VALUES (20331, 10331, 'Inaya Karpe', 42, 1, 1, 1, 1);
INSERT INTO Victim VALUES (30331, 10331, 'Maanas Manda', 42, 1, '0');
INSERT INTO Accused VALUES (40331, 10331, 'Chaaya Sangha', 47, 1, 'A1');
INSERT INTO ActSectionAssociation VALUES (10331, 'IPC', '302', 1, 1);
INSERT INTO ArrestSurrender VALUES (50331, 10331, 1, '2023-08-01', 29, 443, 1005, 5047, 453, 40331, 1, 0);
INSERT INTO CaseMaster VALUES (10332, '304431004202600332', '202600332', '2023-10-16', 5003, 1004, 3, 1, 101, 201, 1, 453, '2023-10-11 10:00:00', '2023-10-11 11:00:00', '2023-10-16 09:00:00', 15.634447, 74.069846, 'Vitae totam a eum optio ab quam similique molestias aut id inventore.');
INSERT INTO ComplainantDetails VALUES (20332, 10332, 'Urvashi Saraf', 40, 1, 1, 1, 1);
INSERT INTO Victim VALUES (30332, 10332, 'Lila Swamy', 54, 1, '0');
INSERT INTO Accused VALUES (40332, 10332, 'Bhavya Sankaran', 53, 1, 'A1');
INSERT INTO ActSectionAssociation VALUES (10332, 'IPC', '302', 1, 1);
INSERT INTO CaseMaster VALUES (10333, '104451010202500333', '202500333', '2024-02-25', 5032, 1010, 1, 1, 101, 201, 1, 455, '2024-02-20 10:00:00', '2024-02-20 11:00:00', '2024-02-25 09:00:00', 13.263676, 77.528857, 'Quibusdam itaque sed molestiae doloribus rerum unde repellat tempora nobis vel molestiae quisquam sit sequi vero dignissimos qui.');
INSERT INTO ComplainantDetails VALUES (20333, 10333, 'Varsha Mangat', 56, 1, 1, 1, 1);
INSERT INTO Victim VALUES (30333, 10333, 'Geetika Sane', 43, 1, '0');
INSERT INTO Accused VALUES (40333, 10333, 'Agastya Chaudhari', 21, 1, 'A1');
INSERT INTO ActSectionAssociation VALUES (10333, 'IPC', '302', 1, 1);
INSERT INTO CaseMaster VALUES (10334, '304451002202600334', '202600334', '2025-03-09', 5049, 1002, 3, 1, 101, 201, 1, 455, '2025-03-05 10:00:00', '2025-03-05 11:00:00', '2025-03-09 09:00:00', 17.622586, 76.341162, 'Suscipit soluta natus fugiat quaerat vitae voluptatem possimus placeat sunt officia exercitationem doloribus excepturi atque labore a.');
INSERT INTO ComplainantDetails VALUES (20334, 10334, 'Girik Hayre', 43, 1, 1, 1, 1);
INSERT INTO Victim VALUES (30334, 10334, 'Varsha Nayar', 43, 1, '0');
INSERT INTO Accused VALUES (40334, 10334, 'Balhaar Mani', 36, 1, 'A1');
INSERT INTO ActSectionAssociation VALUES (10334, 'IPC', '302', 1, 1);
INSERT INTO CaseMaster VALUES (10335, '104451001202300335', '202300335', '2025-11-23', 5031, 1001, 1, 1, 101, 201, 1, 455, '2025-11-23 10:00:00', '2025-11-23 11:00:00', '2025-11-23 09:00:00', 14.0163, 76.77634, 'Inventore inventore illo dolorum repudiandae laudantium itaque quisquam eos placeat illum eaque iste consectetur numquam magni.');
INSERT INTO ComplainantDetails VALUES (20335, 10335, 'Owen Kale', 51, 1, 1, 1, 1);
INSERT INTO Victim VALUES (30335, 10335, 'Jagat Chatterjee', 46, 1, '0');
INSERT INTO Accused VALUES (40335, 10335, 'Bimala Jain', 52, 1, 'A1');
INSERT INTO ActSectionAssociation VALUES (10335, 'IPC', '302', 1, 1);
INSERT INTO CaseMaster VALUES (10336, '104441008202400336', '202400336', '2025-06-27', 5007, 1008, 1, 1, 101, 201, 1, 454, '2025-06-26 10:00:00', '2025-06-26 11:00:00', '2025-06-27 09:00:00', 13.970075, 75.205219, 'Unde pariatur ad quibusdam officia consectetur quaerat adipisci ipsum alias molestias aut labore.');
INSERT INTO ComplainantDetails VALUES (20336, 10336, 'Qadim Mitter', 58, 1, 1, 1, 1);
INSERT INTO Victim VALUES (30336, 10336, 'Kevin Baral', 40, 1, '0');
INSERT INTO Accused VALUES (40336, 10336, 'Xavier Thaman', 47, 1, 'A1');
INSERT INTO ActSectionAssociation VALUES (10336, 'IPC', '302', 1, 1);
INSERT INTO ArrestSurrender VALUES (50336, 10336, 1, '2025-06-27', 29, 444, 1008, 5007, 454, 40336, 1, 0);
INSERT INTO CaseMaster VALUES (10337, '104441006202500337', '202500337', '2024-04-29', 5012, 1006, 1, 1, 101, 201, 1, 454, '2024-04-24 10:00:00', '2024-04-24 11:00:00', '2024-04-29 09:00:00', 17.370145, 75.712096, 'Distinctio consequuntur illo animi autem enim cum esse esse dignissimos.');
INSERT INTO ComplainantDetails VALUES (20337, 10337, 'Lopa Desai', 38, 1, 1, 1, 1);
INSERT INTO Victim VALUES (30337, 10337, 'Chatresh Dalal', 52, 1, '0');
INSERT INTO Accused VALUES (40337, 10337, 'Madhavi Tripathi', 48, 1, 'A1');
INSERT INTO ActSectionAssociation VALUES (10337, 'IPC', '302', 1, 1);
INSERT INTO ArrestSurrender VALUES (50337, 10337, 1, '2024-04-29', 29, 444, 1006, 5012, 454, 40337, 1, 0);
INSERT INTO CaseMaster VALUES (10338, '104441009202300338', '202300338', '2025-02-05', 5013, 1009, 1, 1, 101, 201, 1, 454, '2025-02-02 10:00:00', '2025-02-02 11:00:00', '2025-02-05 09:00:00', 15.095512, 75.972239, 'Facilis qui libero nihil fugit iusto quidem tempora earum consequuntur excepturi reprehenderit.');
INSERT INTO ComplainantDetails VALUES (20338, 10338, 'Widisha Radhakrishnan', 49, 1, 1, 1, 1);
INSERT INTO Victim VALUES (30338, 10338, 'Yagnesh Rattan', 45, 1, '0');
INSERT INTO Accused VALUES (40338, 10338, 'Qadim Suresh', 52, 1, 'A1');
INSERT INTO ActSectionAssociation VALUES (10338, 'IPC', '302', 1, 1);
INSERT INTO ArrestSurrender VALUES (50338, 10338, 1, '2025-02-05', 29, 444, 1009, 5013, 454, 40338, 1, 0);
INSERT INTO CaseMaster VALUES (10339, '304441006202500339', '202500339', '2026-06-14', 5050, 1006, 3, 1, 101, 201, 1, 454, '2026-06-12 10:00:00', '2026-06-12 11:00:00', '2026-06-14 09:00:00', 15.798643, 76.406899, 'Ab minima voluptatibus libero libero reiciendis molestias libero a rem dicta perspiciatis.');
INSERT INTO ComplainantDetails VALUES (20339, 10339, 'Karan Basak', 34, 1, 1, 1, 1);
INSERT INTO Victim VALUES (30339, 10339, 'Banjeet Bala', 38, 1, '0');
INSERT INTO Accused VALUES (40339, 10339, 'Bhavani Devan', 44, 1, 'A1');
INSERT INTO ActSectionAssociation VALUES (10339, 'IPC', '302', 1, 1);
INSERT INTO ArrestSurrender VALUES (50339, 10339, 1, '2026-06-14', 29, 444, 1006, 5050, 454, 40339, 1, 0);
INSERT INTO CaseMaster VALUES (10340, '104431004202500340', '202500340', '2026-01-02', 5015, 1004, 1, 1, 101, 201, 1, 453, '2025-12-31 10:00:00', '2025-12-31 11:00:00', '2026-01-02 09:00:00', 12.688829, 75.531973, 'Officia labore officiis placeat et iure nostrum dolorum recusandae rerum.');
INSERT INTO ComplainantDetails VALUES (20340, 10340, 'Tanmayi Gola', 42, 1, 1, 1, 1);
INSERT INTO Victim VALUES (30340, 10340, 'Aayush Varughese', 67, 1, '0');
INSERT INTO Accused VALUES (40340, 10340, 'Neha Gade', 35, 1, 'A1');
INSERT INTO ActSectionAssociation VALUES (10340, 'IPC', '302', 1, 1);
INSERT INTO CaseMaster VALUES (10341, '304451002202400341', '202400341', '2024-08-08', 5034, 1002, 3, 1, 101, 201, 1, 455, '2024-08-08 10:00:00', '2024-08-08 11:00:00', '2024-08-08 09:00:00', 17.92935, 74.702156, 'Voluptatum ut architecto reiciendis saepe voluptatem perferendis possimus vitae deleniti ipsam eaque est.');
INSERT INTO ComplainantDetails VALUES (20341, 10341, 'Nihal Sahni', 29, 1, 1, 1, 1);
INSERT INTO Victim VALUES (30341, 10341, 'Omisha Aggarwal', 66, 1, '0');
INSERT INTO Accused VALUES (40341, 10341, 'Amaira Apte', 34, 1, 'A1');
INSERT INTO ActSectionAssociation VALUES (10341, 'IPC', '302', 1, 1);
INSERT INTO CaseMaster VALUES (10342, '104441008202600342', '202600342', '2024-08-29', 5033, 1008, 1, 1, 101, 201, 1, 454, '2024-08-27 10:00:00', '2024-08-27 11:00:00', '2024-08-29 09:00:00', 14.577307, 74.042941, 'Similique autem doloremque soluta illo sed laudantium ducimus alias minus officia iure quam modi qui reprehenderit harum maxime.');
INSERT INTO ComplainantDetails VALUES (20342, 10342, 'Pushti Goel', 36, 1, 1, 1, 1);
INSERT INTO Victim VALUES (30342, 10342, 'Ikshita Tak', 20, 1, '0');
INSERT INTO Accused VALUES (40342, 10342, 'Dayita Patla', 18, 1, 'A1');
INSERT INTO ActSectionAssociation VALUES (10342, 'IPC', '302', 1, 1);
INSERT INTO CaseMaster VALUES (10343, '304431007202600343', '202600343', '2024-09-17', 5008, 1007, 3, 1, 101, 201, 1, 453, '2024-09-16 10:00:00', '2024-09-16 11:00:00', '2024-09-17 09:00:00', 13.85356, 76.017656, 'Aspernatur incidunt id ut dolorum amet provident sunt facilis maiores vero numquam.');
INSERT INTO ComplainantDetails VALUES (20343, 10343, 'Samuel Kulkarni', 52, 1, 1, 1, 1);
INSERT INTO Victim VALUES (30343, 10343, 'Jagrati Walia', 33, 1, '0');
INSERT INTO Accused VALUES (40343, 10343, 'Divya Vora', 26, 1, 'A1');
INSERT INTO ActSectionAssociation VALUES (10343, 'IPC', '302', 1, 1);
INSERT INTO ArrestSurrender VALUES (50343, 10343, 1, '2024-09-17', 29, 443, 1007, 5008, 453, 40343, 1, 0);
INSERT INTO CaseMaster VALUES (10344, '304441006202300344', '202300344', '2024-08-26', 5044, 1006, 3, 1, 101, 201, 1, 454, '2024-08-22 10:00:00', '2024-08-22 11:00:00', '2024-08-26 09:00:00', 14.718796, 77.346985, 'Quae quas mollitia eaque repellat ipsam distinctio quae nesciunt veniam maiores blanditiis beatae dignissimos pariatur dolore.');
INSERT INTO ComplainantDetails VALUES (20344, 10344, 'Lakshit Trivedi', 31, 1, 1, 1, 1);
INSERT INTO Victim VALUES (30344, 10344, 'Kevin Choudhry', 55, 1, '0');
INSERT INTO Accused VALUES (40344, 10344, 'Januja Shah', 46, 1, 'A1');
INSERT INTO ActSectionAssociation VALUES (10344, 'IPC', '302', 1, 1);
INSERT INTO ArrestSurrender VALUES (50344, 10344, 1, '2024-08-26', 29, 444, 1006, 5044, 454, 40344, 1, 0);
INSERT INTO CaseMaster VALUES (10345, '104451003202300345', '202300345', '2023-12-15', 5029, 1003, 1, 1, 101, 201, 1, 455, '2023-12-14 10:00:00', '2023-12-14 11:00:00', '2023-12-15 09:00:00', 16.248727, 76.958871, 'Officia dignissimos laborum repellat deserunt fugiat voluptates occaecati libero corrupti unde sunt minus.');
INSERT INTO ComplainantDetails VALUES (20345, 10345, 'Vrishti Mangat', 41, 1, 1, 1, 1);
INSERT INTO Victim VALUES (30345, 10345, 'Chasmum Bhatia', 19, 1, '0');
INSERT INTO Accused VALUES (40345, 10345, 'Ekbal Naik', 27, 1, 'A1');
INSERT INTO ActSectionAssociation VALUES (10345, 'IPC', '302', 1, 1);
INSERT INTO CaseMaster VALUES (10346, '104431005202300346', '202300346', '2025-06-06', 5033, 1005, 1, 1, 101, 201, 1, 453, '2025-06-06 10:00:00', '2025-06-06 11:00:00', '2025-06-06 09:00:00', 17.684545, 76.784304, 'Ipsam animi illum consequuntur et occaecati pariatur eaque ipsa aut hic amet voluptatem alias.');
INSERT INTO ComplainantDetails VALUES (20346, 10346, 'Wridesh Gopal', 59, 1, 1, 1, 1);
INSERT INTO Victim VALUES (30346, 10346, 'Alexander Roy', 26, 1, '0');
INSERT INTO Accused VALUES (40346, 10346, 'Upkaar Borde', 32, 1, 'A1');
INSERT INTO ActSectionAssociation VALUES (10346, 'IPC', '302', 1, 1);
INSERT INTO ArrestSurrender VALUES (50346, 10346, 1, '2025-06-06', 29, 443, 1005, 5033, 453, 40346, 1, 0);
INSERT INTO CaseMaster VALUES (10347, '104431004202400347', '202400347', '2026-05-15', 5012, 1004, 1, 1, 101, 201, 1, 453, '2026-05-11 10:00:00', '2026-05-11 11:00:00', '2026-05-15 09:00:00', 17.651979, 74.388104, 'Neque rerum eligendi et consequuntur deleniti fugit reprehenderit enim dolores ab error laboriosam amet minima repellat.');
INSERT INTO ComplainantDetails VALUES (20347, 10347, 'Tara Mohan', 24, 1, 1, 1, 1);
INSERT INTO Victim VALUES (30347, 10347, 'Chandran Swaminathan', 53, 1, '0');
INSERT INTO Accused VALUES (40347, 10347, 'Pranit Koshy', 54, 1, 'A1');
INSERT INTO ActSectionAssociation VALUES (10347, 'IPC', '302', 1, 1);
INSERT INTO CaseMaster VALUES (10348, '104431007202300348', '202300348', '2026-01-28', 5027, 1007, 1, 1, 101, 201, 1, 453, '2026-01-26 10:00:00', '2026-01-26 11:00:00', '2026-01-28 09:00:00', 14.700992, 77.06879, 'Odit cumque asperiores architecto asperiores voluptatibus pariatur quia veritatis debitis.');
INSERT INTO ComplainantDetails VALUES (20348, 10348, 'Neelima Sheth', 37, 1, 1, 1, 1);
INSERT INTO Victim VALUES (30348, 10348, 'Anya Jani', 40, 1, '0');
INSERT INTO Accused VALUES (40348, 10348, 'Oscar Prabhu', 35, 1, 'A1');
INSERT INTO ActSectionAssociation VALUES (10348, 'IPC', '302', 1, 1);
INSERT INTO CaseMaster VALUES (10349, '304451002202400349', '202400349', '2025-12-21', 5044, 1002, 3, 1, 101, 201, 1, 455, '2025-12-21 10:00:00', '2025-12-21 11:00:00', '2025-12-21 09:00:00', 17.41234, 76.072327, 'Eaque dolorum nihil ex repudiandae provident libero laudantium magnam ab.');
INSERT INTO ComplainantDetails VALUES (20349, 10349, 'Warinder Manne', 35, 1, 1, 1, 1);
INSERT INTO Victim VALUES (30349, 10349, 'Anjali Krishnamurthy', 36, 1, '0');
INSERT INTO Accused VALUES (40349, 10349, 'David Hayer', 29, 1, 'A1');
INSERT INTO ActSectionAssociation VALUES (10349, 'IPC', '302', 1, 1);
INSERT INTO CaseMaster VALUES (10350, '304451002202400350', '202400350', '2026-06-17', 5043, 1002, 3, 1, 101, 201, 1, 455, '2026-06-12 10:00:00', '2026-06-12 11:00:00', '2026-06-17 09:00:00', 12.508702, 75.774183, 'Amet atque facere eaque voluptate aliquid ab omnis alias ad repellendus ipsa possimus ad nisi provident similique.');
INSERT INTO ComplainantDetails VALUES (20350, 10350, 'Banjeet Kala', 48, 1, 1, 1, 1);
INSERT INTO Victim VALUES (30350, 10350, 'Rachit Amble', 45, 1, '0');
INSERT INTO Accused VALUES (40350, 10350, 'Dev Balakrishnan', 34, 1, 'A1');
INSERT INTO ActSectionAssociation VALUES (10350, 'IPC', '302', 1, 1);
INSERT INTO ArrestSurrender VALUES (50350, 10350, 1, '2026-06-17', 29, 445, 1002, 5043, 455, 40350, 1, 0);
INSERT INTO CaseMaster VALUES (10351, '104441006202500351', '202500351', '2024-03-31', 5023, 1006, 1, 1, 101, 201, 1, 454, '2024-03-30 10:00:00', '2024-03-30 11:00:00', '2024-03-31 09:00:00', 12.266195, 74.768202, 'Magnam esse eum veritatis deserunt accusamus sapiente rerum deserunt ex perferendis sapiente tempora deleniti ipsum eveniet corporis explicabo ab blanditiis.');
INSERT INTO ComplainantDetails VALUES (20351, 10351, 'Irya Sethi', 22, 1, 1, 1, 1);
INSERT INTO Victim VALUES (30351, 10351, 'Bakhshi Mallick', 55, 1, '0');
INSERT INTO Accused VALUES (40351, 10351, 'Kamya Saini', 50, 1, 'A1');
INSERT INTO ActSectionAssociation VALUES (10351, 'IPC', '302', 1, 1);
INSERT INTO CaseMaster VALUES (10352, '304431007202600352', '202600352', '2023-11-19', 5044, 1007, 3, 1, 101, 201, 1, 453, '2023-11-19 10:00:00', '2023-11-19 11:00:00', '2023-11-19 09:00:00', 12.699789, 75.236409, 'Itaque earum modi saepe atque incidunt explicabo distinctio ipsum hic.');
INSERT INTO ComplainantDetails VALUES (20352, 10352, 'Pallavi Sandal', 59, 1, 1, 1, 1);
INSERT INTO Victim VALUES (30352, 10352, 'Raagini Sethi', 57, 1, '0');
INSERT INTO Accused VALUES (40352, 10352, 'Priya Dasgupta', 23, 1, 'A1');
INSERT INTO ActSectionAssociation VALUES (10352, 'IPC', '302', 1, 1);
INSERT INTO ArrestSurrender VALUES (50352, 10352, 1, '2023-11-19', 29, 443, 1007, 5044, 453, 40352, 1, 0);
INSERT INTO CaseMaster VALUES (10353, '104431005202300353', '202300353', '2026-02-18', 5044, 1005, 1, 1, 101, 201, 1, 453, '2026-02-17 10:00:00', '2026-02-17 11:00:00', '2026-02-18 09:00:00', 12.446522, 75.09403, 'Molestias voluptatem quos culpa voluptates reprehenderit ullam eaque expedita excepturi deleniti reprehenderit.');
INSERT INTO ComplainantDetails VALUES (20353, 10353, 'Ayushman Jhaveri', 43, 1, 1, 1, 1);
INSERT INTO Victim VALUES (30353, 10353, 'Chandran Kanda', 35, 1, '0');
INSERT INTO Accused VALUES (40353, 10353, 'Neelima Sarraf', 20, 1, 'A1');
INSERT INTO ActSectionAssociation VALUES (10353, 'IPC', '302', 1, 1);
INSERT INTO ArrestSurrender VALUES (50353, 10353, 1, '2026-02-18', 29, 443, 1005, 5044, 453, 40353, 1, 0);
INSERT INTO CaseMaster VALUES (10354, '304431005202300354', '202300354', '2025-01-31', 5002, 1005, 3, 1, 101, 201, 1, 453, '2025-01-27 10:00:00', '2025-01-27 11:00:00', '2025-01-31 09:00:00', 15.311906, 77.174286, 'Deserunt velit nobis esse officia asperiores praesentium labore excepturi.');
INSERT INTO ComplainantDetails VALUES (20354, 10354, 'Logan Kota', 43, 1, 1, 1, 1);
INSERT INTO Victim VALUES (30354, 10354, 'Gaurika Din', 52, 1, '0');
INSERT INTO Accused VALUES (40354, 10354, 'Waida Ahuja', 38, 1, 'A1');
INSERT INTO ActSectionAssociation VALUES (10354, 'IPC', '302', 1, 1);
INSERT INTO ArrestSurrender VALUES (50354, 10354, 1, '2025-01-31', 29, 443, 1005, 5002, 453, 40354, 1, 0);
INSERT INTO CaseMaster VALUES (10355, '104431004202500355', '202500355', '2026-02-22', 5013, 1004, 1, 1, 101, 201, 1, 453, '2026-02-18 10:00:00', '2026-02-18 11:00:00', '2026-02-22 09:00:00', 12.626428, 77.0934, 'Odio modi libero quas vero eligendi nobis quos sequi quasi ab ea atque dolorum sint molestias exercitationem.');
INSERT INTO ComplainantDetails VALUES (20355, 10355, 'Balveer Handa', 50, 1, 1, 1, 1);
INSERT INTO Victim VALUES (30355, 10355, 'Qadim Shetty', 58, 1, '0');
INSERT INTO Accused VALUES (40355, 10355, 'Vansha Butala', 29, 1, 'A1');
INSERT INTO ActSectionAssociation VALUES (10355, 'IPC', '302', 1, 1);
INSERT INTO ArrestSurrender VALUES (50355, 10355, 1, '2026-02-22', 29, 443, 1004, 5013, 453, 40355, 1, 0);
INSERT INTO CaseMaster VALUES (10356, '104451003202500356', '202500356', '2026-03-24', 5034, 1003, 1, 1, 101, 201, 1, 455, '2026-03-22 10:00:00', '2026-03-22 11:00:00', '2026-03-24 09:00:00', 12.840294, 76.541354, 'Aliquam repellendus mollitia molestiae error quidem odit hic ad delectus beatae at amet tempore dolores labore eos sed et nobis.');
INSERT INTO ComplainantDetails VALUES (20356, 10356, 'Matthew Wali', 53, 1, 1, 1, 1);
INSERT INTO Victim VALUES (30356, 10356, 'Unnati Rajagopalan', 46, 1, '0');
INSERT INTO Accused VALUES (40356, 10356, 'Indrajit Dyal', 55, 1, 'A1');
INSERT INTO ActSectionAssociation VALUES (10356, 'IPC', '302', 1, 1);
INSERT INTO ArrestSurrender VALUES (50356, 10356, 1, '2026-03-24', 29, 445, 1003, 5034, 455, 40356, 1, 0);
INSERT INTO CaseMaster VALUES (10357, '104431007202500357', '202500357', '2023-11-18', 5020, 1007, 1, 1, 101, 201, 1, 453, '2023-11-15 10:00:00', '2023-11-15 11:00:00', '2023-11-18 09:00:00', 17.1803, 74.917294, 'Autem nisi totam optio error recusandae veritatis eaque enim ratione perspiciatis necessitatibus nihil mollitia atque animi.');
INSERT INTO ComplainantDetails VALUES (20357, 10357, 'Laksh Rege', 53, 1, 1, 1, 1);
INSERT INTO Victim VALUES (30357, 10357, 'Timothy Khosla', 67, 1, '0');
INSERT INTO Accused VALUES (40357, 10357, 'Rudra Chada', 33, 1, 'A1');
INSERT INTO ActSectionAssociation VALUES (10357, 'IPC', '302', 1, 1);
INSERT INTO CaseMaster VALUES (10358, '104441009202600358', '202600358', '2025-08-24', 5050, 1009, 1, 1, 101, 201, 1, 454, '2025-08-24 10:00:00', '2025-08-24 11:00:00', '2025-08-24 09:00:00', 16.085727, 77.28929, 'Molestiae sunt delectus possimus possimus laudantium soluta minima magnam quidem eos quibusdam praesentium nulla.');
INSERT INTO ComplainantDetails VALUES (20358, 10358, 'Chaaya Datta', 27, 1, 1, 1, 1);
INSERT INTO Victim VALUES (30358, 10358, 'Sudiksha Nagar', 24, 1, '0');
INSERT INTO Accused VALUES (40358, 10358, 'Mason Raj', 35, 1, 'A1');
INSERT INTO ActSectionAssociation VALUES (10358, 'IPC', '302', 1, 1);
INSERT INTO ArrestSurrender VALUES (50358, 10358, 1, '2025-08-24', 29, 444, 1009, 5050, 454, 40358, 1, 0);
INSERT INTO CaseMaster VALUES (10359, '304441008202300359', '202300359', '2023-11-07', 5039, 1008, 3, 1, 101, 201, 1, 454, '2023-11-03 10:00:00', '2023-11-03 11:00:00', '2023-11-07 09:00:00', 12.361724, 75.557112, 'Ducimus rem molestias dignissimos optio doloremque voluptatibus cum officiis facere officia.');
INSERT INTO ComplainantDetails VALUES (20359, 10359, 'Andrew Mand', 55, 1, 1, 1, 1);
INSERT INTO Victim VALUES (30359, 10359, 'Aadi Khurana', 48, 1, '0');
INSERT INTO Accused VALUES (40359, 10359, 'Ayaan Pandit', 37, 1, 'A1');
INSERT INTO ActSectionAssociation VALUES (10359, 'IPC', '302', 1, 1);
INSERT INTO CaseMaster VALUES (10360, '104431007202400360', '202400360', '2026-01-05', 5008, 1007, 1, 1, 101, 201, 1, 453, '2026-01-05 10:00:00', '2026-01-05 11:00:00', '2026-01-05 09:00:00', 16.202736, 74.988265, 'Facilis corrupti possimus ut odit voluptatem alias sint quis blanditiis amet ullam similique est in repellendus quas corporis quam voluptate.');
INSERT INTO ComplainantDetails VALUES (20360, 10360, 'Tanveer Rajagopalan', 37, 1, 1, 1, 1);
INSERT INTO Victim VALUES (30360, 10360, 'Gaurangi Purohit', 56, 1, '0');
INSERT INTO Accused VALUES (40360, 10360, 'Bina Babu', 23, 1, 'A1');
INSERT INTO ActSectionAssociation VALUES (10360, 'IPC', '302', 1, 1);
INSERT INTO ArrestSurrender VALUES (50360, 10360, 1, '2026-01-05', 29, 443, 1007, 5008, 453, 40360, 1, 0);
INSERT INTO CaseMaster VALUES (10361, '104431007202500361', '202500361', '2025-12-12', 5023, 1007, 1, 1, 101, 201, 1, 453, '2025-12-12 10:00:00', '2025-12-12 11:00:00', '2025-12-12 09:00:00', 16.114301, 75.293654, 'Dolore dolor quis exercitationem iste in aliquam velit corrupti temporibus nihil quisquam a pariatur eligendi laboriosam.');
INSERT INTO ComplainantDetails VALUES (20361, 10361, 'Yashvi Baria', 59, 1, 1, 1, 1);
INSERT INTO Victim VALUES (30361, 10361, 'Chanakya Iyer', 41, 1, '0');
INSERT INTO Accused VALUES (40361, 10361, 'Vrishti Narayanan', 28, 1, 'A1');
INSERT INTO ActSectionAssociation VALUES (10361, 'IPC', '302', 1, 1);
INSERT INTO CaseMaster VALUES (10362, '104441009202600362', '202600362', '2025-05-16', 5021, 1009, 1, 1, 101, 201, 1, 454, '2025-05-12 10:00:00', '2025-05-12 11:00:00', '2025-05-16 09:00:00', 14.368075, 76.452866, 'Totam natus asperiores voluptas nam explicabo occaecati tempore voluptate magni enim earum enim.');
INSERT INTO ComplainantDetails VALUES (20362, 10362, 'Omkaar Lad', 49, 1, 1, 1, 1);
INSERT INTO Victim VALUES (30362, 10362, 'Yutika Solanki', 45, 1, '0');
INSERT INTO Accused VALUES (40362, 10362, 'Nathan Bahl', 51, 1, 'A1');
INSERT INTO ActSectionAssociation VALUES (10362, 'IPC', '302', 1, 1);
INSERT INTO ArrestSurrender VALUES (50362, 10362, 1, '2025-05-16', 29, 444, 1009, 5021, 454, 40362, 1, 0);
INSERT INTO CaseMaster VALUES (10363, '104451003202500363', '202500363', '2024-12-29', 5045, 1003, 1, 1, 101, 201, 1, 455, '2024-12-26 10:00:00', '2024-12-26 11:00:00', '2024-12-29 09:00:00', 14.262146, 74.248031, 'Dicta explicabo eaque velit ipsum at laborum totam cupiditate cumque nisi numquam.');
INSERT INTO ComplainantDetails VALUES (20363, 10363, 'Oliver Sule', 33, 1, 1, 1, 1);
INSERT INTO Victim VALUES (30363, 10363, 'Dakshesh Sant', 51, 1, '0');
INSERT INTO Accused VALUES (40363, 10363, 'Vedika Iyengar', 50, 1, 'A1');
INSERT INTO ActSectionAssociation VALUES (10363, 'IPC', '302', 1, 1);
INSERT INTO ArrestSurrender VALUES (50363, 10363, 1, '2024-12-29', 29, 445, 1003, 5045, 455, 40363, 1, 0);
INSERT INTO CaseMaster VALUES (10364, '304451003202500364', '202500364', '2025-03-13', 5037, 1003, 3, 1, 101, 201, 1, 455, '2025-03-11 10:00:00', '2025-03-11 11:00:00', '2025-03-13 09:00:00', 17.698302, 76.627487, 'Aliquid nesciunt adipisci doloremque sint quibusdam et vero ut quaerat vel.');
INSERT INTO ComplainantDetails VALUES (20364, 10364, 'Charan Jha', 57, 1, 1, 1, 1);
INSERT INTO Victim VALUES (30364, 10364, 'Yashasvi Mukherjee', 35, 1, '0');
INSERT INTO Accused VALUES (40364, 10364, 'Abhimanyu Rege', 22, 1, 'A1');
INSERT INTO ActSectionAssociation VALUES (10364, 'IPC', '302', 1, 1);
INSERT INTO ArrestSurrender VALUES (50364, 10364, 1, '2025-03-13', 29, 445, 1003, 5037, 455, 40364, 1, 0);
INSERT INTO CaseMaster VALUES (10365, '104441009202400365', '202400365', '2023-09-08', 5035, 1009, 1, 1, 101, 201, 1, 454, '2023-09-05 10:00:00', '2023-09-05 11:00:00', '2023-09-08 09:00:00', 16.741473, 75.515766, 'Omnis ut natus nihil non eveniet minus quasi voluptatibus cum assumenda commodi qui expedita eligendi cupiditate qui.');
INSERT INTO ComplainantDetails VALUES (20365, 10365, 'Brinda Singhal', 48, 1, 1, 1, 1);
INSERT INTO Victim VALUES (30365, 10365, 'Anvi Aurora', 56, 1, '0');
INSERT INTO Accused VALUES (40365, 10365, 'Ladli Grover', 39, 1, 'A1');
INSERT INTO ActSectionAssociation VALUES (10365, 'IPC', '302', 1, 1);
INSERT INTO ArrestSurrender VALUES (50365, 10365, 1, '2023-09-08', 29, 444, 1009, 5035, 454, 40365, 1, 0);
INSERT INTO CaseMaster VALUES (10366, '104451002202400366', '202400366', '2026-07-03', 5014, 1002, 1, 1, 101, 201, 1, 455, '2026-06-28 10:00:00', '2026-06-28 11:00:00', '2026-07-03 09:00:00', 13.993214, 76.086831, 'Officiis sunt pariatur a sint qui distinctio blanditiis quibusdam in enim voluptate molestias dignissimos tenetur veniam sed cum libero.');
INSERT INTO ComplainantDetails VALUES (20366, 10366, 'Dalbir Chopra', 56, 1, 1, 1, 1);
INSERT INTO Victim VALUES (30366, 10366, 'Ishanvi Talwar', 47, 1, '0');
INSERT INTO Accused VALUES (40366, 10366, 'Bina Kapur', 47, 1, 'A1');
INSERT INTO ActSectionAssociation VALUES (10366, 'IPC', '302', 1, 1);
INSERT INTO ArrestSurrender VALUES (50366, 10366, 1, '2026-07-03', 29, 445, 1002, 5014, 455, 40366, 1, 0);
INSERT INTO CaseMaster VALUES (10367, '104451001202400367', '202400367', '2025-01-22', 5013, 1001, 1, 1, 101, 201, 1, 455, '2025-01-17 10:00:00', '2025-01-17 11:00:00', '2025-01-22 09:00:00', 16.63783, 75.696985, 'Commodi officia tempora sequi excepturi numquam neque accusantium quisquam quibusdam repudiandae doloribus.');
INSERT INTO ComplainantDetails VALUES (20367, 10367, 'Chameli Brahmbhatt', 39, 1, 1, 1, 1);
INSERT INTO Victim VALUES (30367, 10367, 'Abhiram Wali', 22, 1, '0');
INSERT INTO Accused VALUES (40367, 10367, 'Atharv Seth', 46, 1, 'A1');
INSERT INTO ActSectionAssociation VALUES (10367, 'IPC', '302', 1, 1);
INSERT INTO ArrestSurrender VALUES (50367, 10367, 1, '2025-01-22', 29, 445, 1001, 5013, 455, 40367, 1, 0);
INSERT INTO CaseMaster VALUES (10368, '304441009202300368', '202300368', '2025-09-22', 5030, 1009, 3, 1, 101, 201, 1, 454, '2025-09-17 10:00:00', '2025-09-17 11:00:00', '2025-09-22 09:00:00', 12.823812, 74.899538, 'Corporis atque libero sequi provident expedita commodi nam totam.');
INSERT INTO ComplainantDetails VALUES (20368, 10368, 'Akshay Dubey', 35, 1, 1, 1, 1);
INSERT INTO Victim VALUES (30368, 10368, 'Maya Murthy', 34, 1, '0');
INSERT INTO Accused VALUES (40368, 10368, 'Jonathan Thakkar', 41, 1, 'A1');
INSERT INTO ActSectionAssociation VALUES (10368, 'IPC', '302', 1, 1);
INSERT INTO CaseMaster VALUES (10369, '104451002202600369', '202600369', '2023-08-01', 5040, 1002, 1, 1, 101, 201, 1, 455, '2023-07-28 10:00:00', '2023-07-28 11:00:00', '2023-08-01 09:00:00', 15.21182, 75.601353, 'Asperiores eius aut vitae fuga vel est magnam velit.');
INSERT INTO ComplainantDetails VALUES (20369, 10369, 'Zilmil Cherian', 46, 1, 1, 1, 1);
INSERT INTO Victim VALUES (30369, 10369, 'Lipika Bhalla', 39, 1, '0');
INSERT INTO Accused VALUES (40369, 10369, 'Yochana Bhatti', 52, 1, 'A1');
INSERT INTO ActSectionAssociation VALUES (10369, 'IPC', '302', 1, 1);
INSERT INTO ArrestSurrender VALUES (50369, 10369, 1, '2023-08-01', 29, 445, 1002, 5040, 455, 40369, 1, 0);
INSERT INTO CaseMaster VALUES (10370, '104441009202600370', '202600370', '2024-01-23', 5048, 1009, 1, 1, 101, 201, 1, 454, '2024-01-20 10:00:00', '2024-01-20 11:00:00', '2024-01-23 09:00:00', 12.887419, 74.36617, 'Minima nihil ipsum modi aut in ex velit facere ratione quam ullam accusantium impedit cum voluptas architecto repudiandae.');
INSERT INTO ComplainantDetails VALUES (20370, 10370, 'Pallavi Prabhu', 37, 1, 1, 1, 1);
INSERT INTO Victim VALUES (30370, 10370, 'Ekanta Talwar', 22, 1, '0');
INSERT INTO Accused VALUES (40370, 10370, 'Ikshita Grover', 25, 1, 'A1');
INSERT INTO ActSectionAssociation VALUES (10370, 'IPC', '302', 1, 1);
INSERT INTO ArrestSurrender VALUES (50370, 10370, 1, '2024-01-23', 29, 444, 1009, 5048, 454, 40370, 1, 0);
INSERT INTO CaseMaster VALUES (10371, '104451003202600371', '202600371', '2023-11-06', 5030, 1003, 1, 1, 101, 201, 1, 455, '2023-11-02 10:00:00', '2023-11-02 11:00:00', '2023-11-06 09:00:00', 12.680005, 76.5541, 'Debitis adipisci facilis explicabo architecto ipsum error autem in quis accusantium repudiandae quia quam ullam deserunt voluptatem.');
INSERT INTO ComplainantDetails VALUES (20371, 10371, 'Onkar Suri', 50, 1, 1, 1, 1);
INSERT INTO Victim VALUES (30371, 10371, 'Gabriel Ramesh', 24, 1, '0');
INSERT INTO Accused VALUES (40371, 10371, 'Chandran Nazareth', 19, 1, 'A1');
INSERT INTO ActSectionAssociation VALUES (10371, 'IPC', '302', 1, 1);
INSERT INTO ArrestSurrender VALUES (50371, 10371, 1, '2023-11-06', 29, 445, 1003, 5030, 455, 40371, 1, 0);
INSERT INTO CaseMaster VALUES (10372, '304441009202300372', '202300372', '2024-05-14', 5037, 1009, 3, 1, 101, 201, 1, 454, '2024-05-12 10:00:00', '2024-05-12 11:00:00', '2024-05-14 09:00:00', 17.960853, 76.987679, 'Officiis enim natus fuga a sunt facere quae labore eligendi commodi non ipsa ab tempore hic quam.');
INSERT INTO ComplainantDetails VALUES (20372, 10372, 'Yahvi Dhawan', 50, 1, 1, 1, 1);
INSERT INTO Victim VALUES (30372, 10372, 'Siddharth Bir', 37, 1, '0');
INSERT INTO Accused VALUES (40372, 10372, 'Anmol Chopra', 29, 1, 'A1');
INSERT INTO ActSectionAssociation VALUES (10372, 'IPC', '302', 1, 1);
INSERT INTO ArrestSurrender VALUES (50372, 10372, 1, '2024-05-14', 29, 444, 1009, 5037, 454, 40372, 1, 0);
INSERT INTO CaseMaster VALUES (10373, '304441009202500373', '202500373', '2023-07-29', 5035, 1009, 3, 1, 101, 201, 1, 454, '2023-07-25 10:00:00', '2023-07-25 11:00:00', '2023-07-29 09:00:00', 13.962993, 77.657888, 'Enim occaecati beatae cumque nam exercitationem expedita atque quos.');
INSERT INTO ComplainantDetails VALUES (20373, 10373, 'Pranit Sachdev', 31, 1, 1, 1, 1);
INSERT INTO Victim VALUES (30373, 10373, 'Anthony Sheth', 56, 1, '0');
INSERT INTO Accused VALUES (40373, 10373, 'Oni Narula', 20, 1, 'A1');
INSERT INTO ActSectionAssociation VALUES (10373, 'IPC', '302', 1, 1);
INSERT INTO CaseMaster VALUES (10374, '104441009202600374', '202600374', '2024-05-14', 5001, 1009, 1, 1, 101, 201, 1, 454, '2024-05-13 10:00:00', '2024-05-13 11:00:00', '2024-05-14 09:00:00', 13.132823, 77.923521, 'Voluptas facere itaque quos quisquam vel illo ipsa illum provident vero id earum quo placeat dolor molestias.');
INSERT INTO ComplainantDetails VALUES (20374, 10374, 'Tristan Koshy', 31, 1, 1, 1, 1);
INSERT INTO Victim VALUES (30374, 10374, 'Laksh Lad', 64, 1, '0');
INSERT INTO Accused VALUES (40374, 10374, 'Ranbir Saha', 23, 1, 'A1');
INSERT INTO ActSectionAssociation VALUES (10374, 'IPC', '302', 1, 1);
INSERT INTO ArrestSurrender VALUES (50374, 10374, 1, '2024-05-14', 29, 444, 1009, 5001, 454, 40374, 1, 0);
INSERT INTO CaseMaster VALUES (10375, '304441006202400375', '202400375', '2026-04-11', 5020, 1006, 3, 1, 101, 201, 1, 454, '2026-04-08 10:00:00', '2026-04-08 11:00:00', '2026-04-11 09:00:00', 16.080135, 77.976212, 'Magnam laborum accusamus odit harum neque corporis magni totam inventore blanditiis unde itaque ducimus nesciunt tempore nemo maxime quibusdam porro.');
INSERT INTO ComplainantDetails VALUES (20375, 10375, 'Ayush Garg', 49, 1, 1, 1, 1);
INSERT INTO Victim VALUES (30375, 10375, 'Bhanumati Subramaniam', 49, 1, '0');
INSERT INTO Accused VALUES (40375, 10375, 'Zaid Srinivasan', 55, 1, 'A1');
INSERT INTO ActSectionAssociation VALUES (10375, 'IPC', '302', 1, 1);
INSERT INTO CaseMaster VALUES (10376, '304431007202500376', '202500376', '2026-07-05', 5019, 1007, 3, 1, 101, 201, 1, 453, '2026-07-03 10:00:00', '2026-07-03 11:00:00', '2026-07-05 09:00:00', 16.242898, 75.085705, 'Fugiat quos omnis natus itaque sequi ducimus velit quia porro perferendis similique nemo harum facilis pariatur eaque ab.');
INSERT INTO ComplainantDetails VALUES (20376, 10376, 'Bimala Shanker', 38, 1, 1, 1, 1);
INSERT INTO Victim VALUES (30376, 10376, 'Zaitra De', 58, 1, '0');
INSERT INTO Accused VALUES (40376, 10376, 'Rayaan Bala', 19, 1, 'A1');
INSERT INTO ActSectionAssociation VALUES (10376, 'IPC', '302', 1, 1);
INSERT INTO CaseMaster VALUES (10377, '104431007202500377', '202500377', '2024-01-01', 5023, 1007, 1, 1, 101, 201, 1, 453, '2023-12-27 10:00:00', '2023-12-27 11:00:00', '2024-01-01 09:00:00', 14.336732, 75.668656, 'Libero et tempora expedita recusandae recusandae quos quia odit labore recusandae repellat dignissimos quibusdam sit repudiandae nam sit maxime error.');
INSERT INTO ComplainantDetails VALUES (20377, 10377, 'Gopal Ray', 35, 1, 1, 1, 1);
INSERT INTO Victim VALUES (30377, 10377, 'Joshua Chaudhuri', 35, 1, '0');
INSERT INTO Accused VALUES (40377, 10377, 'Teerth Chaudry', 30, 1, 'A1');
INSERT INTO ActSectionAssociation VALUES (10377, 'IPC', '302', 1, 1);
INSERT INTO ArrestSurrender VALUES (50377, 10377, 1, '2024-01-01', 29, 443, 1007, 5023, 453, 40377, 1, 0);
INSERT INTO CaseMaster VALUES (10378, '104451001202400378', '202400378', '2023-07-15', 5008, 1001, 1, 1, 101, 201, 1, 455, '2023-07-15 10:00:00', '2023-07-15 11:00:00', '2023-07-15 09:00:00', 16.641048, 76.449399, 'Possimus aspernatur delectus unde odio incidunt dolorem ex quae molestiae minus minus enim veniam voluptas iste rem velit.');
INSERT INTO ComplainantDetails VALUES (20378, 10378, 'Arin Vyas', 24, 1, 1, 1, 1);
INSERT INTO Victim VALUES (30378, 10378, 'Nilima Sastry', 42, 1, '0');
INSERT INTO Accused VALUES (40378, 10378, 'Chaitaly Dara', 45, 1, 'A1');
INSERT INTO ActSectionAssociation VALUES (10378, 'IPC', '302', 1, 1);
INSERT INTO ArrestSurrender VALUES (50378, 10378, 1, '2023-07-15', 29, 445, 1001, 5008, 455, 40378, 1, 0);
INSERT INTO CaseMaster VALUES (10379, '104441006202300379', '202300379', '2025-08-23', 5016, 1006, 1, 1, 101, 201, 1, 454, '2025-08-19 10:00:00', '2025-08-19 11:00:00', '2025-08-23 09:00:00', 14.283929, 75.35062, 'Iste expedita itaque at harum doloribus ad fugiat nostrum tempora nesciunt illum cumque repudiandae blanditiis ea pariatur.');
INSERT INTO ComplainantDetails VALUES (20379, 10379, 'Divya Dey', 50, 1, 1, 1, 1);
INSERT INTO Victim VALUES (30379, 10379, 'Balhaar Nagy', 52, 1, '0');
INSERT INTO Accused VALUES (40379, 10379, 'Faqid Kunda', 28, 1, 'A1');
INSERT INTO ActSectionAssociation VALUES (10379, 'IPC', '302', 1, 1);
INSERT INTO CaseMaster VALUES (10380, '304431004202300380', '202300380', '2024-06-11', 5047, 1004, 3, 1, 101, 201, 1, 453, '2024-06-10 10:00:00', '2024-06-10 11:00:00', '2024-06-11 09:00:00', 15.115669, 77.596627, 'Illum beatae voluptates fugiat expedita asperiores praesentium odio reiciendis quae modi magnam repudiandae debitis voluptate ullam impedit voluptate.');
INSERT INTO ComplainantDetails VALUES (20380, 10380, 'Nakul Deshmukh', 38, 1, 1, 1, 1);
INSERT INTO Victim VALUES (30380, 10380, 'Mason Atwal', 29, 1, '0');
INSERT INTO Accused VALUES (40380, 10380, 'Farhan Raval', 54, 1, 'A1');
INSERT INTO ActSectionAssociation VALUES (10380, 'IPC', '302', 1, 1);
INSERT INTO CaseMaster VALUES (10381, '104441009202600381', '202600381', '2025-03-28', 5008, 1009, 1, 1, 101, 201, 1, 454, '2025-03-26 10:00:00', '2025-03-26 11:00:00', '2025-03-28 09:00:00', 12.519558, 75.246503, 'Exercitationem aliquam aperiam aspernatur qui quidem quisquam facilis temporibus velit quos veniam cumque odio.');
INSERT INTO ComplainantDetails VALUES (20381, 10381, 'Kavya Loyal', 33, 1, 1, 1, 1);
INSERT INTO Victim VALUES (30381, 10381, 'Janani Ganesh', 50, 1, '0');
INSERT INTO Accused VALUES (40381, 10381, 'Falak Wali', 42, 1, 'A1');
INSERT INTO ActSectionAssociation VALUES (10381, 'IPC', '302', 1, 1);
INSERT INTO CaseMaster VALUES (10382, '104451002202300382', '202300382', '2024-05-11', 5007, 1002, 1, 1, 101, 201, 1, 455, '2024-05-06 10:00:00', '2024-05-06 11:00:00', '2024-05-11 09:00:00', 16.505151, 74.870761, 'Rem qui quibusdam suscipit sunt saepe consectetur quos nihil dignissimos cum tenetur sunt maiores deleniti provident doloribus.');
INSERT INTO ComplainantDetails VALUES (20382, 10382, 'Ryan Nayak', 48, 1, 1, 1, 1);
INSERT INTO Victim VALUES (30382, 10382, 'Arjun Bandi', 19, 1, '0');
INSERT INTO Accused VALUES (40382, 10382, 'Nandini Natarajan', 30, 1, 'A1');
INSERT INTO ActSectionAssociation VALUES (10382, 'IPC', '302', 1, 1);
INSERT INTO CaseMaster VALUES (10383, '104451010202400383', '202400383', '2025-04-13', 5037, 1010, 1, 1, 101, 201, 1, 455, '2025-04-10 10:00:00', '2025-04-10 11:00:00', '2025-04-13 09:00:00', 12.426937, 74.929503, 'Quis quidem excepturi dignissimos illum sunt sunt animi accusantium culpa praesentium sint inventore eligendi eveniet.');
INSERT INTO ComplainantDetails VALUES (20383, 10383, 'Bahadurjit D’Alia', 49, 1, 1, 1, 1);
INSERT INTO Victim VALUES (30383, 10383, 'Hemangini Sani', 49, 1, '0');
INSERT INTO Accused VALUES (40383, 10383, 'Warjas Purohit', 50, 1, 'A1');
INSERT INTO ActSectionAssociation VALUES (10383, 'IPC', '302', 1, 1);
INSERT INTO CaseMaster VALUES (10384, '104451003202500384', '202500384', '2025-03-05', 5017, 1003, 1, 1, 101, 201, 1, 455, '2025-03-05 10:00:00', '2025-03-05 11:00:00', '2025-03-05 09:00:00', 14.832899, 75.877216, 'Accusantium autem provident optio ipsa in vero quod ullam voluptatum excepturi ipsam iusto cum libero.');
INSERT INTO ComplainantDetails VALUES (20384, 10384, 'Aarush Radhakrishnan', 42, 1, 1, 1, 1);
INSERT INTO Victim VALUES (30384, 10384, 'Chandani Bhatt', 58, 1, '0');
INSERT INTO Accused VALUES (40384, 10384, 'Yauvani Raman', 20, 1, 'A1');
INSERT INTO ActSectionAssociation VALUES (10384, 'IPC', '302', 1, 1);
INSERT INTO ArrestSurrender VALUES (50384, 10384, 1, '2025-03-05', 29, 445, 1003, 5017, 455, 40384, 1, 0);
INSERT INTO CaseMaster VALUES (10385, '104431005202300385', '202300385', '2024-12-10', 5022, 1005, 1, 1, 101, 201, 1, 453, '2024-12-10 10:00:00', '2024-12-10 11:00:00', '2024-12-10 09:00:00', 17.175538, 74.93075, 'Maxime id ad laborum odio repudiandae mollitia unde distinctio officia.');
INSERT INTO ComplainantDetails VALUES (20385, 10385, 'Chandani Kalita', 37, 1, 1, 1, 1);
INSERT INTO Victim VALUES (30385, 10385, 'Vedika Golla', 65, 1, '0');
INSERT INTO Accused VALUES (40385, 10385, 'Baljiwan Samra', 30, 1, 'A1');
INSERT INTO ActSectionAssociation VALUES (10385, 'IPC', '302', 1, 1);
INSERT INTO ArrestSurrender VALUES (50385, 10385, 1, '2024-12-10', 29, 443, 1005, 5022, 453, 40385, 1, 0);
INSERT INTO CaseMaster VALUES (10386, '104451002202300386', '202300386', '2026-05-22', 5014, 1002, 1, 1, 101, 201, 1, 455, '2026-05-22 10:00:00', '2026-05-22 11:00:00', '2026-05-22 09:00:00', 14.591274, 75.248664, 'Amet aliquid tempora provident voluptatem minima adipisci quaerat sunt id quibusdam unde sint odio temporibus itaque officiis asperiores quo aperiam.');
INSERT INTO ComplainantDetails VALUES (20386, 10386, 'Yamini Gour', 22, 1, 1, 1, 1);
INSERT INTO Victim VALUES (30386, 10386, 'Vasudha Bir', 51, 1, '0');
INSERT INTO Accused VALUES (40386, 10386, 'Gautam Minhas', 38, 1, 'A1');
INSERT INTO ActSectionAssociation VALUES (10386, 'IPC', '302', 1, 1);
INSERT INTO ArrestSurrender VALUES (50386, 10386, 1, '2026-05-22', 29, 445, 1002, 5014, 455, 40386, 1, 0);
INSERT INTO CaseMaster VALUES (10387, '304451002202500387', '202500387', '2025-01-28', 5020, 1002, 3, 1, 101, 201, 1, 455, '2025-01-25 10:00:00', '2025-01-25 11:00:00', '2025-01-28 09:00:00', 13.193954, 76.934281, 'Modi quae totam praesentium nam rerum optio consequuntur provident culpa ducimus facilis occaecati sed maiores veritatis.');
INSERT INTO ComplainantDetails VALUES (20387, 10387, 'Chatura Joshi', 54, 1, 1, 1, 1);
INSERT INTO Victim VALUES (30387, 10387, 'Saumya Devi', 61, 1, '0');
INSERT INTO Accused VALUES (40387, 10387, 'Aditya Nath', 28, 1, 'A1');
INSERT INTO ActSectionAssociation VALUES (10387, 'IPC', '302', 1, 1);
INSERT INTO ArrestSurrender VALUES (50387, 10387, 1, '2025-01-28', 29, 445, 1002, 5020, 455, 40387, 1, 0);
INSERT INTO CaseMaster VALUES (10388, '304431005202400388', '202400388', '2025-07-20', 5001, 1005, 3, 1, 101, 201, 1, 453, '2025-07-20 10:00:00', '2025-07-20 11:00:00', '2025-07-20 09:00:00', 17.358932, 75.86704, 'Eveniet exercitationem repellendus repudiandae laboriosam officia velit mollitia qui aliquam ducimus.');
INSERT INTO ComplainantDetails VALUES (20388, 10388, 'Widisha Dyal', 53, 1, 1, 1, 1);
INSERT INTO Victim VALUES (30388, 10388, 'Jack Ganesh', 21, 1, '0');
INSERT INTO Accused VALUES (40388, 10388, 'Oliver Setty', 28, 1, 'A1');
INSERT INTO ActSectionAssociation VALUES (10388, 'IPC', '302', 1, 1);
INSERT INTO ArrestSurrender VALUES (50388, 10388, 1, '2025-07-20', 29, 443, 1005, 5001, 453, 40388, 1, 0);
INSERT INTO CaseMaster VALUES (10389, '104451001202400389', '202400389', '2026-01-11', 5003, 1001, 1, 1, 101, 201, 1, 455, '2026-01-06 10:00:00', '2026-01-06 11:00:00', '2026-01-11 09:00:00', 14.873452, 75.454133, 'Dolore ad velit incidunt consequatur quae omnis iste repudiandae nulla laudantium fugit quibusdam eos nam autem repudiandae.');
INSERT INTO ComplainantDetails VALUES (20389, 10389, 'Eiravati Natt', 31, 1, 1, 1, 1);
INSERT INTO Victim VALUES (30389, 10389, 'Mahika Cheema', 46, 1, '0');
INSERT INTO Accused VALUES (40389, 10389, 'Joshua Nagy', 32, 1, 'A1');
INSERT INTO ActSectionAssociation VALUES (10389, 'IPC', '302', 1, 1);
INSERT INTO CaseMaster VALUES (10390, '104431004202500390', '202500390', '2024-09-09', 5043, 1004, 1, 1, 101, 201, 1, 453, '2024-09-04 10:00:00', '2024-09-04 11:00:00', '2024-09-09 09:00:00', 14.385725, 74.65848, 'Delectus debitis laboriosam molestias possimus magni illum esse dolore asperiores vero facilis itaque earum.');
INSERT INTO ComplainantDetails VALUES (20390, 10390, 'Girish Gera', 31, 1, 1, 1, 1);
INSERT INTO Victim VALUES (30390, 10390, 'Tanvi Biswas', 42, 1, '0');
INSERT INTO Accused VALUES (40390, 10390, 'Oni Garde', 46, 1, 'A1');
INSERT INTO ActSectionAssociation VALUES (10390, 'IPC', '302', 1, 1);
INSERT INTO ArrestSurrender VALUES (50390, 10390, 1, '2024-09-09', 29, 443, 1004, 5043, 453, 40390, 1, 0);
INSERT INTO CaseMaster VALUES (10391, '104451003202500391', '202500391', '2025-12-20', 5022, 1003, 1, 1, 101, 201, 1, 455, '2025-12-15 10:00:00', '2025-12-15 11:00:00', '2025-12-20 09:00:00', 16.275741, 75.577076, 'Reiciendis voluptatum asperiores provident asperiores et iusto ipsam id facere expedita quae cupiditate.');
INSERT INTO ComplainantDetails VALUES (20391, 10391, 'Krish Chacko', 42, 1, 1, 1, 1);
INSERT INTO Victim VALUES (30391, 10391, 'Gagan Setty', 49, 1, '0');
INSERT INTO Accused VALUES (40391, 10391, 'Maanav Trivedi', 23, 1, 'A1');
INSERT INTO ActSectionAssociation VALUES (10391, 'IPC', '302', 1, 1);
INSERT INTO ArrestSurrender VALUES (50391, 10391, 1, '2025-12-20', 29, 445, 1003, 5022, 455, 40391, 1, 0);
INSERT INTO CaseMaster VALUES (10392, '304451010202300392', '202300392', '2025-07-14', 5013, 1010, 3, 1, 101, 201, 1, 455, '2025-07-09 10:00:00', '2025-07-09 11:00:00', '2025-07-14 09:00:00', 15.871559, 76.334332, 'Facilis blanditiis iusto fuga tempora soluta magni totam ad ea quibusdam voluptatum veritatis dolorum.');
INSERT INTO ComplainantDetails VALUES (20392, 10392, 'Sanya Nanda', 22, 1, 1, 1, 1);
INSERT INTO Victim VALUES (30392, 10392, 'Kashish Sant', 65, 1, '0');
INSERT INTO Accused VALUES (40392, 10392, 'Bhavna Seth', 33, 1, 'A1');
INSERT INTO ActSectionAssociation VALUES (10392, 'IPC', '302', 1, 1);
INSERT INTO ArrestSurrender VALUES (50392, 10392, 1, '2025-07-14', 29, 445, 1010, 5013, 455, 40392, 1, 0);
INSERT INTO CaseMaster VALUES (10393, '104451002202400393', '202400393', '2026-01-02', 5033, 1002, 1, 1, 101, 201, 1, 455, '2025-12-29 10:00:00', '2025-12-29 11:00:00', '2026-01-02 09:00:00', 15.734175, 75.72485, 'Ipsa repudiandae culpa consequuntur eum esse fugit nostrum voluptates magnam.');
INSERT INTO ComplainantDetails VALUES (20393, 10393, 'Nicholas Kalita', 22, 1, 1, 1, 1);
INSERT INTO Victim VALUES (30393, 10393, 'Triya Saraf', 25, 1, '0');
INSERT INTO Accused VALUES (40393, 10393, 'Darpan Gokhale', 29, 1, 'A1');
INSERT INTO ActSectionAssociation VALUES (10393, 'IPC', '302', 1, 1);
INSERT INTO ArrestSurrender VALUES (50393, 10393, 1, '2026-01-02', 29, 445, 1002, 5033, 455, 40393, 1, 0);
INSERT INTO CaseMaster VALUES (10394, '104451001202300394', '202300394', '2024-07-09', 5036, 1001, 1, 1, 101, 201, 1, 455, '2024-07-05 10:00:00', '2024-07-05 11:00:00', '2024-07-09 09:00:00', 15.896999, 76.274618, 'Voluptatibus consequatur debitis vero repellat atque iste sint iste doloribus architecto vero.');
INSERT INTO ComplainantDetails VALUES (20394, 10394, 'Ekansh Vala', 49, 1, 1, 1, 1);
INSERT INTO Victim VALUES (30394, 10394, 'Ubika Reddy', 44, 1, '0');
INSERT INTO Accused VALUES (40394, 10394, 'Gaurika Varma', 54, 1, 'A1');
INSERT INTO ActSectionAssociation VALUES (10394, 'IPC', '302', 1, 1);
INSERT INTO ArrestSurrender VALUES (50394, 10394, 1, '2024-07-09', 29, 445, 1001, 5036, 455, 40394, 1, 0);
INSERT INTO CaseMaster VALUES (10395, '104441006202300395', '202300395', '2025-09-27', 5002, 1006, 1, 1, 101, 201, 1, 454, '2025-09-26 10:00:00', '2025-09-26 11:00:00', '2025-09-27 09:00:00', 14.64673, 77.451472, 'Fugit delectus debitis eum sequi excepturi pariatur sint voluptate magni soluta amet necessitatibus occaecati exercitationem quaerat rerum eius.');
INSERT INTO ComplainantDetails VALUES (20395, 10395, 'Harish Vaidya', 30, 1, 1, 1, 1);
INSERT INTO Victim VALUES (30395, 10395, 'Manbir Shankar', 52, 1, '0');
INSERT INTO Accused VALUES (40395, 10395, 'Gaurav Pandey', 22, 1, 'A1');
INSERT INTO ActSectionAssociation VALUES (10395, 'IPC', '302', 1, 1);
INSERT INTO ArrestSurrender VALUES (50395, 10395, 1, '2025-09-27', 29, 444, 1006, 5002, 454, 40395, 1, 0);
INSERT INTO CaseMaster VALUES (10396, '304431007202400396', '202400396', '2026-01-17', 5048, 1007, 3, 1, 101, 201, 1, 453, '2026-01-16 10:00:00', '2026-01-16 11:00:00', '2026-01-17 09:00:00', 15.251863, 76.905076, 'Molestias nulla eum quasi ab repellendus tempora et iste beatae fuga fuga cumque reiciendis a pariatur occaecati.');
INSERT INTO ComplainantDetails VALUES (20396, 10396, 'Aadhya Bera', 48, 1, 1, 1, 1);
INSERT INTO Victim VALUES (30396, 10396, 'Tristan Naidu', 30, 1, '0');
INSERT INTO Accused VALUES (40396, 10396, 'Krisha Rajagopalan', 44, 1, 'A1');
INSERT INTO ActSectionAssociation VALUES (10396, 'IPC', '302', 1, 1);
INSERT INTO CaseMaster VALUES (10397, '104441006202500397', '202500397', '2023-12-17', 5039, 1006, 1, 1, 101, 201, 1, 454, '2023-12-17 10:00:00', '2023-12-17 11:00:00', '2023-12-17 09:00:00', 17.876614, 74.182135, 'Dolore magni praesentium sequi deserunt voluptates eligendi accusamus omnis alias nisi libero quod at tempora mollitia tenetur.');
INSERT INTO ComplainantDetails VALUES (20397, 10397, 'Wridesh Dhar', 23, 1, 1, 1, 1);
INSERT INTO Victim VALUES (30397, 10397, 'Rajata Seshadri', 50, 1, '0');
INSERT INTO Accused VALUES (40397, 10397, 'Aashi Shenoy', 37, 1, 'A1');
INSERT INTO ActSectionAssociation VALUES (10397, 'IPC', '302', 1, 1);
INSERT INTO ArrestSurrender VALUES (50397, 10397, 1, '2023-12-17', 29, 444, 1006, 5039, 454, 40397, 1, 0);
INSERT INTO CaseMaster VALUES (10398, '304451002202600398', '202600398', '2023-07-27', 5002, 1002, 3, 1, 101, 201, 1, 455, '2023-07-23 10:00:00', '2023-07-23 11:00:00', '2023-07-27 09:00:00', 14.813592, 75.725789, 'Ducimus doloribus sunt asperiores illum rerum dolore voluptas repudiandae exercitationem blanditiis labore autem minima saepe.');
INSERT INTO ComplainantDetails VALUES (20398, 10398, 'Pavani Nagy', 36, 1, 1, 1, 1);
INSERT INTO Victim VALUES (30398, 10398, 'Chandani Lad', 68, 1, '0');
INSERT INTO Accused VALUES (40398, 10398, 'Ishani Chakraborty', 41, 1, 'A1');
INSERT INTO ActSectionAssociation VALUES (10398, 'IPC', '302', 1, 1);
INSERT INTO ArrestSurrender VALUES (50398, 10398, 1, '2023-07-27', 29, 445, 1002, 5002, 455, 40398, 1, 0);
INSERT INTO CaseMaster VALUES (10399, '304431004202300399', '202300399', '2025-04-19', 5016, 1004, 3, 1, 101, 201, 1, 453, '2025-04-18 10:00:00', '2025-04-18 11:00:00', '2025-04-19 09:00:00', 16.893256, 74.962097, 'Culpa accusantium quos necessitatibus commodi assumenda officia aspernatur ea tempore dolorem consectetur fuga aperiam occaecati.');
INSERT INTO ComplainantDetails VALUES (20399, 10399, 'Chaitanya Bajwa', 52, 1, 1, 1, 1);
INSERT INTO Victim VALUES (30399, 10399, 'Hritik Soni', 26, 1, '0');
INSERT INTO Accused VALUES (40399, 10399, 'Jalsa Tank', 53, 1, 'A1');
INSERT INTO ActSectionAssociation VALUES (10399, 'IPC', '302', 1, 1);
INSERT INTO CaseMaster VALUES (10400, '104451002202500400', '202500400', '2025-08-19', 5013, 1002, 1, 1, 101, 201, 1, 455, '2025-08-17 10:00:00', '2025-08-17 11:00:00', '2025-08-19 09:00:00', 16.043906, 75.723411, 'Fugit eveniet corrupti cupiditate ratione eius labore minima dolores quis dolorum pariatur aliquid id optio aut cumque voluptatem exercitationem iusto.');
INSERT INTO ComplainantDetails VALUES (20400, 10400, 'Kiaan Doshi', 52, 1, 1, 1, 1);
INSERT INTO Victim VALUES (30400, 10400, 'Darsh Thaman', 30, 1, '0');
INSERT INTO Accused VALUES (40400, 10400, 'Manbir Nair', 41, 1, 'A1');
INSERT INTO ActSectionAssociation VALUES (10400, 'IPC', '302', 1, 1);
INSERT INTO CaseMaster VALUES (10401, '104431004202300401', '202300401', '2024-08-05', 5027, 1004, 1, 1, 101, 201, 1, 453, '2024-08-03 10:00:00', '2024-08-03 11:00:00', '2024-08-05 09:00:00', 14.957454, 74.9723, 'Alias iusto quidem error dolores magni odit voluptatibus quae tenetur odio at ut culpa non sed porro minima.');
INSERT INTO ComplainantDetails VALUES (20401, 10401, 'Ryan Biswas', 56, 1, 1, 1, 1);
INSERT INTO Victim VALUES (30401, 10401, 'Yatan Sangha', 58, 1, '0');
INSERT INTO Accused VALUES (40401, 10401, 'Guneet Nigam', 34, 1, 'A1');
INSERT INTO ActSectionAssociation VALUES (10401, 'IPC', '302', 1, 1);
INSERT INTO ArrestSurrender VALUES (50401, 10401, 1, '2024-08-05', 29, 443, 1004, 5027, 453, 40401, 1, 0);
INSERT INTO CaseMaster VALUES (10402, '304451001202300402', '202300402', '2025-11-01', 5015, 1001, 3, 1, 101, 201, 1, 455, '2025-10-29 10:00:00', '2025-10-29 11:00:00', '2025-11-01 09:00:00', 12.608869, 74.000211, 'Facilis animi iste mollitia voluptatum dicta natus saepe error a quibusdam fugiat fuga beatae.');
INSERT INTO ComplainantDetails VALUES (20402, 10402, 'Joshua Chawla', 45, 1, 1, 1, 1);
INSERT INTO Victim VALUES (30402, 10402, 'Dalaja Vyas', 32, 1, '0');
INSERT INTO Accused VALUES (40402, 10402, 'Deepa Venkatesh', 51, 1, 'A1');
INSERT INTO ActSectionAssociation VALUES (10402, 'IPC', '302', 1, 1);
INSERT INTO CaseMaster VALUES (10403, '104431004202300403', '202300403', '2025-01-09', 5044, 1004, 1, 1, 101, 201, 1, 453, '2025-01-09 10:00:00', '2025-01-09 11:00:00', '2025-01-09 09:00:00', 16.355657, 76.113359, 'Eaque consequuntur veritatis distinctio dolor porro non rerum reprehenderit facere quasi ab beatae totam.');
INSERT INTO ComplainantDetails VALUES (20403, 10403, 'Warinder Bhasin', 48, 1, 1, 1, 1);
INSERT INTO Victim VALUES (30403, 10403, 'Nihal Sani', 18, 1, '0');
INSERT INTO Accused VALUES (40403, 10403, 'Edhitha Doctor', 32, 1, 'A1');
INSERT INTO ActSectionAssociation VALUES (10403, 'IPC', '302', 1, 1);
INSERT INTO CaseMaster VALUES (10404, '304431007202600404', '202600404', '2025-03-02', 5014, 1007, 3, 1, 101, 201, 1, 453, '2025-02-25 10:00:00', '2025-02-25 11:00:00', '2025-03-02 09:00:00', 14.35545, 77.621158, 'Voluptate dolor molestiae ratione cumque enim dicta laudantium perferendis aliquam nisi occaecati.');
INSERT INTO ComplainantDetails VALUES (20404, 10404, 'Shivansh Raja', 29, 1, 1, 1, 1);
INSERT INTO Victim VALUES (30404, 10404, 'Akshay Sanghvi', 63, 1, '0');
INSERT INTO Accused VALUES (40404, 10404, 'Oscar Manne', 53, 1, 'A1');
INSERT INTO ActSectionAssociation VALUES (10404, 'IPC', '302', 1, 1);
INSERT INTO ArrestSurrender VALUES (50404, 10404, 1, '2025-03-02', 29, 443, 1007, 5014, 453, 40404, 1, 0);
INSERT INTO CaseMaster VALUES (10405, '104431007202600405', '202600405', '2024-02-27', 5014, 1007, 1, 1, 101, 201, 1, 453, '2024-02-22 10:00:00', '2024-02-22 11:00:00', '2024-02-27 09:00:00', 15.824706, 75.50268, 'Aspernatur voluptatum tenetur animi rem quaerat sunt labore est.');
INSERT INTO ComplainantDetails VALUES (20405, 10405, 'Jagdish Manne', 25, 1, 1, 1, 1);
INSERT INTO Victim VALUES (30405, 10405, 'Max Sawhney', 26, 1, '0');
INSERT INTO Accused VALUES (40405, 10405, 'Upma Narain', 36, 1, 'A1');
INSERT INTO ActSectionAssociation VALUES (10405, 'IPC', '302', 1, 1);
INSERT INTO ArrestSurrender VALUES (50405, 10405, 1, '2024-02-27', 29, 443, 1007, 5014, 453, 40405, 1, 0);
INSERT INTO CaseMaster VALUES (10406, '104441006202400406', '202400406', '2025-01-31', 5047, 1006, 1, 1, 101, 201, 1, 454, '2025-01-28 10:00:00', '2025-01-28 11:00:00', '2025-01-31 09:00:00', 16.576621, 77.432402, 'Nihil vero voluptatibus doloremque accusamus tempore non mollitia nostrum ullam molestias totam quisquam dolore laborum placeat architecto facere.');
INSERT INTO ComplainantDetails VALUES (20406, 10406, 'Leela Balay', 60, 1, 1, 1, 1);
INSERT INTO Victim VALUES (30406, 10406, 'Jagvi Sastry', 39, 1, '0');
INSERT INTO Accused VALUES (40406, 10406, 'Zayan Pant', 47, 1, 'A1');
INSERT INTO ActSectionAssociation VALUES (10406, 'IPC', '302', 1, 1);
INSERT INTO CaseMaster VALUES (10407, '104431007202400407', '202400407', '2023-10-24', 5018, 1007, 1, 1, 101, 201, 1, 453, '2023-10-21 10:00:00', '2023-10-21 11:00:00', '2023-10-24 09:00:00', 12.419593, 77.714949, 'Praesentium veritatis amet expedita recusandae dolorem vitae molestias ut tempora dicta minima iste unde cum magnam blanditiis neque.');
INSERT INTO ComplainantDetails VALUES (20407, 10407, 'Jagrati Baria', 44, 1, 1, 1, 1);
INSERT INTO Victim VALUES (30407, 10407, 'Harish Gokhale', 40, 1, '0');
INSERT INTO Accused VALUES (40407, 10407, 'Azaan Singhal', 29, 1, 'A1');
INSERT INTO ActSectionAssociation VALUES (10407, 'IPC', '302', 1, 1);
INSERT INTO ArrestSurrender VALUES (50407, 10407, 1, '2023-10-24', 29, 443, 1007, 5018, 453, 40407, 1, 0);
INSERT INTO CaseMaster VALUES (10408, '304451010202300408', '202300408', '2026-01-07', 5044, 1010, 3, 1, 101, 201, 1, 455, '2026-01-05 10:00:00', '2026-01-05 11:00:00', '2026-01-07 09:00:00', 16.904005, 76.989087, 'Fugit delectus nisi eaque voluptates necessitatibus ea saepe quasi quos fugiat repellendus impedit amet ex odio qui corrupti.');
INSERT INTO ComplainantDetails VALUES (20408, 10408, 'Hemangini Dugar', 35, 1, 1, 1, 1);
INSERT INTO Victim VALUES (30408, 10408, 'Pushti Narayan', 70, 1, '0');
INSERT INTO Accused VALUES (40408, 10408, 'Fitan Goswami', 42, 1, 'A1');
INSERT INTO ActSectionAssociation VALUES (10408, 'IPC', '302', 1, 1);
INSERT INTO ArrestSurrender VALUES (50408, 10408, 1, '2026-01-07', 29, 445, 1010, 5044, 455, 40408, 1, 0);
INSERT INTO CaseMaster VALUES (10409, '304441009202500409', '202500409', '2024-11-14', 5028, 1009, 3, 1, 101, 201, 1, 454, '2024-11-14 10:00:00', '2024-11-14 11:00:00', '2024-11-14 09:00:00', 15.32103, 74.227888, 'Laborum eum illo esse quis quas praesentium quae in nam tempora dicta id libero eum veritatis.');
INSERT INTO ComplainantDetails VALUES (20409, 10409, 'Yashica Johal', 35, 1, 1, 1, 1);
INSERT INTO Victim VALUES (30409, 10409, 'Sarthak Sunder', 57, 1, '0');
INSERT INTO Accused VALUES (40409, 10409, 'Devika Roy', 33, 1, 'A1');
INSERT INTO ActSectionAssociation VALUES (10409, 'IPC', '302', 1, 1);
INSERT INTO ArrestSurrender VALUES (50409, 10409, 1, '2024-11-14', 29, 444, 1009, 5028, 454, 40409, 1, 0);
INSERT INTO CaseMaster VALUES (10410, '104451001202400410', '202400410', '2024-05-20', 5034, 1001, 1, 1, 101, 201, 1, 455, '2024-05-20 10:00:00', '2024-05-20 11:00:00', '2024-05-20 09:00:00', 16.067398, 76.087937, 'Rerum repellat ut error earum magni velit a omnis eos eveniet error iste autem autem voluptate voluptate quibusdam dolore amet.');
INSERT INTO ComplainantDetails VALUES (20410, 10410, 'Farhan Chakraborty', 37, 1, 1, 1, 1);
INSERT INTO Victim VALUES (30410, 10410, 'Arya Barad', 34, 1, '0');
INSERT INTO Accused VALUES (40410, 10410, 'Neha Warrior', 24, 1, 'A1');
INSERT INTO ActSectionAssociation VALUES (10410, 'IPC', '302', 1, 1);
INSERT INTO ArrestSurrender VALUES (50410, 10410, 1, '2024-05-20', 29, 445, 1001, 5034, 455, 40410, 1, 0);
INSERT INTO CaseMaster VALUES (10411, '104431007202300411', '202300411', '2024-08-25', 5028, 1007, 1, 1, 101, 201, 1, 453, '2024-08-21 10:00:00', '2024-08-21 11:00:00', '2024-08-25 09:00:00', 17.500297, 74.542006, 'Perferendis pariatur id ratione sed dolorum illum repellendus laudantium maiores voluptatem consequuntur repudiandae iste itaque repellat.');
INSERT INTO ComplainantDetails VALUES (20411, 10411, 'Janya Kari', 32, 1, 1, 1, 1);
INSERT INTO Victim VALUES (30411, 10411, 'Farhan Pal', 68, 1, '0');
INSERT INTO Accused VALUES (40411, 10411, 'Chandran Dubey', 25, 1, 'A1');
INSERT INTO ActSectionAssociation VALUES (10411, 'IPC', '302', 1, 1);
INSERT INTO ArrestSurrender VALUES (50411, 10411, 1, '2024-08-25', 29, 443, 1007, 5028, 453, 40411, 1, 0);
INSERT INTO CaseMaster VALUES (10412, '304431005202600412', '202600412', '2023-12-23', 5050, 1005, 3, 1, 101, 201, 1, 453, '2023-12-21 10:00:00', '2023-12-21 11:00:00', '2023-12-23 09:00:00', 16.661957, 77.490997, 'Vitae cumque beatae architecto deleniti quia perspiciatis ut maxime officia adipisci hic minus laborum alias et nemo cupiditate.');
INSERT INTO ComplainantDetails VALUES (20412, 10412, 'Prisha Merchant', 41, 1, 1, 1, 1);
INSERT INTO Victim VALUES (30412, 10412, 'Ekbal Murthy', 35, 1, '0');
INSERT INTO Accused VALUES (40412, 10412, 'Andrew Setty', 26, 1, 'A1');
INSERT INTO ActSectionAssociation VALUES (10412, 'IPC', '302', 1, 1);
INSERT INTO CaseMaster VALUES (10413, '104431004202300413', '202300413', '2024-10-09', 5016, 1004, 1, 1, 101, 201, 1, 453, '2024-10-08 10:00:00', '2024-10-08 11:00:00', '2024-10-09 09:00:00', 14.346835, 75.29766, 'Facere impedit nulla aliquam numquam laboriosam asperiores numquam ex cumque id eaque impedit incidunt quam.');
INSERT INTO ComplainantDetails VALUES (20413, 10413, 'Aahana Dugar', 43, 1, 1, 1, 1);
INSERT INTO Victim VALUES (30413, 10413, 'Kevin Borde', 55, 1, '0');
INSERT INTO Accused VALUES (40413, 10413, 'Nilima Wali', 41, 1, 'A1');
INSERT INTO ActSectionAssociation VALUES (10413, 'IPC', '302', 1, 1);
INSERT INTO CaseMaster VALUES (10414, '304451010202600414', '202600414', '2026-04-16', 5034, 1010, 3, 1, 101, 201, 1, 455, '2026-04-15 10:00:00', '2026-04-15 11:00:00', '2026-04-16 09:00:00', 16.595868, 77.462444, 'Totam atque hic est atque molestiae possimus autem aliquam nihil id facilis asperiores harum minima voluptatibus a autem totam facere.');
INSERT INTO ComplainantDetails VALUES (20414, 10414, 'Balvan Gade', 42, 1, 1, 1, 1);
INSERT INTO Victim VALUES (30414, 10414, 'Dipta Vyas', 35, 1, '0');
INSERT INTO Accused VALUES (40414, 10414, 'Faraj Dugar', 39, 1, 'A1');
INSERT INTO ActSectionAssociation VALUES (10414, 'IPC', '302', 1, 1);
INSERT INTO CaseMaster VALUES (10415, '304451001202500415', '202500415', '2024-10-17', 5037, 1001, 3, 1, 101, 201, 1, 455, '2024-10-13 10:00:00', '2024-10-13 11:00:00', '2024-10-17 09:00:00', 17.716788, 77.521951, 'Quidem repellendus perspiciatis eaque cumque labore nemo distinctio maxime in.');
INSERT INTO ComplainantDetails VALUES (20415, 10415, 'David Dora', 60, 1, 1, 1, 1);
INSERT INTO Victim VALUES (30415, 10415, 'Damini Keer', 67, 1, '0');
INSERT INTO Accused VALUES (40415, 10415, 'Chakrika Mand', 51, 1, 'A1');
INSERT INTO ActSectionAssociation VALUES (10415, 'IPC', '302', 1, 1);
INSERT INTO ArrestSurrender VALUES (50415, 10415, 1, '2024-10-17', 29, 445, 1001, 5037, 455, 40415, 1, 0);
INSERT INTO CaseMaster VALUES (10416, '304451003202400416', '202400416', '2023-10-10', 5047, 1003, 3, 1, 101, 201, 1, 455, '2023-10-10 10:00:00', '2023-10-10 11:00:00', '2023-10-10 09:00:00', 15.825505, 77.532833, 'Explicabo eligendi blanditiis unde amet aperiam rerum earum rem temporibus.');
INSERT INTO ComplainantDetails VALUES (20416, 10416, 'Qarin Mandal', 43, 1, 1, 1, 1);
INSERT INTO Victim VALUES (30416, 10416, 'Aadhya Rastogi', 34, 1, '0');
INSERT INTO Accused VALUES (40416, 10416, 'Chakradhar Keer', 29, 1, 'A1');
INSERT INTO ActSectionAssociation VALUES (10416, 'IPC', '302', 1, 1);
INSERT INTO ArrestSurrender VALUES (50416, 10416, 1, '2023-10-10', 29, 445, 1003, 5047, 455, 40416, 1, 0);
INSERT INTO CaseMaster VALUES (10417, '104451003202600417', '202600417', '2026-06-15', 5041, 1003, 1, 1, 101, 201, 1, 455, '2026-06-13 10:00:00', '2026-06-13 11:00:00', '2026-06-15 09:00:00', 15.625855, 77.53941, 'Cumque explicabo quas maiores aperiam natus quaerat blanditiis alias earum vero.');
INSERT INTO ComplainantDetails VALUES (20417, 10417, 'Deepa Naik', 47, 1, 1, 1, 1);
INSERT INTO Victim VALUES (30417, 10417, 'Nitara Narayanan', 24, 1, '0');
INSERT INTO Accused VALUES (40417, 10417, 'Chandani Garde', 43, 1, 'A1');
INSERT INTO ActSectionAssociation VALUES (10417, 'IPC', '302', 1, 1);
INSERT INTO CaseMaster VALUES (10418, '304451001202600418', '202600418', '2023-08-29', 5014, 1001, 3, 1, 101, 201, 1, 455, '2023-08-28 10:00:00', '2023-08-28 11:00:00', '2023-08-29 09:00:00', 15.579974, 75.810337, 'Eum vitae aut vitae amet ipsam qui reprehenderit molestiae hic praesentium consectetur voluptatibus dicta quis.');
INSERT INTO ComplainantDetails VALUES (20418, 10418, 'Sai Sarkar', 52, 1, 1, 1, 1);
INSERT INTO Victim VALUES (30418, 10418, 'Wazir Badal', 67, 1, '0');
INSERT INTO Accused VALUES (40418, 10418, 'Sai Dar', 39, 1, 'A1');
INSERT INTO ActSectionAssociation VALUES (10418, 'IPC', '302', 1, 1);
INSERT INTO CaseMaster VALUES (10419, '104431007202400419', '202400419', '2025-07-13', 5042, 1007, 1, 1, 101, 201, 1, 453, '2025-07-13 10:00:00', '2025-07-13 11:00:00', '2025-07-13 09:00:00', 17.781547, 74.060933, 'Accusantium deleniti ducimus in tenetur hic voluptatibus natus illum eum sapiente dolorem atque unde molestiae modi minus deserunt.');
INSERT INTO ComplainantDetails VALUES (20419, 10419, 'Januja Mann', 42, 1, 1, 1, 1);
INSERT INTO Victim VALUES (30419, 10419, 'Frederick Zacharia', 27, 1, '0');
INSERT INTO Accused VALUES (40419, 10419, 'Divya More', 24, 1, 'A1');
INSERT INTO ActSectionAssociation VALUES (10419, 'IPC', '302', 1, 1);
INSERT INTO ArrestSurrender VALUES (50419, 10419, 1, '2025-07-13', 29, 443, 1007, 5042, 453, 40419, 1, 0);
INSERT INTO CaseMaster VALUES (10420, '104451003202500420', '202500420', '2026-04-23', 5022, 1003, 1, 1, 101, 201, 1, 455, '2026-04-20 10:00:00', '2026-04-20 11:00:00', '2026-04-23 09:00:00', 14.868588, 77.145359, 'Nemo enim veritatis officiis delectus nesciunt magni itaque corporis.');
INSERT INTO ComplainantDetails VALUES (20420, 10420, 'Aachal Kata', 29, 1, 1, 1, 1);
INSERT INTO Victim VALUES (30420, 10420, 'Tripti Sahni', 39, 1, '0');
INSERT INTO Accused VALUES (40420, 10420, 'Lila Tripathi', 36, 1, 'A1');
INSERT INTO ActSectionAssociation VALUES (10420, 'IPC', '302', 1, 1);
INSERT INTO ArrestSurrender VALUES (50420, 10420, 1, '2026-04-23', 29, 445, 1003, 5022, 455, 40420, 1, 0);
INSERT INTO CaseMaster VALUES (10421, '104451010202600421', '202600421', '2025-06-15', 5047, 1010, 1, 1, 101, 201, 1, 455, '2025-06-11 10:00:00', '2025-06-11 11:00:00', '2025-06-15 09:00:00', 14.648135, 75.497833, 'Illo natus debitis in impedit fugit nobis saepe iste vero.');
INSERT INTO ComplainantDetails VALUES (20421, 10421, 'Zarna Hayer', 34, 1, 1, 1, 1);
INSERT INTO Victim VALUES (30421, 10421, 'Anvi Gokhale', 56, 1, '0');
INSERT INTO Accused VALUES (40421, 10421, 'Harshil Bawa', 42, 1, 'A1');
INSERT INTO ActSectionAssociation VALUES (10421, 'IPC', '302', 1, 1);
INSERT INTO ArrestSurrender VALUES (50421, 10421, 1, '2025-06-15', 29, 445, 1010, 5047, 455, 40421, 1, 0);
INSERT INTO CaseMaster VALUES (10422, '304431005202400422', '202400422', '2023-11-11', 5040, 1005, 3, 1, 101, 201, 1, 453, '2023-11-10 10:00:00', '2023-11-10 11:00:00', '2023-11-11 09:00:00', 13.881246, 74.717488, 'A illo fuga voluptatum explicabo provident voluptates dicta voluptate dignissimos voluptatem iusto reprehenderit provident laudantium ullam.');
INSERT INTO ComplainantDetails VALUES (20422, 10422, 'Vidhi Borah', 36, 1, 1, 1, 1);
INSERT INTO Victim VALUES (30422, 10422, 'Alka Guha', 55, 1, '0');
INSERT INTO Accused VALUES (40422, 10422, 'Arunima Bora', 44, 1, 'A1');
INSERT INTO ActSectionAssociation VALUES (10422, 'IPC', '302', 1, 1);
INSERT INTO CaseMaster VALUES (10423, '104441008202300423', '202300423', '2024-03-30', 5005, 1008, 1, 1, 101, 201, 1, 454, '2024-03-29 10:00:00', '2024-03-29 11:00:00', '2024-03-30 09:00:00', 13.584909, 77.330959, 'Possimus fugiat deserunt dolorum vitae voluptatibus delectus cum dolores ea facere et iste nostrum.');
INSERT INTO ComplainantDetails VALUES (20423, 10423, 'Netra Kata', 57, 1, 1, 1, 1);
INSERT INTO Victim VALUES (30423, 10423, 'Yug Badami', 41, 1, '0');
INSERT INTO Accused VALUES (40423, 10423, 'David Narayan', 51, 1, 'A1');
INSERT INTO ActSectionAssociation VALUES (10423, 'IPC', '302', 1, 1);
INSERT INTO CaseMaster VALUES (10424, '304441006202600424', '202600424', '2023-12-12', 5004, 1006, 3, 1, 101, 201, 1, 454, '2023-12-07 10:00:00', '2023-12-07 11:00:00', '2023-12-12 09:00:00', 12.837984, 74.052107, 'Iste facilis quia illum similique dolores laboriosam totam eligendi alias consequatur velit reiciendis officiis minima sit quas aut.');
INSERT INTO ComplainantDetails VALUES (20424, 10424, 'Pranav Nath', 58, 1, 1, 1, 1);
INSERT INTO Victim VALUES (30424, 10424, 'Aradhana Sethi', 41, 1, '0');
INSERT INTO Accused VALUES (40424, 10424, 'Xalak Modi', 43, 1, 'A1');
INSERT INTO ActSectionAssociation VALUES (10424, 'IPC', '302', 1, 1);
INSERT INTO ArrestSurrender VALUES (50424, 10424, 1, '2023-12-12', 29, 444, 1006, 5004, 454, 40424, 1, 0);
INSERT INTO CaseMaster VALUES (10425, '304451001202400425', '202400425', '2026-04-30', 5046, 1001, 3, 1, 101, 201, 1, 455, '2026-04-25 10:00:00', '2026-04-25 11:00:00', '2026-04-30 09:00:00', 13.703964, 75.627894, 'Quibusdam nesciunt corrupti earum blanditiis totam aliquam ea ratione.');
INSERT INTO ComplainantDetails VALUES (20425, 10425, 'Wishi Shukla', 44, 1, 1, 1, 1);
INSERT INTO Victim VALUES (30425, 10425, 'Azaan Sethi', 41, 1, '0');
INSERT INTO Accused VALUES (40425, 10425, 'Dayita Nori', 50, 1, 'A1');
INSERT INTO ActSectionAssociation VALUES (10425, 'IPC', '302', 1, 1);
INSERT INTO CaseMaster VALUES (10426, '304451003202600426', '202600426', '2025-02-25', 5021, 1003, 3, 1, 101, 201, 1, 455, '2025-02-20 10:00:00', '2025-02-20 11:00:00', '2025-02-25 09:00:00', 12.323466, 76.261858, 'Id unde sunt officiis possimus delectus magnam impedit incidunt eaque culpa facilis.');
INSERT INTO ComplainantDetails VALUES (20426, 10426, 'Harinakshi Mammen', 45, 1, 1, 1, 1);
INSERT INTO Victim VALUES (30426, 10426, 'Falan Reddy', 43, 1, '0');
INSERT INTO Accused VALUES (40426, 10426, 'Manya Choudhry', 34, 1, 'A1');
INSERT INTO ActSectionAssociation VALUES (10426, 'IPC', '302', 1, 1);
INSERT INTO ArrestSurrender VALUES (50426, 10426, 1, '2025-02-25', 29, 445, 1003, 5021, 455, 40426, 1, 0);
INSERT INTO CaseMaster VALUES (10427, '104451002202400427', '202400427', '2025-02-24', 5042, 1002, 1, 1, 101, 201, 1, 455, '2025-02-19 10:00:00', '2025-02-19 11:00:00', '2025-02-24 09:00:00', 13.10803, 77.003712, 'Unde at ab saepe asperiores quo aperiam esse hic perspiciatis eius quos culpa exercitationem fuga corrupti a nobis quo.');
INSERT INTO ComplainantDetails VALUES (20427, 10427, 'Mitesh Bhatnagar', 57, 1, 1, 1, 1);
INSERT INTO Victim VALUES (30427, 10427, 'Hemal Balakrishnan', 70, 1, '0');
INSERT INTO Accused VALUES (40427, 10427, 'Omaja Vala', 28, 1, 'A1');
INSERT INTO ActSectionAssociation VALUES (10427, 'IPC', '302', 1, 1);
INSERT INTO ArrestSurrender VALUES (50427, 10427, 1, '2025-02-24', 29, 445, 1002, 5042, 455, 40427, 1, 0);
INSERT INTO CaseMaster VALUES (10428, '104441008202500428', '202500428', '2024-03-09', 5033, 1008, 1, 1, 101, 201, 1, 454, '2024-03-05 10:00:00', '2024-03-05 11:00:00', '2024-03-09 09:00:00', 17.098602, 74.327697, 'Sunt optio distinctio cupiditate eum itaque ab quam quaerat quidem veniam incidunt ex.');
INSERT INTO ComplainantDetails VALUES (20428, 10428, 'Vasatika Anne', 25, 1, 1, 1, 1);
INSERT INTO Victim VALUES (30428, 10428, 'Ucchal Edwin', 39, 1, '0');
INSERT INTO Accused VALUES (40428, 10428, 'Yashawini Agrawal', 31, 1, 'A1');
INSERT INTO ActSectionAssociation VALUES (10428, 'IPC', '302', 1, 1);
INSERT INTO CaseMaster VALUES (10429, '104441009202300429', '202300429', '2025-10-14', 5043, 1009, 1, 1, 101, 201, 1, 454, '2025-10-11 10:00:00', '2025-10-11 11:00:00', '2025-10-14 09:00:00', 15.816387, 76.284776, 'Eaque optio ab quibusdam fuga assumenda nihil sed minus fugit eos hic est at tempore modi velit sapiente placeat minus quibusdam.');
INSERT INTO ComplainantDetails VALUES (20429, 10429, 'Zansi Sood', 22, 1, 1, 1, 1);
INSERT INTO Victim VALUES (30429, 10429, 'Neel Batra', 26, 1, '0');
INSERT INTO Accused VALUES (40429, 10429, 'Sanya Rana', 38, 1, 'A1');
INSERT INTO ActSectionAssociation VALUES (10429, 'IPC', '302', 1, 1);
INSERT INTO CaseMaster VALUES (10430, '104431005202500430', '202500430', '2025-11-16', 5025, 1005, 1, 1, 101, 201, 1, 453, '2025-11-13 10:00:00', '2025-11-13 11:00:00', '2025-11-16 09:00:00', 14.738584, 77.944223, 'Asperiores at at doloribus illo provident iure quae perferendis.');
INSERT INTO ComplainantDetails VALUES (20430, 10430, 'Luke Kala', 32, 1, 1, 1, 1);
INSERT INTO Victim VALUES (30430, 10430, 'Nirja Amble', 24, 1, '0');
INSERT INTO Accused VALUES (40430, 10430, 'Jeet Magar', 30, 1, 'A1');
INSERT INTO ActSectionAssociation VALUES (10430, 'IPC', '302', 1, 1);
INSERT INTO ArrestSurrender VALUES (50430, 10430, 1, '2025-11-16', 29, 443, 1005, 5025, 453, 40430, 1, 0);
INSERT INTO CaseMaster VALUES (10431, '304451010202400431', '202400431', '2024-09-27', 5035, 1010, 3, 1, 101, 201, 1, 455, '2024-09-23 10:00:00', '2024-09-23 11:00:00', '2024-09-27 09:00:00', 13.450547, 77.754941, 'Facere ipsam quos consectetur necessitatibus soluta quisquam qui aliquid explicabo.');
INSERT INTO ComplainantDetails VALUES (20431, 10431, 'Chakradhar Viswanathan', 54, 1, 1, 1, 1);
INSERT INTO Victim VALUES (30431, 10431, 'Vanya Sunder', 43, 1, '0');
INSERT INTO Accused VALUES (40431, 10431, 'Pahal Menon', 50, 1, 'A1');
INSERT INTO ActSectionAssociation VALUES (10431, 'IPC', '302', 1, 1);
INSERT INTO ArrestSurrender VALUES (50431, 10431, 1, '2024-09-27', 29, 445, 1010, 5035, 455, 40431, 1, 0);
INSERT INTO CaseMaster VALUES (10432, '304431005202400432', '202400432', '2024-01-20', 5028, 1005, 3, 1, 101, 201, 1, 453, '2024-01-18 10:00:00', '2024-01-18 11:00:00', '2024-01-20 09:00:00', 13.594746, 77.205616, 'In tempore consectetur quibusdam quis eos laboriosam eius blanditiis officiis consequuntur.');
INSERT INTO ComplainantDetails VALUES (20432, 10432, 'Omya Radhakrishnan', 45, 1, 1, 1, 1);
INSERT INTO Victim VALUES (30432, 10432, 'Dalaja Batta', 41, 1, '0');
INSERT INTO Accused VALUES (40432, 10432, 'Avni Parikh', 42, 1, 'A1');
INSERT INTO ActSectionAssociation VALUES (10432, 'IPC', '302', 1, 1);
INSERT INTO CaseMaster VALUES (10433, '104431004202500433', '202500433', '2025-05-21', 5027, 1004, 1, 1, 101, 201, 1, 453, '2025-05-21 10:00:00', '2025-05-21 11:00:00', '2025-05-21 09:00:00', 12.631396, 74.400053, 'Architecto accusantium architecto nam sunt voluptas et veritatis tempora modi quod saepe accusamus voluptates nesciunt.');
INSERT INTO ComplainantDetails VALUES (20433, 10433, 'Aashi Bawa', 28, 1, 1, 1, 1);
INSERT INTO Victim VALUES (30433, 10433, 'Frederick Tank', 59, 1, '0');
INSERT INTO Accused VALUES (40433, 10433, 'Udyati Sidhu', 48, 1, 'A1');
INSERT INTO ActSectionAssociation VALUES (10433, 'IPC', '302', 1, 1);
INSERT INTO CaseMaster VALUES (10434, '304451002202300434', '202300434', '2024-09-27', 5005, 1002, 3, 1, 101, 201, 1, 455, '2024-09-25 10:00:00', '2024-09-25 11:00:00', '2024-09-27 09:00:00', 16.49033, 76.545025, 'Aperiam accusamus natus vel nostrum nobis voluptate ad ipsa deserunt cupiditate accusantium veniam.');
INSERT INTO ComplainantDetails VALUES (20434, 10434, 'Geetika Patel', 40, 1, 1, 1, 1);
INSERT INTO Victim VALUES (30434, 10434, 'Rohan Goda', 65, 1, '0');
INSERT INTO Accused VALUES (40434, 10434, 'Sara Seshadri', 52, 1, 'A1');
INSERT INTO ActSectionAssociation VALUES (10434, 'IPC', '302', 1, 1);
INSERT INTO ArrestSurrender VALUES (50434, 10434, 1, '2024-09-27', 29, 445, 1002, 5005, 455, 40434, 1, 0);
INSERT INTO CaseMaster VALUES (10435, '104441006202400435', '202400435', '2026-03-29', 5043, 1006, 1, 1, 101, 201, 1, 454, '2026-03-28 10:00:00', '2026-03-28 11:00:00', '2026-03-29 09:00:00', 14.723266, 75.960214, 'Necessitatibus quisquam fuga alias possimus nemo dolore dolor nam quasi voluptatibus quasi quidem quisquam.');
INSERT INTO ComplainantDetails VALUES (20435, 10435, 'Deepa Kar', 30, 1, 1, 1, 1);
INSERT INTO Victim VALUES (30435, 10435, 'Veda Konda', 57, 1, '0');
INSERT INTO Accused VALUES (40435, 10435, 'Pallavi Pandit', 51, 1, 'A1');
INSERT INTO ActSectionAssociation VALUES (10435, 'IPC', '302', 1, 1);
INSERT INTO ArrestSurrender VALUES (50435, 10435, 1, '2026-03-29', 29, 444, 1006, 5043, 454, 40435, 1, 0);
INSERT INTO CaseMaster VALUES (10436, '104451001202300436', '202300436', '2024-07-18', 5043, 1001, 1, 1, 101, 201, 1, 455, '2024-07-13 10:00:00', '2024-07-13 11:00:00', '2024-07-18 09:00:00', 13.002615, 76.069229, 'Excepturi quos maiores mollitia ex id veritatis iusto optio reprehenderit corrupti numquam modi labore vero laudantium quae ipsa corporis.');
INSERT INTO ComplainantDetails VALUES (20436, 10436, 'Nisha Setty', 35, 1, 1, 1, 1);
INSERT INTO Victim VALUES (30436, 10436, 'Yagnesh Tara', 61, 1, '0');
INSERT INTO Accused VALUES (40436, 10436, 'Krisha Ravel', 54, 1, 'A1');
INSERT INTO ActSectionAssociation VALUES (10436, 'IPC', '302', 1, 1);
INSERT INTO ArrestSurrender VALUES (50436, 10436, 1, '2024-07-18', 29, 445, 1001, 5043, 455, 40436, 1, 0);
INSERT INTO CaseMaster VALUES (10437, '104431007202600437', '202600437', '2025-06-03', 5045, 1007, 1, 1, 101, 201, 1, 453, '2025-06-03 10:00:00', '2025-06-03 11:00:00', '2025-06-03 09:00:00', 13.41117, 76.023392, 'Laborum culpa illo excepturi repellat laborum a dolor perferendis quas.');
INSERT INTO ComplainantDetails VALUES (20437, 10437, 'Kashvi Bala', 22, 1, 1, 1, 1);
INSERT INTO Victim VALUES (30437, 10437, 'Sai Anne', 42, 1, '0');
INSERT INTO Accused VALUES (40437, 10437, 'Wazir Rajagopalan', 34, 1, 'A1');
INSERT INTO ActSectionAssociation VALUES (10437, 'IPC', '302', 1, 1);
INSERT INTO ArrestSurrender VALUES (50437, 10437, 1, '2025-06-03', 29, 443, 1007, 5045, 453, 40437, 1, 0);
INSERT INTO CaseMaster VALUES (10438, '304431004202300438', '202300438', '2026-02-21', 5004, 1004, 3, 1, 101, 201, 1, 453, '2026-02-16 10:00:00', '2026-02-16 11:00:00', '2026-02-21 09:00:00', 17.214731, 76.18744, 'Ad debitis veniam deleniti inventore esse quae reprehenderit non ipsa.');
INSERT INTO ComplainantDetails VALUES (20438, 10438, 'Xavier Sengupta', 56, 1, 1, 1, 1);
INSERT INTO Victim VALUES (30438, 10438, 'Varsha Lal', 69, 1, '0');
INSERT INTO Accused VALUES (40438, 10438, 'Darsh Agate', 40, 1, 'A1');
INSERT INTO ActSectionAssociation VALUES (10438, 'IPC', '302', 1, 1);
INSERT INTO CaseMaster VALUES (10439, '304431007202500439', '202500439', '2026-01-12', 5033, 1007, 3, 1, 101, 201, 1, 453, '2026-01-11 10:00:00', '2026-01-11 11:00:00', '2026-01-12 09:00:00', 16.144633, 76.594546, 'Quas quisquam nostrum asperiores repellendus eius facilis temporibus at labore aliquid.');
INSERT INTO ComplainantDetails VALUES (20439, 10439, 'Baghyawati Mishra', 60, 1, 1, 1, 1);
INSERT INTO Victim VALUES (30439, 10439, 'Udyati Majumdar', 19, 1, '0');
INSERT INTO Accused VALUES (40439, 10439, 'Kai Kade', 37, 1, 'A1');
INSERT INTO ActSectionAssociation VALUES (10439, 'IPC', '302', 1, 1);
INSERT INTO ArrestSurrender VALUES (50439, 10439, 1, '2026-01-12', 29, 443, 1007, 5033, 453, 40439, 1, 0);
INSERT INTO CaseMaster VALUES (10440, '304451003202400440', '202400440', '2024-03-05', 5019, 1003, 3, 1, 101, 201, 1, 455, '2024-03-03 10:00:00', '2024-03-03 11:00:00', '2024-03-05 09:00:00', 17.982836, 75.245424, 'Nesciunt cumque magnam modi voluptas fuga eos mollitia dignissimos doloremque optio dolor exercitationem natus.');
INSERT INTO ComplainantDetails VALUES (20440, 10440, 'Arjun Swamy', 51, 1, 1, 1, 1);
INSERT INTO Victim VALUES (30440, 10440, 'Krishna Shetty', 59, 1, '0');
INSERT INTO Accused VALUES (40440, 10440, 'Joshua Agrawal', 20, 1, 'A1');
INSERT INTO ActSectionAssociation VALUES (10440, 'IPC', '302', 1, 1);
INSERT INTO ArrestSurrender VALUES (50440, 10440, 1, '2024-03-05', 29, 445, 1003, 5019, 455, 40440, 1, 0);
INSERT INTO CaseMaster VALUES (10441, '104441006202500441', '202500441', '2023-10-28', 5004, 1006, 1, 1, 101, 201, 1, 454, '2023-10-23 10:00:00', '2023-10-23 11:00:00', '2023-10-28 09:00:00', 15.460573, 76.582343, 'Voluptate autem suscipit sit illo assumenda libero distinctio ab fugit autem dolore officia minima quasi illum.');
INSERT INTO ComplainantDetails VALUES (20441, 10441, 'Gautami Mukherjee', 40, 1, 1, 1, 1);
INSERT INTO Victim VALUES (30441, 10441, 'Eiravati Bhasin', 27, 1, '0');
INSERT INTO Accused VALUES (40441, 10441, 'Zashil Bhatnagar', 41, 1, 'A1');
INSERT INTO ActSectionAssociation VALUES (10441, 'IPC', '302', 1, 1);
INSERT INTO CaseMaster VALUES (10442, '304451003202500442', '202500442', '2024-09-28', 5046, 1003, 3, 1, 101, 201, 1, 455, '2024-09-25 10:00:00', '2024-09-25 11:00:00', '2024-09-28 09:00:00', 17.053302, 76.124474, 'Est aliquid dolores perspiciatis sint amet architecto voluptatum exercitationem placeat iste aliquid quam fugit autem possimus voluptates voluptas ipsam.');
INSERT INTO ComplainantDetails VALUES (20442, 10442, 'Azaan Ghose', 54, 1, 1, 1, 1);
INSERT INTO Victim VALUES (30442, 10442, 'Falguni Dixit', 46, 1, '0');
INSERT INTO Accused VALUES (40442, 10442, 'Chaitaly Deshmukh', 55, 1, 'A1');
INSERT INTO ActSectionAssociation VALUES (10442, 'IPC', '302', 1, 1);
INSERT INTO ArrestSurrender VALUES (50442, 10442, 1, '2024-09-28', 29, 445, 1003, 5046, 455, 40442, 1, 0);
INSERT INTO CaseMaster VALUES (10443, '104441009202400443', '202400443', '2023-08-20', 5028, 1009, 1, 1, 101, 201, 1, 454, '2023-08-18 10:00:00', '2023-08-18 11:00:00', '2023-08-20 09:00:00', 14.540023, 77.151512, 'Nostrum quis voluptates blanditiis voluptatum in porro illo praesentium nisi eaque porro occaecati maiores ad dolor.');
INSERT INTO ComplainantDetails VALUES (20443, 10443, 'Avi Randhawa', 36, 1, 1, 1, 1);
INSERT INTO Victim VALUES (30443, 10443, 'Anika Mitra', 44, 1, '0');
INSERT INTO Accused VALUES (40443, 10443, 'Dominic Bava', 36, 1, 'A1');
INSERT INTO ActSectionAssociation VALUES (10443, 'IPC', '302', 1, 1);
INSERT INTO ArrestSurrender VALUES (50443, 10443, 1, '2023-08-20', 29, 444, 1009, 5028, 454, 40443, 1, 0);
INSERT INTO CaseMaster VALUES (10444, '304441008202500444', '202500444', '2025-03-18', 5021, 1008, 3, 1, 101, 201, 1, 454, '2025-03-15 10:00:00', '2025-03-15 11:00:00', '2025-03-18 09:00:00', 15.359446, 77.71661, 'Ea dolores fugiat numquam minima eaque maiores suscipit quas reiciendis pariatur omnis nobis.');
INSERT INTO ComplainantDetails VALUES (20444, 10444, 'Oliver Zachariah', 39, 1, 1, 1, 1);
INSERT INTO Victim VALUES (30444, 10444, 'Kalpit Mann', 32, 1, '0');
INSERT INTO Accused VALUES (40444, 10444, 'Ekani Kaur', 40, 1, 'A1');
INSERT INTO ActSectionAssociation VALUES (10444, 'IPC', '302', 1, 1);
INSERT INTO CaseMaster VALUES (10445, '104441009202500445', '202500445', '2026-02-16', 5014, 1009, 1, 1, 101, 201, 1, 454, '2026-02-12 10:00:00', '2026-02-12 11:00:00', '2026-02-16 09:00:00', 14.634358, 74.105811, 'Veritatis distinctio provident unde quae velit illum vel reprehenderit consectetur nobis consectetur eligendi alias veritatis placeat quis optio a optio.');
INSERT INTO ComplainantDetails VALUES (20445, 10445, 'Alka Yogi', 33, 1, 1, 1, 1);
INSERT INTO Victim VALUES (30445, 10445, 'Eiravati Jayaraman', 22, 1, '0');
INSERT INTO Accused VALUES (40445, 10445, 'Ikbal Gour', 26, 1, 'A1');
INSERT INTO ActSectionAssociation VALUES (10445, 'IPC', '302', 1, 1);
INSERT INTO CaseMaster VALUES (10446, '104441009202400446', '202400446', '2024-02-28', 5045, 1009, 1, 1, 101, 201, 1, 454, '2024-02-28 10:00:00', '2024-02-28 11:00:00', '2024-02-28 09:00:00', 17.902167, 77.228673, 'Quis modi cupiditate facere velit harum incidunt minima laudantium quae minima necessitatibus nulla debitis similique deleniti illum atque ducimus quae.');
INSERT INTO ComplainantDetails VALUES (20446, 10446, 'Dominic Chada', 24, 1, 1, 1, 1);
INSERT INTO Victim VALUES (30446, 10446, 'Ekbal Dar', 51, 1, '0');
INSERT INTO Accused VALUES (40446, 10446, 'Vidhi Prakash', 20, 1, 'A1');
INSERT INTO ActSectionAssociation VALUES (10446, 'IPC', '302', 1, 1);
INSERT INTO ArrestSurrender VALUES (50446, 10446, 1, '2024-02-28', 29, 444, 1009, 5045, 454, 40446, 1, 0);
INSERT INTO CaseMaster VALUES (10447, '304441006202500447', '202500447', '2024-06-02', 5019, 1006, 3, 1, 101, 201, 1, 454, '2024-05-29 10:00:00', '2024-05-29 11:00:00', '2024-06-02 09:00:00', 16.995992, 75.752448, 'Cupiditate facere nemo aspernatur error similique explicabo soluta eveniet veniam nobis laborum quidem eligendi dolores.');
INSERT INTO ComplainantDetails VALUES (20447, 10447, 'Forum Bhatt', 26, 1, 1, 1, 1);
INSERT INTO Victim VALUES (30447, 10447, 'Arjun Parmer', 70, 1, '0');
INSERT INTO Accused VALUES (40447, 10447, 'Inaya Bansal', 45, 1, 'A1');
INSERT INTO ActSectionAssociation VALUES (10447, 'IPC', '302', 1, 1);
INSERT INTO CaseMaster VALUES (10448, '304451003202500448', '202500448', '2025-05-30', 5007, 1003, 3, 1, 101, 201, 1, 455, '2025-05-29 10:00:00', '2025-05-29 11:00:00', '2025-05-30 09:00:00', 13.119796, 74.461491, 'Sit nemo animi libero voluptatum possimus sapiente unde quam quisquam.');
INSERT INTO ComplainantDetails VALUES (20448, 10448, 'Dominic Ahuja', 23, 1, 1, 1, 1);
INSERT INTO Victim VALUES (30448, 10448, 'Henry Yogi', 47, 1, '0');
INSERT INTO Accused VALUES (40448, 10448, 'Watika Kadakia', 55, 1, 'A1');
INSERT INTO ActSectionAssociation VALUES (10448, 'IPC', '302', 1, 1);
INSERT INTO ArrestSurrender VALUES (50448, 10448, 1, '2025-05-30', 29, 445, 1003, 5007, 455, 40448, 1, 0);
INSERT INTO CaseMaster VALUES (10449, '104451001202400449', '202400449', '2024-08-03', 5036, 1001, 1, 1, 101, 201, 1, 455, '2024-08-02 10:00:00', '2024-08-02 11:00:00', '2024-08-03 09:00:00', 15.505171, 76.368301, 'Inventore sequi numquam odit deleniti nostrum explicabo velit repellendus sequi animi sunt.');
INSERT INTO ComplainantDetails VALUES (20449, 10449, 'Bhavini Mukhopadhyay', 35, 1, 1, 1, 1);
INSERT INTO Victim VALUES (30449, 10449, 'Meera Bhargava', 21, 1, '0');
INSERT INTO Accused VALUES (40449, 10449, 'Nathaniel Merchant', 25, 1, 'A1');
INSERT INTO ActSectionAssociation VALUES (10449, 'IPC', '302', 1, 1);
INSERT INTO ArrestSurrender VALUES (50449, 10449, 1, '2024-08-03', 29, 445, 1001, 5036, 455, 40449, 1, 0);
INSERT INTO CaseMaster VALUES (10450, '304441006202600450', '202600450', '2026-03-09', 5003, 1006, 3, 1, 101, 201, 1, 454, '2026-03-05 10:00:00', '2026-03-05 11:00:00', '2026-03-09 09:00:00', 16.625561, 76.573607, 'Commodi eveniet suscipit tenetur quis autem laboriosam quo exercitationem nihil eaque exercitationem suscipit repudiandae deserunt aut tempora vitae.');
INSERT INTO ComplainantDetails VALUES (20450, 10450, 'Chaman Rastogi', 57, 1, 1, 1, 1);
INSERT INTO Victim VALUES (30450, 10450, 'Varenya Sehgal', 49, 1, '0');
INSERT INTO Accused VALUES (40450, 10450, 'Jairaj Palan', 38, 1, 'A1');
INSERT INTO ActSectionAssociation VALUES (10450, 'IPC', '302', 1, 1);
INSERT INTO CaseMaster VALUES (10451, '304441009202600451', '202600451', '2025-07-12', 5035, 1009, 3, 1, 101, 201, 1, 454, '2025-07-12 10:00:00', '2025-07-12 11:00:00', '2025-07-12 09:00:00', 16.447795, 75.864603, 'Ratione harum quibusdam cupiditate odit aperiam nihil fuga alias officiis architecto cupiditate quasi deleniti dicta cupiditate temporibus quis.');
INSERT INTO ComplainantDetails VALUES (20451, 10451, 'Unnati Mital', 50, 1, 1, 1, 1);
INSERT INTO Victim VALUES (30451, 10451, 'Neelima Zachariah', 36, 1, '0');
INSERT INTO Accused VALUES (40451, 10451, 'Gabriel Edwin', 53, 1, 'A1');
INSERT INTO ActSectionAssociation VALUES (10451, 'IPC', '302', 1, 1);
INSERT INTO ArrestSurrender VALUES (50451, 10451, 1, '2025-07-12', 29, 444, 1009, 5035, 454, 40451, 1, 0);
INSERT INTO CaseMaster VALUES (10452, '104451010202300452', '202300452', '2024-11-25', 5042, 1010, 1, 1, 101, 201, 1, 455, '2024-11-20 10:00:00', '2024-11-20 11:00:00', '2024-11-25 09:00:00', 16.325791, 76.763527, 'At magni in cumque soluta atque ad repudiandae impedit quisquam voluptas ipsam nemo nesciunt atque.');
INSERT INTO ComplainantDetails VALUES (20452, 10452, 'Viraj Chakrabarti', 34, 1, 1, 1, 1);
INSERT INTO Victim VALUES (30452, 10452, 'Utkarsh Tailor', 66, 1, '0');
INSERT INTO Accused VALUES (40452, 10452, 'Urishilla Narayan', 50, 1, 'A1');
INSERT INTO ActSectionAssociation VALUES (10452, 'IPC', '302', 1, 1);
INSERT INTO CaseMaster VALUES (10453, '304451001202300453', '202300453', '2023-12-28', 5048, 1001, 3, 1, 101, 201, 1, 455, '2023-12-25 10:00:00', '2023-12-25 11:00:00', '2023-12-28 09:00:00', 15.870029, 74.893185, 'Nobis consequuntur minima temporibus repellendus minus laudantium laboriosam at sapiente.');
INSERT INTO ComplainantDetails VALUES (20453, 10453, 'Zayyan Vora', 33, 1, 1, 1, 1);
INSERT INTO Victim VALUES (30453, 10453, 'Forum Pingle', 70, 1, '0');
INSERT INTO Accused VALUES (40453, 10453, 'Jacob Doctor', 28, 1, 'A1');
INSERT INTO ActSectionAssociation VALUES (10453, 'IPC', '302', 1, 1);
INSERT INTO CaseMaster VALUES (10454, '304451001202400454', '202400454', '2024-02-17', 5039, 1001, 3, 1, 101, 201, 1, 455, '2024-02-12 10:00:00', '2024-02-12 11:00:00', '2024-02-17 09:00:00', 13.567685, 76.484642, 'Sunt nostrum optio enim quo hic adipisci debitis reiciendis.');
INSERT INTO ComplainantDetails VALUES (20454, 10454, 'Daniel Sarma', 27, 1, 1, 1, 1);
INSERT INTO Victim VALUES (30454, 10454, 'Nilima Boase', 26, 1, '0');
INSERT INTO Accused VALUES (40454, 10454, 'Pratyush Sunder', 31, 1, 'A1');
INSERT INTO ActSectionAssociation VALUES (10454, 'IPC', '302', 1, 1);
INSERT INTO CaseMaster VALUES (10455, '104431005202500455', '202500455', '2024-11-07', 5028, 1005, 1, 1, 101, 201, 1, 453, '2024-11-04 10:00:00', '2024-11-04 11:00:00', '2024-11-07 09:00:00', 14.649139, 75.506018, 'Aperiam ipsam voluptate non similique natus ducimus quibusdam corporis eius maiores blanditiis.');
INSERT INTO ComplainantDetails VALUES (20455, 10455, 'Urmi Chokshi', 23, 1, 1, 1, 1);
INSERT INTO Victim VALUES (30455, 10455, 'Devansh Rai', 53, 1, '0');
INSERT INTO Accused VALUES (40455, 10455, 'Samarth Venkatesh', 31, 1, 'A1');
INSERT INTO ActSectionAssociation VALUES (10455, 'IPC', '302', 1, 1);
INSERT INTO ArrestSurrender VALUES (50455, 10455, 1, '2024-11-07', 29, 443, 1005, 5028, 453, 40455, 1, 0);
INSERT INTO CaseMaster VALUES (10456, '104441008202500456', '202500456', '2024-01-11', 5026, 1008, 1, 1, 101, 201, 1, 454, '2024-01-07 10:00:00', '2024-01-07 11:00:00', '2024-01-11 09:00:00', 13.365193, 77.489279, 'Accusamus vel officiis libero minus corporis voluptatem pariatur accusamus accusamus perspiciatis voluptate.');
INSERT INTO ComplainantDetails VALUES (20456, 10456, 'Abdul Sood', 57, 1, 1, 1, 1);
INSERT INTO Victim VALUES (30456, 10456, 'Jyoti Goel', 29, 1, '0');
INSERT INTO Accused VALUES (40456, 10456, 'Eesha Doshi', 48, 1, 'A1');
INSERT INTO ActSectionAssociation VALUES (10456, 'IPC', '302', 1, 1);
INSERT INTO ArrestSurrender VALUES (50456, 10456, 1, '2024-01-11', 29, 444, 1008, 5026, 454, 40456, 1, 0);
INSERT INTO CaseMaster VALUES (10457, '304431005202300457', '202300457', '2024-11-04', 5035, 1005, 3, 1, 101, 201, 1, 453, '2024-10-31 10:00:00', '2024-10-31 11:00:00', '2024-11-04 09:00:00', 14.365979, 75.500294, 'Sed odio ipsum voluptatibus officia id molestias dolores blanditiis quibusdam.');
INSERT INTO ComplainantDetails VALUES (20457, 10457, 'Darika Chaudhary', 25, 1, 1, 1, 1);
INSERT INTO Victim VALUES (30457, 10457, 'Devika Wagle', 51, 1, '0');
INSERT INTO Accused VALUES (40457, 10457, 'Gopal Dar', 34, 1, 'A1');
INSERT INTO ActSectionAssociation VALUES (10457, 'IPC', '302', 1, 1);
INSERT INTO CaseMaster VALUES (10458, '104431004202600458', '202600458', '2025-12-31', 5017, 1004, 1, 1, 101, 201, 1, 453, '2025-12-27 10:00:00', '2025-12-27 11:00:00', '2025-12-31 09:00:00', 17.229616, 77.609157, 'Ut sunt omnis magni minima exercitationem modi ab ea quod rerum repellendus.');
INSERT INTO ComplainantDetails VALUES (20458, 10458, 'Lila Bose', 46, 1, 1, 1, 1);
INSERT INTO Victim VALUES (30458, 10458, 'Atharv Thaker', 57, 1, '0');
INSERT INTO Accused VALUES (40458, 10458, 'Yashica Vaidya', 42, 1, 'A1');
INSERT INTO ActSectionAssociation VALUES (10458, 'IPC', '302', 1, 1);
INSERT INTO CaseMaster VALUES (10459, '304441006202600459', '202600459', '2026-01-23', 5019, 1006, 3, 1, 101, 201, 1, 454, '2026-01-19 10:00:00', '2026-01-19 11:00:00', '2026-01-23 09:00:00', 16.58993, 76.715442, 'Sint optio corrupti amet et commodi molestias iure ullam.');
INSERT INTO ComplainantDetails VALUES (20459, 10459, 'Anusha Varma', 24, 1, 1, 1, 1);
INSERT INTO Victim VALUES (30459, 10459, 'Azad Guha', 56, 1, '0');
INSERT INTO Accused VALUES (40459, 10459, 'Yachana Memon', 39, 1, 'A1');
INSERT INTO ActSectionAssociation VALUES (10459, 'IPC', '302', 1, 1);
INSERT INTO ArrestSurrender VALUES (50459, 10459, 1, '2026-01-23', 29, 444, 1006, 5019, 454, 40459, 1, 0);
INSERT INTO CaseMaster VALUES (10460, '304441008202300460', '202300460', '2024-04-06', 5004, 1008, 3, 1, 101, 201, 1, 454, '2024-04-04 10:00:00', '2024-04-04 11:00:00', '2024-04-06 09:00:00', 17.778013, 74.596564, 'Saepe at unde tenetur reprehenderit quia necessitatibus quaerat magnam voluptas.');
INSERT INTO ComplainantDetails VALUES (20460, 10460, 'Samar Atwal', 57, 1, 1, 1, 1);
INSERT INTO Victim VALUES (30460, 10460, 'Vedhika Shukla', 58, 1, '0');
INSERT INTO Accused VALUES (40460, 10460, 'Ekavir Bhattacharyya', 38, 1, 'A1');
INSERT INTO ActSectionAssociation VALUES (10460, 'IPC', '302', 1, 1);
INSERT INTO ArrestSurrender VALUES (50460, 10460, 1, '2024-04-06', 29, 444, 1008, 5004, 454, 40460, 1, 0);
INSERT INTO CaseMaster VALUES (10461, '104441008202400461', '202400461', '2025-01-15', 5023, 1008, 1, 1, 101, 201, 1, 454, '2025-01-14 10:00:00', '2025-01-14 11:00:00', '2025-01-15 09:00:00', 12.846808, 75.284514, 'Numquam impedit cumque ipsam incidunt nemo similique magnam unde natus adipisci error sequi.');
INSERT INTO ComplainantDetails VALUES (20461, 10461, 'Raghav Prabhakar', 56, 1, 1, 1, 1);
INSERT INTO Victim VALUES (30461, 10461, 'Aahana Manne', 49, 1, '0');
INSERT INTO Accused VALUES (40461, 10461, 'Vritti Chand', 53, 1, 'A1');
INSERT INTO ActSectionAssociation VALUES (10461, 'IPC', '302', 1, 1);
INSERT INTO CaseMaster VALUES (10462, '104451003202300462', '202300462', '2024-02-08', 5012, 1003, 1, 1, 101, 201, 1, 455, '2024-02-06 10:00:00', '2024-02-06 11:00:00', '2024-02-08 09:00:00', 16.561653, 74.303133, 'Eius consequuntur nam rem voluptatibus quo quod accusamus illo necessitatibus doloremque suscipit facilis quis nesciunt doloribus.');
INSERT INTO ComplainantDetails VALUES (20462, 10462, 'Yashawini Kamdar', 50, 1, 1, 1, 1);
INSERT INTO Victim VALUES (30462, 10462, 'Shravya Sehgal', 70, 1, '0');
INSERT INTO Accused VALUES (40462, 10462, 'Devansh Khatri', 53, 1, 'A1');
INSERT INTO ActSectionAssociation VALUES (10462, 'IPC', '302', 1, 1);
INSERT INTO ArrestSurrender VALUES (50462, 10462, 1, '2024-02-08', 29, 445, 1003, 5012, 455, 40462, 1, 0);
INSERT INTO CaseMaster VALUES (10463, '104451002202600463', '202600463', '2023-10-02', 5033, 1002, 1, 1, 101, 201, 1, 455, '2023-09-29 10:00:00', '2023-09-29 11:00:00', '2023-10-02 09:00:00', 13.933315, 74.375496, 'Reiciendis quos ex saepe nam expedita perspiciatis fugit ipsam eveniet quis rerum porro occaecati architecto.');
INSERT INTO ComplainantDetails VALUES (20463, 10463, 'Ria Khanna', 23, 1, 1, 1, 1);
INSERT INTO Victim VALUES (30463, 10463, 'Meghana Wadhwa', 25, 1, '0');
INSERT INTO Accused VALUES (40463, 10463, 'Eesha Lata', 36, 1, 'A1');
INSERT INTO ActSectionAssociation VALUES (10463, 'IPC', '302', 1, 1);
INSERT INTO CaseMaster VALUES (10464, '304441008202500464', '202500464', '2023-11-06', 5016, 1008, 3, 1, 101, 201, 1, 454, '2023-11-06 10:00:00', '2023-11-06 11:00:00', '2023-11-06 09:00:00', 15.678454, 77.623619, 'Possimus necessitatibus velit quis impedit iste itaque iusto recusandae porro molestias laudantium officiis culpa rerum repudiandae animi.');
INSERT INTO ComplainantDetails VALUES (20464, 10464, 'Pranit Kuruvilla', 39, 1, 1, 1, 1);
INSERT INTO Victim VALUES (30464, 10464, 'Ekaja Rana', 68, 1, '0');
INSERT INTO Accused VALUES (40464, 10464, 'Ati Prabhakar', 27, 1, 'A1');
INSERT INTO ActSectionAssociation VALUES (10464, 'IPC', '302', 1, 1);
INSERT INTO CaseMaster VALUES (10465, '304431007202400465', '202400465', '2024-05-15', 5047, 1007, 3, 1, 101, 201, 1, 453, '2024-05-11 10:00:00', '2024-05-11 11:00:00', '2024-05-15 09:00:00', 12.912306, 77.07021, 'Sed magni consequatur distinctio reiciendis voluptates quisquam ipsam expedita dolore alias quis repellat.');
INSERT INTO ComplainantDetails VALUES (20465, 10465, 'Hemal Sabharwal', 48, 1, 1, 1, 1);
INSERT INTO Victim VALUES (30465, 10465, 'Reva Minhas', 32, 1, '0');
INSERT INTO Accused VALUES (40465, 10465, 'Dalaja Manda', 52, 1, 'A1');
INSERT INTO ActSectionAssociation VALUES (10465, 'IPC', '302', 1, 1);
INSERT INTO CaseMaster VALUES (10466, '304451003202400466', '202400466', '2024-04-11', 5049, 1003, 3, 1, 101, 201, 1, 455, '2024-04-10 10:00:00', '2024-04-10 11:00:00', '2024-04-11 09:00:00', 13.928153, 77.543635, 'Id nemo repudiandae quis nemo quod labore molestiae voluptatem modi facere tenetur totam itaque quia facere.');
INSERT INTO ComplainantDetails VALUES (20466, 10466, 'Dayita Baria', 25, 1, 1, 1, 1);
INSERT INTO Victim VALUES (30466, 10466, 'Yahvi Hora', 37, 1, '0');
INSERT INTO Accused VALUES (40466, 10466, 'Noah Iyengar', 49, 1, 'A1');
INSERT INTO ActSectionAssociation VALUES (10466, 'IPC', '302', 1, 1);
INSERT INTO CaseMaster VALUES (10467, '104451002202400467', '202400467', '2024-09-04', 5002, 1002, 1, 1, 101, 201, 1, 455, '2024-09-02 10:00:00', '2024-09-02 11:00:00', '2024-09-04 09:00:00', 12.633798, 74.266479, 'Explicabo iste omnis aut adipisci fuga magni deleniti reprehenderit.');
INSERT INTO ComplainantDetails VALUES (20467, 10467, 'Zansi Barman', 49, 1, 1, 1, 1);
INSERT INTO Victim VALUES (30467, 10467, 'Faraj Bhattacharyya', 22, 1, '0');
INSERT INTO Accused VALUES (40467, 10467, 'Wazir Memon', 23, 1, 'A1');
INSERT INTO ActSectionAssociation VALUES (10467, 'IPC', '302', 1, 1);
INSERT INTO ArrestSurrender VALUES (50467, 10467, 1, '2024-09-04', 29, 445, 1002, 5002, 455, 40467, 1, 0);
INSERT INTO CaseMaster VALUES (10468, '104441009202500468', '202500468', '2024-04-26', 5045, 1009, 1, 1, 101, 201, 1, 454, '2024-04-24 10:00:00', '2024-04-24 11:00:00', '2024-04-26 09:00:00', 17.639337, 76.107676, 'Aliquam dicta laudantium excepturi vitae quibusdam magni deleniti repellat eaque.');
INSERT INTO ComplainantDetails VALUES (20468, 10468, 'David Madan', 33, 1, 1, 1, 1);
INSERT INTO Victim VALUES (30468, 10468, 'Anvi Bandi', 22, 1, '0');
INSERT INTO Accused VALUES (40468, 10468, 'Irya Wagle', 34, 1, 'A1');
INSERT INTO ActSectionAssociation VALUES (10468, 'IPC', '302', 1, 1);
INSERT INTO ArrestSurrender VALUES (50468, 10468, 1, '2024-04-26', 29, 444, 1009, 5045, 454, 40468, 1, 0);
INSERT INTO CaseMaster VALUES (10469, '104451003202600469', '202600469', '2023-09-27', 5017, 1003, 1, 1, 101, 201, 1, 455, '2023-09-26 10:00:00', '2023-09-26 11:00:00', '2023-09-27 09:00:00', 14.06515, 76.815113, 'Cum deserunt magnam molestiae vero occaecati doloribus recusandae praesentium officiis nisi voluptas aut quidem molestias quam libero mollitia quisquam.');
INSERT INTO ComplainantDetails VALUES (20469, 10469, 'Chaaya Mani', 42, 1, 1, 1, 1);
INSERT INTO Victim VALUES (30469, 10469, 'Falak Sheth', 36, 1, '0');
INSERT INTO Accused VALUES (40469, 10469, 'Raghav Bobal', 54, 1, 'A1');
INSERT INTO ActSectionAssociation VALUES (10469, 'IPC', '302', 1, 1);
INSERT INTO ArrestSurrender VALUES (50469, 10469, 1, '2023-09-27', 29, 445, 1003, 5017, 455, 40469, 1, 0);
INSERT INTO CaseMaster VALUES (10470, '104431005202400470', '202400470', '2025-07-03', 5012, 1005, 1, 1, 101, 201, 1, 453, '2025-07-01 10:00:00', '2025-07-01 11:00:00', '2025-07-03 09:00:00', 16.609769, 75.748007, 'Dolorem est aliquam qui exercitationem placeat eveniet sunt minus perferendis.');
INSERT INTO ComplainantDetails VALUES (20470, 10470, 'Hemal Pandey', 55, 1, 1, 1, 1);
INSERT INTO Victim VALUES (30470, 10470, 'Faris Vaidya', 48, 1, '0');
INSERT INTO Accused VALUES (40470, 10470, 'Upasna Joshi', 34, 1, 'A1');
INSERT INTO ActSectionAssociation VALUES (10470, 'IPC', '302', 1, 1);
INSERT INTO ArrestSurrender VALUES (50470, 10470, 1, '2025-07-03', 29, 443, 1005, 5012, 453, 40470, 1, 0);
INSERT INTO CaseMaster VALUES (10471, '104441008202600471', '202600471', '2024-12-15', 5017, 1008, 1, 1, 101, 201, 1, 454, '2024-12-10 10:00:00', '2024-12-10 11:00:00', '2024-12-15 09:00:00', 17.244161, 76.714215, 'Iusto quam voluptates voluptatum eum quam soluta veritatis nobis ducimus laborum iusto perferendis iste illum laudantium voluptatibus doloribus.');
INSERT INTO ComplainantDetails VALUES (20471, 10471, 'Tanish Chahal', 42, 1, 1, 1, 1);
INSERT INTO Victim VALUES (30471, 10471, 'Ojas Sandhu', 40, 1, '0');
INSERT INTO Accused VALUES (40471, 10471, 'Praneel Sheth', 26, 1, 'A1');
INSERT INTO ActSectionAssociation VALUES (10471, 'IPC', '302', 1, 1);
INSERT INTO CaseMaster VALUES (10472, '304431005202300472', '202300472', '2023-08-13', 5028, 1005, 3, 1, 101, 201, 1, 453, '2023-08-11 10:00:00', '2023-08-11 11:00:00', '2023-08-13 09:00:00', 13.561987, 75.47033, 'Deleniti sed voluptas quia debitis voluptates fugiat fuga maxime laboriosam accusantium necessitatibus nulla.');
INSERT INTO ComplainantDetails VALUES (20472, 10472, 'Aishani Luthra', 47, 1, 1, 1, 1);
INSERT INTO Victim VALUES (30472, 10472, 'Vasana Shere', 63, 1, '0');
INSERT INTO Accused VALUES (40472, 10472, 'Maanav Sani', 38, 1, 'A1');
INSERT INTO ActSectionAssociation VALUES (10472, 'IPC', '302', 1, 1);
INSERT INTO ArrestSurrender VALUES (50472, 10472, 1, '2023-08-13', 29, 443, 1005, 5028, 453, 40472, 1, 0);
INSERT INTO CaseMaster VALUES (10473, '304451002202600473', '202600473', '2024-06-30', 5043, 1002, 3, 1, 101, 201, 1, 455, '2024-06-25 10:00:00', '2024-06-25 11:00:00', '2024-06-30 09:00:00', 17.354301, 74.146518, 'Veniam necessitatibus laudantium voluptatem rerum corporis rem voluptatum ipsam fugiat iste modi consequatur nihil quasi corrupti vitae.');
INSERT INTO ComplainantDetails VALUES (20473, 10473, 'Bakhshi Contractor', 31, 1, 1, 1, 1);
INSERT INTO Victim VALUES (30473, 10473, 'Netra Shanker', 19, 1, '0');
INSERT INTO Accused VALUES (40473, 10473, 'Keya D’Alia', 37, 1, 'A1');
INSERT INTO ActSectionAssociation VALUES (10473, 'IPC', '302', 1, 1);
INSERT INTO ArrestSurrender VALUES (50473, 10473, 1, '2024-06-30', 29, 445, 1002, 5043, 455, 40473, 1, 0);
INSERT INTO CaseMaster VALUES (10474, '104431005202500474', '202500474', '2026-05-06', 5001, 1005, 1, 1, 101, 201, 1, 453, '2026-05-02 10:00:00', '2026-05-02 11:00:00', '2026-05-06 09:00:00', 13.135622, 75.188259, 'Delectus ea id tempore expedita delectus voluptates deleniti ipsam a cum consectetur dolorem repudiandae placeat dicta iusto.');
INSERT INTO ComplainantDetails VALUES (20474, 10474, 'Frederick Bali', 38, 1, 1, 1, 1);
INSERT INTO Victim VALUES (30474, 10474, 'Chakradhar Bains', 40, 1, '0');
INSERT INTO Accused VALUES (40474, 10474, 'Vansha Sani', 43, 1, 'A1');
INSERT INTO ActSectionAssociation VALUES (10474, 'IPC', '302', 1, 1);
INSERT INTO CaseMaster VALUES (10475, '104441009202600475', '202600475', '2025-02-17', 5032, 1009, 1, 1, 101, 201, 1, 454, '2025-02-15 10:00:00', '2025-02-15 11:00:00', '2025-02-17 09:00:00', 15.326752, 76.430265, 'Sunt delectus quibusdam vel minus esse excepturi recusandae atque ut quisquam atque corrupti.');
INSERT INTO ComplainantDetails VALUES (20475, 10475, 'Yash Gupta', 20, 1, 1, 1, 1);
INSERT INTO Victim VALUES (30475, 10475, 'Oeshi Gupta', 20, 1, '0');
INSERT INTO Accused VALUES (40475, 10475, 'Nicholas Issac', 21, 1, 'A1');
INSERT INTO ActSectionAssociation VALUES (10475, 'IPC', '302', 1, 1);
INSERT INTO CaseMaster VALUES (10476, '304441008202300476', '202300476', '2026-04-25', 5033, 1008, 3, 1, 101, 201, 1, 454, '2026-04-21 10:00:00', '2026-04-21 11:00:00', '2026-04-25 09:00:00', 13.000757, 74.509044, 'Molestias magnam expedita perspiciatis molestiae doloribus corporis dolore soluta soluta at illum modi animi cum facere quos vitae sunt.');
INSERT INTO ComplainantDetails VALUES (20476, 10476, 'Harsh Deep', 27, 1, 1, 1, 1);
INSERT INTO Victim VALUES (30476, 10476, 'Ansh Dubey', 34, 1, '0');
INSERT INTO Accused VALUES (40476, 10476, 'Damyanti Bir', 25, 1, 'A1');
INSERT INTO ActSectionAssociation VALUES (10476, 'IPC', '302', 1, 1);
INSERT INTO ArrestSurrender VALUES (50476, 10476, 1, '2026-04-25', 29, 444, 1008, 5033, 454, 40476, 1, 0);
INSERT INTO CaseMaster VALUES (10477, '304431004202500477', '202500477', '2026-02-20', 5020, 1004, 3, 1, 101, 201, 1, 453, '2026-02-18 10:00:00', '2026-02-18 11:00:00', '2026-02-20 09:00:00', 16.725615, 77.807323, 'Minus eos enim enim error eum ullam harum eaque ad atque suscipit exercitationem repellendus debitis accusantium nulla porro ex.');
INSERT INTO ComplainantDetails VALUES (20477, 10477, 'Siya Bir', 30, 1, 1, 1, 1);
INSERT INTO Victim VALUES (30477, 10477, 'Widisha Pai', 21, 1, '0');
INSERT INTO Accused VALUES (40477, 10477, 'Tejas Kale', 53, 1, 'A1');
INSERT INTO ActSectionAssociation VALUES (10477, 'IPC', '302', 1, 1);
INSERT INTO ArrestSurrender VALUES (50477, 10477, 1, '2026-02-20', 29, 443, 1004, 5020, 453, 40477, 1, 0);
INSERT INTO CaseMaster VALUES (10478, '304451002202500478', '202500478', '2023-10-26', 5026, 1002, 3, 1, 101, 201, 1, 455, '2023-10-24 10:00:00', '2023-10-24 11:00:00', '2023-10-26 09:00:00', 15.585103, 74.277455, 'Ullam ut eos tempore nulla quas expedita nam atque culpa suscipit cumque repellendus sequi facere delectus rem nemo laborum.');
INSERT INTO ComplainantDetails VALUES (20478, 10478, 'Charvi De', 36, 1, 1, 1, 1);
INSERT INTO Victim VALUES (30478, 10478, 'Krishna Panchal', 68, 1, '0');
INSERT INTO Accused VALUES (40478, 10478, 'Rushil Sangha', 36, 1, 'A1');
INSERT INTO ActSectionAssociation VALUES (10478, 'IPC', '302', 1, 1);
INSERT INTO ArrestSurrender VALUES (50478, 10478, 1, '2023-10-26', 29, 445, 1002, 5026, 455, 40478, 1, 0);
INSERT INTO CaseMaster VALUES (10479, '304431005202500479', '202500479', '2025-10-29', 5016, 1005, 3, 1, 101, 201, 1, 453, '2025-10-29 10:00:00', '2025-10-29 11:00:00', '2025-10-29 09:00:00', 16.268783, 75.94708, 'Deleniti praesentium occaecati sit veritatis accusamus voluptates temporibus assumenda itaque quo natus voluptatem iste reiciendis quae illum.');
INSERT INTO ComplainantDetails VALUES (20479, 10479, 'Nihal Guha', 39, 1, 1, 1, 1);
INSERT INTO Victim VALUES (30479, 10479, 'Sanaya Dash', 57, 1, '0');
INSERT INTO Accused VALUES (40479, 10479, 'Panini Din', 45, 1, 'A1');
INSERT INTO ActSectionAssociation VALUES (10479, 'IPC', '302', 1, 1);
INSERT INTO CaseMaster VALUES (10480, '104431005202300480', '202300480', '2024-12-21', 5048, 1005, 1, 1, 101, 201, 1, 453, '2024-12-21 10:00:00', '2024-12-21 11:00:00', '2024-12-21 09:00:00', 14.383074, 75.843266, 'Tempore eligendi recusandae libero quos similique dolorum sit ad nam natus quidem explicabo provident molestias quaerat.');
INSERT INTO ComplainantDetails VALUES (20480, 10480, 'Jai Goel', 45, 1, 1, 1, 1);
INSERT INTO Victim VALUES (30480, 10480, 'Ekaja Ratta', 24, 1, '0');
INSERT INTO Accused VALUES (40480, 10480, 'Yadavi Prakash', 40, 1, 'A1');
INSERT INTO ActSectionAssociation VALUES (10480, 'IPC', '302', 1, 1);
INSERT INTO CaseMaster VALUES (10481, '304441008202400481', '202400481', '2024-11-28', 5020, 1008, 3, 1, 101, 201, 1, 454, '2024-11-28 10:00:00', '2024-11-28 11:00:00', '2024-11-28 09:00:00', 17.23873, 74.601251, 'Itaque blanditiis harum eveniet odit ea accusantium officia aperiam ab animi dignissimos accusantium aliquam cum.');
INSERT INTO ComplainantDetails VALUES (20481, 10481, 'Unnati Char', 53, 1, 1, 1, 1);
INSERT INTO Victim VALUES (30481, 10481, 'Lajita Chakraborty', 28, 1, '0');
INSERT INTO Accused VALUES (40481, 10481, 'Adya Shere', 52, 1, 'A1');
INSERT INTO ActSectionAssociation VALUES (10481, 'IPC', '302', 1, 1);
INSERT INTO ArrestSurrender VALUES (50481, 10481, 1, '2024-11-28', 29, 444, 1008, 5020, 454, 40481, 1, 0);
INSERT INTO CaseMaster VALUES (10482, '104441009202500482', '202500482', '2026-04-26', 5038, 1009, 1, 1, 101, 201, 1, 454, '2026-04-23 10:00:00', '2026-04-23 11:00:00', '2026-04-26 09:00:00', 13.705088, 77.265962, 'Impedit quod ullam commodi temporibus asperiores dicta facere tempore impedit quisquam dolore magni culpa expedita placeat facere laboriosam saepe.');
INSERT INTO ComplainantDetails VALUES (20482, 10482, 'Aradhana Patil', 20, 1, 1, 1, 1);
INSERT INTO Victim VALUES (30482, 10482, 'Mekhala Narain', 44, 1, '0');
INSERT INTO Accused VALUES (40482, 10482, 'Simon Raj', 21, 1, 'A1');
INSERT INTO ActSectionAssociation VALUES (10482, 'IPC', '302', 1, 1);
INSERT INTO CaseMaster VALUES (10483, '304441008202500483', '202500483', '2023-08-24', 5023, 1008, 3, 1, 101, 201, 1, 454, '2023-08-20 10:00:00', '2023-08-20 11:00:00', '2023-08-24 09:00:00', 16.247253, 74.304696, 'Magni beatae eaque explicabo in mollitia quisquam magnam facilis delectus voluptatem laudantium velit recusandae inventore doloribus.');
INSERT INTO ComplainantDetails VALUES (20483, 10483, 'Yoshita Dani', 23, 1, 1, 1, 1);
INSERT INTO Victim VALUES (30483, 10483, 'Mohini Rau', 18, 1, '0');
INSERT INTO Accused VALUES (40483, 10483, 'Harshil Parmer', 44, 1, 'A1');
INSERT INTO ActSectionAssociation VALUES (10483, 'IPC', '302', 1, 1);
INSERT INTO CaseMaster VALUES (10484, '304431005202600484', '202600484', '2023-11-27', 5049, 1005, 3, 1, 101, 201, 1, 453, '2023-11-27 10:00:00', '2023-11-27 11:00:00', '2023-11-27 09:00:00', 15.91925, 76.385168, 'Impedit quasi ducimus ab cupiditate adipisci tempore praesentium iure magni accusamus alias eos ad id.');
INSERT INTO ComplainantDetails VALUES (20484, 10484, 'Thomas Doctor', 35, 1, 1, 1, 1);
INSERT INTO Victim VALUES (30484, 10484, 'Thomas Mitter', 52, 1, '0');
INSERT INTO Accused VALUES (40484, 10484, 'Eshana Nazareth', 41, 1, 'A1');
INSERT INTO ActSectionAssociation VALUES (10484, 'IPC', '302', 1, 1);
INSERT INTO ArrestSurrender VALUES (50484, 10484, 1, '2023-11-27', 29, 443, 1005, 5049, 453, 40484, 1, 0);
INSERT INTO CaseMaster VALUES (10485, '304431005202400485', '202400485', '2023-08-24', 5038, 1005, 3, 1, 101, 201, 1, 453, '2023-08-20 10:00:00', '2023-08-20 11:00:00', '2023-08-24 09:00:00', 14.514738, 75.041513, 'Neque dignissimos provident incidunt sed eos illo soluta doloremque totam unde temporibus exercitationem asperiores adipisci explicabo dolorem facere.');
INSERT INTO ComplainantDetails VALUES (20485, 10485, 'Nakul Sane', 26, 1, 1, 1, 1);
INSERT INTO Victim VALUES (30485, 10485, 'Jasmit Mammen', 33, 1, '0');
INSERT INTO Accused VALUES (40485, 10485, 'Frederick Chokshi', 31, 1, 'A1');
INSERT INTO ActSectionAssociation VALUES (10485, 'IPC', '302', 1, 1);
INSERT INTO CaseMaster VALUES (10486, '304451002202600486', '202600486', '2024-02-17', 5021, 1002, 3, 1, 101, 201, 1, 455, '2024-02-17 10:00:00', '2024-02-17 11:00:00', '2024-02-17 09:00:00', 14.176936, 77.069368, 'Iure neque error eaque eius praesentium fuga sapiente culpa odio facere nulla.');
INSERT INTO ComplainantDetails VALUES (20486, 10486, 'Divya Gokhale', 58, 1, 1, 1, 1);
INSERT INTO Victim VALUES (30486, 10486, 'Gautami Dara', 37, 1, '0');
INSERT INTO Accused VALUES (40486, 10486, 'Mekhala Chowdhury', 47, 1, 'A1');
INSERT INTO ActSectionAssociation VALUES (10486, 'IPC', '302', 1, 1);
INSERT INTO CaseMaster VALUES (10487, '104441009202400487', '202400487', '2026-02-22', 5007, 1009, 1, 1, 101, 201, 1, 454, '2026-02-22 10:00:00', '2026-02-22 11:00:00', '2026-02-22 09:00:00', 17.24726, 74.316826, 'Deleniti optio nihil quasi ipsa repellendus numquam laborum fuga temporibus quo modi doloribus doloremque.');
INSERT INTO ComplainantDetails VALUES (20487, 10487, 'Prisha Deshmukh', 60, 1, 1, 1, 1);
INSERT INTO Victim VALUES (30487, 10487, 'Kritika Kata', 35, 1, '0');
INSERT INTO Accused VALUES (40487, 10487, 'Zayan Dasgupta', 34, 1, 'A1');
INSERT INTO ActSectionAssociation VALUES (10487, 'IPC', '302', 1, 1);
INSERT INTO ArrestSurrender VALUES (50487, 10487, 1, '2026-02-22', 29, 444, 1009, 5007, 454, 40487, 1, 0);
INSERT INTO CaseMaster VALUES (10488, '104451002202500488', '202500488', '2023-09-09', 5011, 1002, 1, 1, 101, 201, 1, 455, '2023-09-05 10:00:00', '2023-09-05 11:00:00', '2023-09-09 09:00:00', 13.71933, 74.039428, 'Omnis et voluptatibus illo distinctio omnis deleniti fugit magni nam id.');
INSERT INTO ComplainantDetails VALUES (20488, 10488, 'Isha Toor', 49, 1, 1, 1, 1);
INSERT INTO Victim VALUES (30488, 10488, 'Gagan Hegde', 58, 1, '0');
INSERT INTO Accused VALUES (40488, 10488, 'Ekavir Baral', 45, 1, 'A1');
INSERT INTO ActSectionAssociation VALUES (10488, 'IPC', '302', 1, 1);
INSERT INTO CaseMaster VALUES (10489, '304431007202300489', '202300489', '2023-12-08', 5028, 1007, 3, 1, 101, 201, 1, 453, '2023-12-07 10:00:00', '2023-12-07 11:00:00', '2023-12-08 09:00:00', 15.862224, 74.482152, 'Ducimus sit quas neque necessitatibus fugiat rerum nulla earum doloremque quibusdam id neque vel libero debitis recusandae perspiciatis exercitationem.');
INSERT INTO ComplainantDetails VALUES (20489, 10489, 'Jonathan Mann', 44, 1, 1, 1, 1);
INSERT INTO Victim VALUES (30489, 10489, 'Harita Sethi', 69, 1, '0');
INSERT INTO Accused VALUES (40489, 10489, 'Lavanya Om', 50, 1, 'A1');
INSERT INTO ActSectionAssociation VALUES (10489, 'IPC', '302', 1, 1);
INSERT INTO ArrestSurrender VALUES (50489, 10489, 1, '2023-12-08', 29, 443, 1007, 5028, 453, 40489, 1, 0);
INSERT INTO CaseMaster VALUES (10490, '304441006202400490', '202400490', '2026-05-30', 5043, 1006, 3, 1, 101, 201, 1, 454, '2026-05-27 10:00:00', '2026-05-27 11:00:00', '2026-05-30 09:00:00', 12.784607, 74.729552, 'Nostrum libero ducimus fugit autem sint sed sapiente itaque asperiores facilis ea ipsa saepe quisquam fugit.');
INSERT INTO ComplainantDetails VALUES (20490, 10490, 'Ekapad Kara', 32, 1, 1, 1, 1);
INSERT INTO Victim VALUES (30490, 10490, 'Urishilla Parsa', 57, 1, '0');
INSERT INTO Accused VALUES (40490, 10490, 'Tanveer Varma', 25, 1, 'A1');
INSERT INTO ActSectionAssociation VALUES (10490, 'IPC', '302', 1, 1);
INSERT INTO CaseMaster VALUES (10491, '304441008202300491', '202300491', '2026-04-01', 5039, 1008, 3, 1, 101, 201, 1, 454, '2026-03-27 10:00:00', '2026-03-27 11:00:00', '2026-04-01 09:00:00', 14.272341, 75.745481, 'Magnam veniam explicabo beatae ab laboriosam quae qui velit libero eaque veritatis accusantium.');
INSERT INTO ComplainantDetails VALUES (20491, 10491, 'Kashish Nagi', 46, 1, 1, 1, 1);
INSERT INTO Victim VALUES (30491, 10491, 'Bhavna Pingle', 42, 1, '0');
INSERT INTO Accused VALUES (40491, 10491, 'Zansi Srivastava', 55, 1, 'A1');
INSERT INTO ActSectionAssociation VALUES (10491, 'IPC', '302', 1, 1);
INSERT INTO ArrestSurrender VALUES (50491, 10491, 1, '2026-04-01', 29, 444, 1008, 5039, 454, 40491, 1, 0);
INSERT INTO CaseMaster VALUES (10492, '304451003202300492', '202300492', '2025-01-10', 5002, 1003, 3, 1, 101, 201, 1, 455, '2025-01-10 10:00:00', '2025-01-10 11:00:00', '2025-01-10 09:00:00', 14.220663, 75.037255, 'Doloribus delectus in voluptatem voluptatem impedit occaecati sapiente dolore magni distinctio debitis unde fuga sequi molestias.');
INSERT INTO ComplainantDetails VALUES (20492, 10492, 'Atharv Bora', 53, 1, 1, 1, 1);
INSERT INTO Victim VALUES (30492, 10492, 'Amrita Modi', 23, 1, '0');
INSERT INTO Accused VALUES (40492, 10492, 'Anirudh Gole', 47, 1, 'A1');
INSERT INTO ActSectionAssociation VALUES (10492, 'IPC', '302', 1, 1);
INSERT INTO ArrestSurrender VALUES (50492, 10492, 1, '2025-01-10', 29, 445, 1003, 5002, 455, 40492, 1, 0);
INSERT INTO CaseMaster VALUES (10493, '304441006202600493', '202600493', '2025-01-02', 5042, 1006, 3, 1, 101, 201, 1, 454, '2025-01-02 10:00:00', '2025-01-02 11:00:00', '2025-01-02 09:00:00', 13.361944, 77.647514, 'Dignissimos voluptas doloremque occaecati perferendis suscipit aspernatur incidunt numquam aperiam eaque assumenda excepturi neque quis recusandae tempore expedita earum.');
INSERT INTO ComplainantDetails VALUES (20493, 10493, 'Wyatt Magar', 55, 1, 1, 1, 1);
INSERT INTO Victim VALUES (30493, 10493, 'Frederick Rao', 69, 1, '0');
INSERT INTO Accused VALUES (40493, 10493, 'Chaaya Chaudhry', 47, 1, 'A1');
INSERT INTO ActSectionAssociation VALUES (10493, 'IPC', '302', 1, 1);
INSERT INTO ArrestSurrender VALUES (50493, 10493, 1, '2025-01-02', 29, 444, 1006, 5042, 454, 40493, 1, 0);
INSERT INTO CaseMaster VALUES (10494, '104451010202300494', '202300494', '2025-12-24', 5044, 1010, 1, 1, 101, 201, 1, 455, '2025-12-24 10:00:00', '2025-12-24 11:00:00', '2025-12-24 09:00:00', 15.203595, 76.562244, 'In reiciendis quas fuga perspiciatis eos iste suscipit dignissimos ut ut esse veniam eum atque.');
INSERT INTO ComplainantDetails VALUES (20494, 10494, 'Yagnesh Babu', 20, 1, 1, 1, 1);
INSERT INTO Victim VALUES (30494, 10494, 'Aarush Kanda', 45, 1, '0');
INSERT INTO Accused VALUES (40494, 10494, 'Fitan Dhaliwal', 41, 1, 'A1');
INSERT INTO ActSectionAssociation VALUES (10494, 'IPC', '302', 1, 1);
INSERT INTO ArrestSurrender VALUES (50494, 10494, 1, '2025-12-24', 29, 445, 1010, 5044, 455, 40494, 1, 0);
INSERT INTO CaseMaster VALUES (10495, '304451002202400495', '202400495', '2023-12-29', 5021, 1002, 3, 1, 101, 201, 1, 455, '2023-12-29 10:00:00', '2023-12-29 11:00:00', '2023-12-29 09:00:00', 17.704819, 77.253653, 'Aliquam fugiat eaque quae facilis eaque architecto quas dolorem odio velit.');
INSERT INTO ComplainantDetails VALUES (20495, 10495, 'Girik Patel', 54, 1, 1, 1, 1);
INSERT INTO Victim VALUES (30495, 10495, 'Eshana Kalla', 65, 1, '0');
INSERT INTO Accused VALUES (40495, 10495, 'Ekta Sandal', 19, 1, 'A1');
INSERT INTO ActSectionAssociation VALUES (10495, 'IPC', '302', 1, 1);
INSERT INTO CaseMaster VALUES (10496, '304451002202400496', '202400496', '2024-07-22', 5011, 1002, 3, 1, 101, 201, 1, 455, '2024-07-21 10:00:00', '2024-07-21 11:00:00', '2024-07-22 09:00:00', 13.036399, 75.276737, 'Id fuga aliquid distinctio optio repellat ab voluptatum explicabo consectetur ipsa itaque dolores quo modi voluptate dolorum.');
INSERT INTO ComplainantDetails VALUES (20496, 10496, 'Nisha Gour', 46, 1, 1, 1, 1);
INSERT INTO Victim VALUES (30496, 10496, 'Vrishti Bhavsar', 45, 1, '0');
INSERT INTO Accused VALUES (40496, 10496, 'Ekaraj More', 27, 1, 'A1');
INSERT INTO ActSectionAssociation VALUES (10496, 'IPC', '302', 1, 1);
INSERT INTO CaseMaster VALUES (10497, '104441008202400497', '202400497', '2025-03-17', 5046, 1008, 1, 1, 101, 201, 1, 454, '2025-03-13 10:00:00', '2025-03-13 11:00:00', '2025-03-17 09:00:00', 14.429784, 76.801844, 'Placeat ab nihil aperiam necessitatibus voluptas debitis non sint accusantium quae veniam error molestias nemo.');
INSERT INTO ComplainantDetails VALUES (20497, 10497, 'Benjamin Solanki', 37, 1, 1, 1, 1);
INSERT INTO Victim VALUES (30497, 10497, 'Kamala Dada', 48, 1, '0');
INSERT INTO Accused VALUES (40497, 10497, 'Abha Date', 31, 1, 'A1');
INSERT INTO ActSectionAssociation VALUES (10497, 'IPC', '302', 1, 1);
INSERT INTO ArrestSurrender VALUES (50497, 10497, 1, '2025-03-17', 29, 444, 1008, 5046, 454, 40497, 1, 0);
INSERT INTO CaseMaster VALUES (10498, '304431007202500498', '202500498', '2025-10-25', 5012, 1007, 3, 1, 101, 201, 1, 453, '2025-10-20 10:00:00', '2025-10-20 11:00:00', '2025-10-25 09:00:00', 14.375651, 74.270096, 'Eligendi eius dolorem esse facere eum accusamus vitae at nihil nam nam dolores est totam ea aperiam.');
INSERT INTO ComplainantDetails VALUES (20498, 10498, 'Ekiya Roy', 26, 1, 1, 1, 1);
INSERT INTO Victim VALUES (30498, 10498, 'Chavvi Bobal', 46, 1, '0');
INSERT INTO Accused VALUES (40498, 10498, 'Geetika Dey', 20, 1, 'A1');
INSERT INTO ActSectionAssociation VALUES (10498, 'IPC', '302', 1, 1);
INSERT INTO ArrestSurrender VALUES (50498, 10498, 1, '2025-10-25', 29, 443, 1007, 5012, 453, 40498, 1, 0);
INSERT INTO CaseMaster VALUES (10499, '104431004202500499', '202500499', '2025-11-01', 5021, 1004, 1, 1, 101, 201, 1, 453, '2025-10-30 10:00:00', '2025-10-30 11:00:00', '2025-11-01 09:00:00', 14.075577, 75.429393, 'Dolorum reiciendis aspernatur eaque inventore voluptate excepturi cumque iure.');
INSERT INTO ComplainantDetails VALUES (20499, 10499, 'Eta Gola', 28, 1, 1, 1, 1);
INSERT INTO Victim VALUES (30499, 10499, 'Wriddhish Dyal', 38, 1, '0');
INSERT INTO Accused VALUES (40499, 10499, 'Eesha Natt', 20, 1, 'A1');
INSERT INTO ActSectionAssociation VALUES (10499, 'IPC', '302', 1, 1);
INSERT INTO CaseMaster VALUES (10500, '104451002202400500', '202400500', '2026-04-29', 5023, 1002, 1, 1, 101, 201, 1, 455, '2026-04-27 10:00:00', '2026-04-27 11:00:00', '2026-04-29 09:00:00', 13.066967, 77.100484, 'Vero veniam consequuntur enim illum doloribus dolor blanditiis illum eius accusantium fugit.');
INSERT INTO ComplainantDetails VALUES (20500, 10500, 'Matthew Reddy', 23, 1, 1, 1, 1);
INSERT INTO Victim VALUES (30500, 10500, 'Krisha Char', 48, 1, '0');
INSERT INTO Accused VALUES (40500, 10500, 'Xiti Pall', 51, 1, 'A1');
INSERT INTO ActSectionAssociation VALUES (10500, 'IPC', '302', 1, 1);
INSERT INTO CaseMaster VALUES (10501, '304451003202600501', '202600501', '2026-04-05', 5001, 1003, 3, 1, 101, 201, 1, 455, '2026-04-02 10:00:00', '2026-04-02 11:00:00', '2026-04-05 09:00:00', 13.696655, 75.042361, 'Vitae voluptatibus voluptas hic assumenda aliquid commodi a vero.');
INSERT INTO ComplainantDetails VALUES (20501, 10501, 'Charan Pandya', 24, 1, 1, 1, 1);
INSERT INTO Victim VALUES (30501, 10501, 'Quincy Kuruvilla', 20, 1, '0');
INSERT INTO Accused VALUES (40501, 10501, 'Radha Bhatti', 33, 1, 'A1');
INSERT INTO ActSectionAssociation VALUES (10501, 'IPC', '302', 1, 1);
INSERT INTO CaseMaster VALUES (10502, '104441008202500502', '202500502', '2026-06-18', 5005, 1008, 1, 1, 101, 201, 1, 454, '2026-06-17 10:00:00', '2026-06-17 11:00:00', '2026-06-18 09:00:00', 17.737895, 74.856677, 'Reiciendis cupiditate ex esse quas harum cupiditate eveniet optio id autem sunt mollitia dolore suscipit nisi animi minus.');
INSERT INTO ComplainantDetails VALUES (20502, 10502, 'Timothy Nori', 58, 1, 1, 1, 1);
INSERT INTO Victim VALUES (30502, 10502, 'Varsha Shukla', 29, 1, '0');
INSERT INTO Accused VALUES (40502, 10502, 'Aayush Swamy', 51, 1, 'A1');
INSERT INTO ActSectionAssociation VALUES (10502, 'IPC', '302', 1, 1);
INSERT INTO ArrestSurrender VALUES (50502, 10502, 1, '2026-06-18', 29, 444, 1008, 5005, 454, 40502, 1, 0);
INSERT INTO CaseMaster VALUES (10503, '104451002202400503', '202400503', '2026-02-11', 5008, 1002, 1, 1, 101, 201, 1, 455, '2026-02-07 10:00:00', '2026-02-07 11:00:00', '2026-02-11 09:00:00', 13.996898, 74.369677, 'Delectus totam eius vel veritatis fugiat tenetur laudantium aut reprehenderit dolorem nostrum reprehenderit molestiae provident vitae libero nulla deserunt accusamus.');
INSERT INTO ComplainantDetails VALUES (20503, 10503, 'Dev Guha', 60, 1, 1, 1, 1);
INSERT INTO Victim VALUES (30503, 10503, 'Laksh Oak', 52, 1, '0');
INSERT INTO Accused VALUES (40503, 10503, 'Vrinda Toor', 32, 1, 'A1');
INSERT INTO ActSectionAssociation VALUES (10503, 'IPC', '302', 1, 1);
INSERT INTO CaseMaster VALUES (10504, '104451002202600504', '202600504', '2026-03-24', 5049, 1002, 1, 1, 101, 201, 1, 455, '2026-03-23 10:00:00', '2026-03-23 11:00:00', '2026-03-24 09:00:00', 12.613015, 74.59863, 'Officiis nostrum asperiores nesciunt dolore odio dolorum eos iusto quia alias nisi asperiores officia nulla quis.');
INSERT INTO ComplainantDetails VALUES (20504, 10504, 'Jai Kunda', 48, 1, 1, 1, 1);
INSERT INTO Victim VALUES (30504, 10504, 'Reva Rattan', 30, 1, '0');
INSERT INTO Accused VALUES (40504, 10504, 'Indira Badami', 38, 1, 'A1');
INSERT INTO ActSectionAssociation VALUES (10504, 'IPC', '302', 1, 1);
INSERT INTO ArrestSurrender VALUES (50504, 10504, 1, '2026-03-24', 29, 445, 1002, 5049, 455, 40504, 1, 0);
INSERT INTO CaseMaster VALUES (10505, '104451010202600505', '202600505', '2024-10-13', 5022, 1010, 1, 1, 101, 201, 1, 455, '2024-10-11 10:00:00', '2024-10-11 11:00:00', '2024-10-13 09:00:00', 12.528405, 74.722866, 'Ipsa ut adipisci harum distinctio fugiat iure sapiente esse officia in eaque natus distinctio commodi repellat nesciunt.');
INSERT INTO ComplainantDetails VALUES (20505, 10505, 'Chaman Vig', 37, 1, 1, 1, 1);
INSERT INTO Victim VALUES (30505, 10505, 'Yashasvi Raman', 32, 1, '0');
INSERT INTO Accused VALUES (40505, 10505, 'Falak Buch', 31, 1, 'A1');
INSERT INTO ActSectionAssociation VALUES (10505, 'IPC', '302', 1, 1);
INSERT INTO ArrestSurrender VALUES (50505, 10505, 1, '2024-10-13', 29, 445, 1010, 5022, 455, 40505, 1, 0);
INSERT INTO CaseMaster VALUES (10506, '304441006202600506', '202600506', '2023-08-22', 5018, 1006, 3, 1, 101, 201, 1, 454, '2023-08-17 10:00:00', '2023-08-17 11:00:00', '2023-08-22 09:00:00', 16.366649, 77.921251, 'Quam cumque debitis molestiae officia minima aut unde facere labore natus dolores omnis aspernatur aut quaerat.');
INSERT INTO ComplainantDetails VALUES (20506, 10506, 'Aarush Merchant', 56, 1, 1, 1, 1);
INSERT INTO Victim VALUES (30506, 10506, 'Gaurika Natt', 43, 1, '0');
INSERT INTO Accused VALUES (40506, 10506, 'Liam Chatterjee', 43, 1, 'A1');
INSERT INTO ActSectionAssociation VALUES (10506, 'IPC', '302', 1, 1);
INSERT INTO CaseMaster VALUES (10507, '104441009202500507', '202500507', '2023-07-28', 5032, 1009, 1, 1, 101, 201, 1, 454, '2023-07-24 10:00:00', '2023-07-24 11:00:00', '2023-07-28 09:00:00', 16.077419, 75.778401, 'Vero voluptas saepe quos itaque esse at quasi facilis culpa vel eius saepe sed.');
INSERT INTO ComplainantDetails VALUES (20507, 10507, 'Baghyawati Borra', 27, 1, 1, 1, 1);
INSERT INTO Victim VALUES (30507, 10507, 'Faris Purohit', 36, 1, '0');
INSERT INTO Accused VALUES (40507, 10507, 'Oviya Pall', 32, 1, 'A1');
INSERT INTO ActSectionAssociation VALUES (10507, 'IPC', '302', 1, 1);
INSERT INTO ArrestSurrender VALUES (50507, 10507, 1, '2023-07-28', 29, 444, 1009, 5032, 454, 40507, 1, 0);
INSERT INTO CaseMaster VALUES (10508, '104441006202500508', '202500508', '2026-04-10', 5036, 1006, 1, 1, 101, 201, 1, 454, '2026-04-06 10:00:00', '2026-04-06 11:00:00', '2026-04-10 09:00:00', 15.879409, 77.448203, 'Delectus quod veniam deserunt nesciunt esse omnis magni itaque quibusdam sapiente corrupti a iusto inventore neque impedit velit.');
INSERT INTO ComplainantDetails VALUES (20508, 10508, 'Eiravati Kamdar', 20, 1, 1, 1, 1);
INSERT INTO Victim VALUES (30508, 10508, 'Charles Sengupta', 23, 1, '0');
INSERT INTO Accused VALUES (40508, 10508, 'Ekansh Soni', 29, 1, 'A1');
INSERT INTO ActSectionAssociation VALUES (10508, 'IPC', '302', 1, 1);
INSERT INTO CaseMaster VALUES (10509, '104431007202600509', '202600509', '2023-12-10', 5001, 1007, 1, 1, 101, 201, 1, 453, '2023-12-10 10:00:00', '2023-12-10 11:00:00', '2023-12-10 09:00:00', 17.711753, 75.728777, 'Vitae ipsam nemo voluptatibus eos omnis voluptate quidem omnis nesciunt eaque nostrum consequatur.');
INSERT INTO ComplainantDetails VALUES (20509, 10509, 'Hemangini Nanda', 25, 1, 1, 1, 1);
INSERT INTO Victim VALUES (30509, 10509, 'Christopher Kapoor', 63, 1, '0');
INSERT INTO Accused VALUES (40509, 10509, 'Joshua Handa', 46, 1, 'A1');
INSERT INTO ActSectionAssociation VALUES (10509, 'IPC', '302', 1, 1);
INSERT INTO ArrestSurrender VALUES (50509, 10509, 1, '2023-12-10', 29, 443, 1007, 5001, 453, 40509, 1, 0);
INSERT INTO CaseMaster VALUES (10510, '104441006202400510', '202400510', '2024-02-04', 5032, 1006, 1, 1, 101, 201, 1, 454, '2024-02-04 10:00:00', '2024-02-04 11:00:00', '2024-02-04 09:00:00', 12.719788, 76.262838, 'Sit natus corrupti veniam totam earum dignissimos atque sequi modi maxime illum labore aliquid.');
INSERT INTO ComplainantDetails VALUES (20510, 10510, 'Indrajit Prabhakar', 44, 1, 1, 1, 1);
INSERT INTO Victim VALUES (30510, 10510, 'Christopher Kakar', 21, 1, '0');
INSERT INTO Accused VALUES (40510, 10510, 'Bhavya Rastogi', 24, 1, 'A1');
INSERT INTO ActSectionAssociation VALUES (10510, 'IPC', '302', 1, 1);
INSERT INTO CaseMaster VALUES (10511, '104431005202400511', '202400511', '2023-08-03', 5003, 1005, 1, 1, 101, 201, 1, 453, '2023-08-01 10:00:00', '2023-08-01 11:00:00', '2023-08-03 09:00:00', 15.691419, 74.82186, 'Assumenda sunt eveniet ut totam nam praesentium qui quo tempore quas fugiat occaecati suscipit accusamus.');
INSERT INTO ComplainantDetails VALUES (20511, 10511, 'Yoshita Grover', 49, 1, 1, 1, 1);
INSERT INTO Victim VALUES (30511, 10511, 'Harita Garde', 23, 1, '0');
INSERT INTO Accused VALUES (40511, 10511, 'Balendra Kohli', 20, 1, 'A1');
INSERT INTO ActSectionAssociation VALUES (10511, 'IPC', '302', 1, 1);
INSERT INTO CaseMaster VALUES (10512, '304431007202500512', '202500512', '2026-05-15', 5050, 1007, 3, 1, 101, 201, 1, 453, '2026-05-11 10:00:00', '2026-05-11 11:00:00', '2026-05-15 09:00:00', 17.611033, 75.331585, 'Sint excepturi maiores natus quidem ab deleniti blanditiis modi a facilis ducimus corrupti.');
INSERT INTO ComplainantDetails VALUES (20512, 10512, 'Zarna Tailor', 47, 1, 1, 1, 1);
INSERT INTO Victim VALUES (30512, 10512, 'Megha Naik', 44, 1, '0');
INSERT INTO Accused VALUES (40512, 10512, 'Yahvi Murthy', 40, 1, 'A1');
INSERT INTO ActSectionAssociation VALUES (10512, 'IPC', '302', 1, 1);
INSERT INTO ArrestSurrender VALUES (50512, 10512, 1, '2026-05-15', 29, 443, 1007, 5050, 453, 40512, 1, 0);
INSERT INTO CaseMaster VALUES (10513, '104431005202300513', '202300513', '2025-06-06', 5013, 1005, 1, 1, 101, 201, 1, 453, '2025-06-05 10:00:00', '2025-06-05 11:00:00', '2025-06-06 09:00:00', 16.354376, 76.2451, 'Laborum hic praesentium aliquid cupiditate quidem quos at eius eveniet tempore qui voluptates sunt delectus dolor.');
INSERT INTO ComplainantDetails VALUES (20513, 10513, 'Chaaya Sharaf', 44, 1, 1, 1, 1);
INSERT INTO Victim VALUES (30513, 10513, 'Nathaniel Ganesan', 25, 1, '0');
INSERT INTO Accused VALUES (40513, 10513, 'Ryan Chahal', 26, 1, 'A1');
INSERT INTO ActSectionAssociation VALUES (10513, 'IPC', '302', 1, 1);
INSERT INTO CaseMaster VALUES (10514, '304431004202500514', '202500514', '2024-08-10', 5003, 1004, 3, 1, 101, 201, 1, 453, '2024-08-10 10:00:00', '2024-08-10 11:00:00', '2024-08-10 09:00:00', 13.632628, 77.718339, 'Quasi corrupti maxime quam nulla consequatur laborum fugit mollitia occaecati quaerat similique.');
INSERT INTO ComplainantDetails VALUES (20514, 10514, 'Tara Mane', 25, 1, 1, 1, 1);
INSERT INTO Victim VALUES (30514, 10514, 'Veer Pant', 63, 1, '0');
INSERT INTO Accused VALUES (40514, 10514, 'Girish Taneja', 42, 1, 'A1');
INSERT INTO ActSectionAssociation VALUES (10514, 'IPC', '302', 1, 1);
INSERT INTO CaseMaster VALUES (10515, '304441006202600515', '202600515', '2025-11-12', 5003, 1006, 3, 1, 101, 201, 1, 454, '2025-11-11 10:00:00', '2025-11-11 11:00:00', '2025-11-12 09:00:00', 15.457437, 77.578704, 'Veritatis sed sint amet optio tempore nam necessitatibus assumenda laborum vitae corrupti consequuntur.');
INSERT INTO ComplainantDetails VALUES (20515, 10515, 'Henry Sarna', 42, 1, 1, 1, 1);
INSERT INTO Victim VALUES (30515, 10515, 'Ridhi Bhat', 24, 1, '0');
INSERT INTO Accused VALUES (40515, 10515, 'Yochana Chacko', 23, 1, 'A1');
INSERT INTO ActSectionAssociation VALUES (10515, 'IPC', '302', 1, 1);
INSERT INTO ArrestSurrender VALUES (50515, 10515, 1, '2025-11-12', 29, 444, 1006, 5003, 454, 40515, 1, 0);
INSERT INTO CaseMaster VALUES (10516, '104431005202600516', '202600516', '2024-03-12', 5025, 1005, 1, 1, 101, 201, 1, 453, '2024-03-12 10:00:00', '2024-03-12 11:00:00', '2024-03-12 09:00:00', 17.242188, 74.511798, 'Quo iure illum vitae ex adipisci fuga natus animi eveniet tenetur.');
INSERT INTO ComplainantDetails VALUES (20516, 10516, 'Dakshesh Bhatt', 57, 1, 1, 1, 1);
INSERT INTO Victim VALUES (30516, 10516, 'Riya Narain', 57, 1, '0');
INSERT INTO Accused VALUES (40516, 10516, 'Vihaan Kalla', 20, 1, 'A1');
INSERT INTO ActSectionAssociation VALUES (10516, 'IPC', '302', 1, 1);
INSERT INTO ArrestSurrender VALUES (50516, 10516, 1, '2024-03-12', 29, 443, 1005, 5025, 453, 40516, 1, 0);
INSERT INTO CaseMaster VALUES (10517, '304441008202400517', '202400517', '2025-11-06', 5016, 1008, 3, 1, 101, 201, 1, 454, '2025-11-03 10:00:00', '2025-11-03 11:00:00', '2025-11-06 09:00:00', 16.064694, 76.031691, 'Sequi molestias adipisci vel provident nihil id illum esse doloribus labore.');
INSERT INTO ComplainantDetails VALUES (20517, 10517, 'Vamakshi Kala', 32, 1, 1, 1, 1);
INSERT INTO Victim VALUES (30517, 10517, 'Kavya Sarkar', 67, 1, '0');
INSERT INTO Accused VALUES (40517, 10517, 'Ryan Nagy', 54, 1, 'A1');
INSERT INTO ActSectionAssociation VALUES (10517, 'IPC', '302', 1, 1);
INSERT INTO CaseMaster VALUES (10518, '104431004202500518', '202500518', '2026-04-12', 5048, 1004, 1, 1, 101, 201, 1, 453, '2026-04-10 10:00:00', '2026-04-10 11:00:00', '2026-04-12 09:00:00', 15.828276, 77.902763, 'Blanditiis iure asperiores vero corporis tempora dolores amet quo ex laborum architecto sed distinctio voluptate a cum laudantium saepe recusandae.');
INSERT INTO ComplainantDetails VALUES (20518, 10518, 'Anika Wali', 32, 1, 1, 1, 1);
INSERT INTO Victim VALUES (30518, 10518, 'Ekaja Dasgupta', 57, 1, '0');
INSERT INTO Accused VALUES (40518, 10518, 'Rachita Bakshi', 20, 1, 'A1');
INSERT INTO ActSectionAssociation VALUES (10518, 'IPC', '302', 1, 1);
INSERT INTO ArrestSurrender VALUES (50518, 10518, 1, '2026-04-12', 29, 443, 1004, 5048, 453, 40518, 1, 0);
INSERT INTO CaseMaster VALUES (10519, '104441008202300519', '202300519', '2024-06-04', 5039, 1008, 1, 1, 101, 201, 1, 454, '2024-06-03 10:00:00', '2024-06-03 11:00:00', '2024-06-04 09:00:00', 12.860038, 74.802616, 'Ex reprehenderit esse unde cupiditate voluptatem aliquid suscipit sit accusamus magni praesentium nulla deserunt placeat.');
INSERT INTO ComplainantDetails VALUES (20519, 10519, 'Arjun Das', 24, 1, 1, 1, 1);
INSERT INTO Victim VALUES (30519, 10519, 'Abdul Hari', 31, 1, '0');
INSERT INTO Accused VALUES (40519, 10519, 'Fitan Tella', 34, 1, 'A1');
INSERT INTO ActSectionAssociation VALUES (10519, 'IPC', '302', 1, 1);
INSERT INTO ArrestSurrender VALUES (50519, 10519, 1, '2024-06-04', 29, 444, 1008, 5039, 454, 40519, 1, 0);
INSERT INTO CaseMaster VALUES (10520, '304441008202600520', '202600520', '2024-07-17', 5004, 1008, 3, 1, 101, 201, 1, 454, '2024-07-15 10:00:00', '2024-07-15 11:00:00', '2024-07-17 09:00:00', 14.44775, 75.329278, 'Vero architecto omnis dolores doloremque laboriosam odit quisquam eos doloribus qui ipsum.');
INSERT INTO ComplainantDetails VALUES (20520, 10520, 'Hema Chawla', 26, 1, 1, 1, 1);
INSERT INTO Victim VALUES (30520, 10520, 'Omaja Chacko', 69, 1, '0');
INSERT INTO Accused VALUES (40520, 10520, 'Tara Balasubramanian', 33, 1, 'A1');
INSERT INTO ActSectionAssociation VALUES (10520, 'IPC', '302', 1, 1);
INSERT INTO CaseMaster VALUES (10521, '104431004202300521', '202300521', '2025-03-04', 5013, 1004, 1, 1, 101, 201, 1, 453, '2025-03-02 10:00:00', '2025-03-02 11:00:00', '2025-03-04 09:00:00', 16.413544, 75.660626, 'Corrupti consectetur dicta exercitationem unde repellat illum eaque tenetur cum quas molestias molestias tempore distinctio consequatur.');
INSERT INTO ComplainantDetails VALUES (20521, 10521, 'Arya Mohan', 29, 1, 1, 1, 1);
INSERT INTO Victim VALUES (30521, 10521, 'Daksha Saha', 58, 1, '0');
INSERT INTO Accused VALUES (40521, 10521, 'Agastya Pradhan', 38, 1, 'A1');
INSERT INTO ActSectionAssociation VALUES (10521, 'IPC', '302', 1, 1);
INSERT INTO ArrestSurrender VALUES (50521, 10521, 1, '2025-03-04', 29, 443, 1004, 5013, 453, 40521, 1, 0);
INSERT INTO CaseMaster VALUES (10522, '304441006202300522', '202300522', '2025-01-16', 5044, 1006, 3, 1, 101, 201, 1, 454, '2025-01-12 10:00:00', '2025-01-12 11:00:00', '2025-01-16 09:00:00', 16.475198, 74.089799, 'Unde velit id nihil unde quis voluptas doloribus vel nemo nihil sequi qui velit deleniti voluptates iste ut.');
INSERT INTO ComplainantDetails VALUES (20522, 10522, 'Bhanumati Dugal', 54, 1, 1, 1, 1);
INSERT INTO Victim VALUES (30522, 10522, 'Faris Datta', 35, 1, '0');
INSERT INTO Accused VALUES (40522, 10522, 'Gayathri Vora', 55, 1, 'A1');
INSERT INTO ActSectionAssociation VALUES (10522, 'IPC', '302', 1, 1);
INSERT INTO CaseMaster VALUES (10523, '104451010202300523', '202300523', '2023-07-16', 5012, 1010, 1, 1, 101, 201, 1, 455, '2023-07-15 10:00:00', '2023-07-15 11:00:00', '2023-07-16 09:00:00', 15.798573, 76.062322, 'Nam recusandae quaerat distinctio doloribus quos autem deleniti ex occaecati rem amet.');
INSERT INTO ComplainantDetails VALUES (20523, 10523, 'Raghav Loyal', 27, 1, 1, 1, 1);
INSERT INTO Victim VALUES (30523, 10523, 'Ojasvi Prakash', 57, 1, '0');
INSERT INTO Accused VALUES (40523, 10523, 'Quincy Shroff', 18, 1, 'A1');
INSERT INTO ActSectionAssociation VALUES (10523, 'IPC', '302', 1, 1);
INSERT INTO CaseMaster VALUES (10524, '304431005202500524', '202500524', '2026-01-28', 5009, 1005, 3, 1, 101, 201, 1, 453, '2026-01-25 10:00:00', '2026-01-25 11:00:00', '2026-01-28 09:00:00', 13.99128, 77.907488, 'Dolores dolorem vel qui saepe repellendus atque id consequatur possimus atque iure aspernatur consequatur.');
INSERT INTO ComplainantDetails VALUES (20524, 10524, 'Tejas Bera', 53, 1, 1, 1, 1);
INSERT INTO Victim VALUES (30524, 10524, 'Chakradhar Mangal', 30, 1, '0');
INSERT INTO Accused VALUES (40524, 10524, 'Zinal Gade', 33, 1, 'A1');
INSERT INTO ActSectionAssociation VALUES (10524, 'IPC', '302', 1, 1);
INSERT INTO ArrestSurrender VALUES (50524, 10524, 1, '2026-01-28', 29, 443, 1005, 5009, 453, 40524, 1, 0);
INSERT INTO CaseMaster VALUES (10525, '104431004202300525', '202300525', '2025-11-10', 5004, 1004, 1, 1, 101, 201, 1, 453, '2025-11-07 10:00:00', '2025-11-07 11:00:00', '2025-11-10 09:00:00', 17.74184, 77.194966, 'Rem asperiores animi dolor cumque explicabo magnam id itaque recusandae vel debitis unde asperiores incidunt quod.');
INSERT INTO ComplainantDetails VALUES (20525, 10525, 'Nachiket Tandon', 33, 1, 1, 1, 1);
INSERT INTO Victim VALUES (30525, 10525, 'Joshua Ramaswamy', 25, 1, '0');
INSERT INTO Accused VALUES (40525, 10525, 'Pahal Dutta', 28, 1, 'A1');
INSERT INTO ActSectionAssociation VALUES (10525, 'IPC', '302', 1, 1);
INSERT INTO ArrestSurrender VALUES (50525, 10525, 1, '2025-11-10', 29, 443, 1004, 5004, 453, 40525, 1, 0);
INSERT INTO CaseMaster VALUES (10526, '304451010202300526', '202300526', '2023-08-16', 5047, 1010, 3, 1, 101, 201, 1, 455, '2023-08-16 10:00:00', '2023-08-16 11:00:00', '2023-08-16 09:00:00', 12.467485, 74.682569, 'Corrupti inventore excepturi eaque saepe quidem reiciendis quam natus excepturi quasi autem voluptatibus quasi recusandae a laborum provident.');
INSERT INTO ComplainantDetails VALUES (20526, 10526, 'Pavani Deshmukh', 35, 1, 1, 1, 1);
INSERT INTO Victim VALUES (30526, 10526, 'Simon Raja', 43, 1, '0');
INSERT INTO Accused VALUES (40526, 10526, 'Neelima Jain', 23, 1, 'A1');
INSERT INTO ActSectionAssociation VALUES (10526, 'IPC', '302', 1, 1);
INSERT INTO ArrestSurrender VALUES (50526, 10526, 1, '2023-08-16', 29, 445, 1010, 5047, 455, 40526, 1, 0);
INSERT INTO CaseMaster VALUES (10527, '104441008202500527', '202500527', '2026-02-20', 5038, 1008, 1, 1, 101, 201, 1, 454, '2026-02-15 10:00:00', '2026-02-15 11:00:00', '2026-02-20 09:00:00', 17.117754, 74.15083, 'Iure esse dolor cum rem modi consectetur doloribus repellat at dolore vitae.');
INSERT INTO ComplainantDetails VALUES (20527, 10527, 'Anmol Kothari', 40, 1, 1, 1, 1);
INSERT INTO Victim VALUES (30527, 10527, 'Jeevika Gour', 26, 1, '0');
INSERT INTO Accused VALUES (40527, 10527, 'Thomas Reddy', 23, 1, 'A1');
INSERT INTO ActSectionAssociation VALUES (10527, 'IPC', '302', 1, 1);
INSERT INTO ArrestSurrender VALUES (50527, 10527, 1, '2026-02-20', 29, 444, 1008, 5038, 454, 40527, 1, 0);
INSERT INTO CaseMaster VALUES (10528, '304431005202500528', '202500528', '2025-02-21', 5046, 1005, 3, 1, 101, 201, 1, 453, '2025-02-16 10:00:00', '2025-02-16 11:00:00', '2025-02-21 09:00:00', 17.421809, 75.779527, 'Magni labore eaque earum illo mollitia accusantium laudantium quos autem eaque.');
INSERT INTO ComplainantDetails VALUES (20528, 10528, 'Jonathan Mahajan', 37, 1, 1, 1, 1);
INSERT INTO Victim VALUES (30528, 10528, 'Yauvani Sethi', 58, 1, '0');
INSERT INTO Accused VALUES (40528, 10528, 'Om Nadig', 30, 1, 'A1');
INSERT INTO ActSectionAssociation VALUES (10528, 'IPC', '302', 1, 1);
INSERT INTO CaseMaster VALUES (10529, '104441009202600529', '202600529', '2025-04-05', 5017, 1009, 1, 1, 101, 201, 1, 454, '2025-04-02 10:00:00', '2025-04-02 11:00:00', '2025-04-05 09:00:00', 16.267543, 74.976945, 'Repudiandae non qui occaecati officiis quo rerum eligendi nesciunt ducimus necessitatibus.');
INSERT INTO ComplainantDetails VALUES (20529, 10529, 'Dakshesh Vaidya', 39, 1, 1, 1, 1);
INSERT INTO Victim VALUES (30529, 10529, 'Netra Jain', 28, 1, '0');
INSERT INTO Accused VALUES (40529, 10529, 'Gabriel Mani', 39, 1, 'A1');
INSERT INTO ActSectionAssociation VALUES (10529, 'IPC', '302', 1, 1);
INSERT INTO ArrestSurrender VALUES (50529, 10529, 1, '2025-04-05', 29, 444, 1009, 5017, 454, 40529, 1, 0);
INSERT INTO CaseMaster VALUES (10530, '304441009202300530', '202300530', '2025-03-27', 5026, 1009, 3, 1, 101, 201, 1, 454, '2025-03-24 10:00:00', '2025-03-24 11:00:00', '2025-03-27 09:00:00', 17.076146, 76.983311, 'Nobis repellendus doloribus beatae consequuntur vitae soluta odio voluptatem.');
INSERT INTO ComplainantDetails VALUES (20530, 10530, 'Omisha Rajan', 27, 1, 1, 1, 1);
INSERT INTO Victim VALUES (30530, 10530, 'Laban Jhaveri', 58, 1, '0');
INSERT INTO Accused VALUES (40530, 10530, 'Zinal Prabhakar', 55, 1, 'A1');
INSERT INTO ActSectionAssociation VALUES (10530, 'IPC', '302', 1, 1);
INSERT INTO ArrestSurrender VALUES (50530, 10530, 1, '2025-03-27', 29, 444, 1009, 5026, 454, 40530, 1, 0);
INSERT INTO CaseMaster VALUES (10531, '304441009202300531', '202300531', '2024-05-02', 5021, 1009, 3, 1, 101, 201, 1, 454, '2024-04-29 10:00:00', '2024-04-29 11:00:00', '2024-05-02 09:00:00', 13.887099, 77.206335, 'Minus saepe eius vel ratione dolor asperiores laborum laborum amet deserunt ab voluptates consectetur enim doloribus.');
INSERT INTO ComplainantDetails VALUES (20531, 10531, 'Anjali Sawhney', 39, 1, 1, 1, 1);
INSERT INTO Victim VALUES (30531, 10531, 'Leela Kaur', 35, 1, '0');
INSERT INTO Accused VALUES (40531, 10531, 'Pahal Kanda', 21, 1, 'A1');
INSERT INTO ActSectionAssociation VALUES (10531, 'IPC', '302', 1, 1);
INSERT INTO CaseMaster VALUES (10532, '104451002202400532', '202400532', '2024-11-10', 5022, 1002, 1, 1, 101, 201, 1, 455, '2024-11-07 10:00:00', '2024-11-07 11:00:00', '2024-11-10 09:00:00', 13.877824, 77.005893, 'Saepe odio delectus at illum temporibus molestiae possimus a repudiandae.');
INSERT INTO ComplainantDetails VALUES (20532, 10532, 'Lipika Chahal', 50, 1, 1, 1, 1);
INSERT INTO Victim VALUES (30532, 10532, 'Urmi Mandal', 30, 1, '0');
INSERT INTO Accused VALUES (40532, 10532, 'Darsh Ramanathan', 23, 1, 'A1');
INSERT INTO ActSectionAssociation VALUES (10532, 'IPC', '302', 1, 1);
INSERT INTO ArrestSurrender VALUES (50532, 10532, 1, '2024-11-10', 29, 445, 1002, 5022, 455, 40532, 1, 0);
INSERT INTO CaseMaster VALUES (10533, '104451010202600533', '202600533', '2026-05-04', 5016, 1010, 1, 1, 101, 201, 1, 455, '2026-05-04 10:00:00', '2026-05-04 11:00:00', '2026-05-04 09:00:00', 15.977662, 76.918222, 'Totam ipsa consequatur iure sequi culpa blanditiis reprehenderit officia ipsam praesentium recusandae cupiditate deserunt perspiciatis aperiam optio id ullam molestias.');
INSERT INTO ComplainantDetails VALUES (20533, 10533, 'Nakul Parekh', 55, 1, 1, 1, 1);
INSERT INTO Victim VALUES (30533, 10533, 'Brinda Dhingra', 28, 1, '0');
INSERT INTO Accused VALUES (40533, 10533, 'Isha Khalsa', 25, 1, 'A1');
INSERT INTO ActSectionAssociation VALUES (10533, 'IPC', '302', 1, 1);
INSERT INTO ArrestSurrender VALUES (50533, 10533, 1, '2026-05-04', 29, 445, 1010, 5016, 455, 40533, 1, 0);
INSERT INTO CaseMaster VALUES (10534, '104451001202400534', '202400534', '2024-02-02', 5030, 1001, 1, 1, 101, 201, 1, 455, '2024-01-31 10:00:00', '2024-01-31 11:00:00', '2024-02-02 09:00:00', 16.683428, 74.58933, 'Ipsam vel porro quae asperiores laborum molestias cumque repellendus ut excepturi ex expedita eveniet reiciendis totam molestias sequi molestias.');
INSERT INTO ComplainantDetails VALUES (20534, 10534, 'Akshay Sandal', 44, 1, 1, 1, 1);
INSERT INTO Victim VALUES (30534, 10534, 'Ishita Ravi', 43, 1, '0');
INSERT INTO Accused VALUES (40534, 10534, 'Deepa Sura', 46, 1, 'A1');
INSERT INTO ActSectionAssociation VALUES (10534, 'IPC', '302', 1, 1);
INSERT INTO CaseMaster VALUES (10535, '304451010202300535', '202300535', '2025-10-19', 5040, 1010, 3, 1, 101, 201, 1, 455, '2025-10-14 10:00:00', '2025-10-14 11:00:00', '2025-10-19 09:00:00', 12.143913, 75.881233, 'Ad earum autem cum ut dolorem illo deserunt nulla molestiae eveniet nostrum vero.');
INSERT INTO ComplainantDetails VALUES (20535, 10535, 'Qadim Ramesh', 41, 1, 1, 1, 1);
INSERT INTO Victim VALUES (30535, 10535, 'Xalak Bhattacharyya', 44, 1, '0');
INSERT INTO Accused VALUES (40535, 10535, 'Joshua Nair', 31, 1, 'A1');
INSERT INTO ActSectionAssociation VALUES (10535, 'IPC', '302', 1, 1);
INSERT INTO CaseMaster VALUES (10536, '304431004202400536', '202400536', '2026-07-10', 5026, 1004, 3, 1, 101, 201, 1, 453, '2026-07-07 10:00:00', '2026-07-07 11:00:00', '2026-07-10 09:00:00', 13.811525, 75.237871, 'Ut ipsam occaecati magni nemo aliquam nam maiores quo.');
INSERT INTO ComplainantDetails VALUES (20536, 10536, 'Saumya Wadhwa', 37, 1, 1, 1, 1);
INSERT INTO Victim VALUES (30536, 10536, 'Sachi Pillai', 25, 1, '0');
INSERT INTO Accused VALUES (40536, 10536, 'Chakradev Sabharwal', 20, 1, 'A1');
INSERT INTO ActSectionAssociation VALUES (10536, 'IPC', '302', 1, 1);
INSERT INTO CaseMaster VALUES (10537, '304431005202300537', '202300537', '2023-08-28', 5025, 1005, 3, 1, 101, 201, 1, 453, '2023-08-24 10:00:00', '2023-08-24 11:00:00', '2023-08-28 09:00:00', 12.231009, 74.06169, 'Ducimus optio debitis neque quam earum commodi aut rem placeat quaerat dicta nobis unde minus exercitationem.');
INSERT INTO ComplainantDetails VALUES (20537, 10537, 'Timothy Ramaswamy', 33, 1, 1, 1, 1);
INSERT INTO Victim VALUES (30537, 10537, 'Radhika Sood', 40, 1, '0');
INSERT INTO Accused VALUES (40537, 10537, 'Anika Borra', 55, 1, 'A1');
INSERT INTO ActSectionAssociation VALUES (10537, 'IPC', '302', 1, 1);
INSERT INTO ArrestSurrender VALUES (50537, 10537, 1, '2023-08-28', 29, 443, 1005, 5025, 453, 40537, 1, 0);
INSERT INTO CaseMaster VALUES (10538, '104431004202600538', '202600538', '2023-12-16', 5017, 1004, 1, 1, 101, 201, 1, 453, '2023-12-12 10:00:00', '2023-12-12 11:00:00', '2023-12-16 09:00:00', 15.561756, 76.607117, 'Molestias deserunt quia nihil blanditiis sed adipisci ad suscipit.');
INSERT INTO ComplainantDetails VALUES (20538, 10538, 'Janani Mohanty', 22, 1, 1, 1, 1);
INSERT INTO Victim VALUES (30538, 10538, 'Panini Dora', 32, 1, '0');
INSERT INTO Accused VALUES (40538, 10538, 'Kamala Andra', 18, 1, 'A1');
INSERT INTO ActSectionAssociation VALUES (10538, 'IPC', '302', 1, 1);
INSERT INTO CaseMaster VALUES (10539, '304431004202600539', '202600539', '2024-11-21', 5050, 1004, 3, 1, 101, 201, 1, 453, '2024-11-21 10:00:00', '2024-11-21 11:00:00', '2024-11-21 09:00:00', 16.377796, 76.449394, 'Culpa facere quidem numquam repudiandae sed consequuntur ipsam architecto nemo tempore quibusdam illo officiis illo quaerat.');
INSERT INTO ComplainantDetails VALUES (20539, 10539, 'Theodore Jhaveri', 46, 1, 1, 1, 1);
INSERT INTO Victim VALUES (30539, 10539, 'Yashvi Lanka', 61, 1, '0');
INSERT INTO Accused VALUES (40539, 10539, 'Aditya Bassi', 20, 1, 'A1');
INSERT INTO ActSectionAssociation VALUES (10539, 'IPC', '302', 1, 1);
INSERT INTO ArrestSurrender VALUES (50539, 10539, 1, '2024-11-21', 29, 443, 1004, 5050, 453, 40539, 1, 0);
INSERT INTO CaseMaster VALUES (10540, '104451010202600540', '202600540', '2023-11-13', 5032, 1010, 1, 1, 101, 201, 1, 455, '2023-11-12 10:00:00', '2023-11-12 11:00:00', '2023-11-13 09:00:00', 17.139872, 75.538892, 'Praesentium repellat rem ut eaque consectetur saepe quas enim numquam totam vero maiores quibusdam nobis quia assumenda nihil quae.');
INSERT INTO ComplainantDetails VALUES (20540, 10540, 'Xiti Shenoy', 21, 1, 1, 1, 1);
INSERT INTO Victim VALUES (30540, 10540, 'Abeer Devi', 36, 1, '0');
INSERT INTO Accused VALUES (40540, 10540, 'Dhruv Suresh', 18, 1, 'A1');
INSERT INTO ActSectionAssociation VALUES (10540, 'IPC', '302', 1, 1);
INSERT INTO CaseMaster VALUES (10541, '304431005202500541', '202500541', '2025-06-17', 5008, 1005, 3, 1, 101, 201, 1, 453, '2025-06-16 10:00:00', '2025-06-16 11:00:00', '2025-06-17 09:00:00', 17.719238, 75.148826, 'Animi tempora esse laborum alias adipisci quibusdam nemo consequatur excepturi repellat velit eius odio atque.');
INSERT INTO ComplainantDetails VALUES (20541, 10541, 'Idika Pillai', 48, 1, 1, 1, 1);
INSERT INTO Victim VALUES (30541, 10541, 'Vansha Bakshi', 47, 1, '0');
INSERT INTO Accused VALUES (40541, 10541, 'Ijaya Murthy', 51, 1, 'A1');
INSERT INTO ActSectionAssociation VALUES (10541, 'IPC', '302', 1, 1);
INSERT INTO ArrestSurrender VALUES (50541, 10541, 1, '2025-06-17', 29, 443, 1005, 5008, 453, 40541, 1, 0);
INSERT INTO CaseMaster VALUES (10542, '304451002202300542', '202300542', '2024-02-14', 5004, 1002, 3, 1, 101, 201, 1, 455, '2024-02-09 10:00:00', '2024-02-09 11:00:00', '2024-02-14 09:00:00', 16.807745, 74.776151, 'Exercitationem numquam sapiente fugit voluptate unde culpa vel totam soluta fuga harum debitis.');
INSERT INTO ComplainantDetails VALUES (20542, 10542, 'Adya Kalita', 47, 1, 1, 1, 1);
INSERT INTO Victim VALUES (30542, 10542, 'Tara Trivedi', 25, 1, '0');
INSERT INTO Accused VALUES (40542, 10542, 'Thomas Seth', 45, 1, 'A1');
INSERT INTO ActSectionAssociation VALUES (10542, 'IPC', '302', 1, 1);
INSERT INTO ArrestSurrender VALUES (50542, 10542, 1, '2024-02-14', 29, 445, 1002, 5004, 455, 40542, 1, 0);
INSERT INTO CaseMaster VALUES (10543, '304451010202500543', '202500543', '2025-03-02', 5017, 1010, 3, 1, 101, 201, 1, 455, '2025-03-02 10:00:00', '2025-03-02 11:00:00', '2025-03-02 09:00:00', 14.374256, 77.512895, 'Aperiam repellat similique assumenda similique repellat adipisci possimus a autem impedit nesciunt atque dolor officia.');
INSERT INTO ComplainantDetails VALUES (20543, 10543, 'Vritti Mahal', 56, 1, 1, 1, 1);
INSERT INTO Victim VALUES (30543, 10543, 'Shivani Sarraf', 42, 1, '0');
INSERT INTO Accused VALUES (40543, 10543, 'Irya Nanda', 51, 1, 'A1');
INSERT INTO ActSectionAssociation VALUES (10543, 'IPC', '302', 1, 1);
INSERT INTO CaseMaster VALUES (10544, '104431004202600544', '202600544', '2024-01-29', 5035, 1004, 1, 1, 101, 201, 1, 453, '2024-01-26 10:00:00', '2024-01-26 11:00:00', '2024-01-29 09:00:00', 17.715106, 75.113911, 'Vitae esse cupiditate voluptate architecto accusamus reprehenderit quo porro accusamus dicta quae assumenda quae veniam.');
INSERT INTO ComplainantDetails VALUES (20544, 10544, 'Ikshita Malhotra', 59, 1, 1, 1, 1);
INSERT INTO Victim VALUES (30544, 10544, 'Eesha Chaudhuri', 32, 1, '0');
INSERT INTO Accused VALUES (40544, 10544, 'Pranit Chandran', 49, 1, 'A1');
INSERT INTO ActSectionAssociation VALUES (10544, 'IPC', '302', 1, 1);
INSERT INTO CaseMaster VALUES (10545, '304431004202300545', '202300545', '2023-07-21', 5006, 1004, 3, 1, 101, 201, 1, 453, '2023-07-17 10:00:00', '2023-07-17 11:00:00', '2023-07-21 09:00:00', 17.958697, 75.807143, 'Ullam nostrum voluptate a eaque rem doloremque repudiandae rem adipisci.');
INSERT INTO ComplainantDetails VALUES (20545, 10545, 'Vidhi Kala', 20, 1, 1, 1, 1);
INSERT INTO Victim VALUES (30545, 10545, 'Dalaja Dhar', 47, 1, '0');
INSERT INTO Accused VALUES (40545, 10545, 'Vasudha Mand', 23, 1, 'A1');
INSERT INTO ActSectionAssociation VALUES (10545, 'IPC', '302', 1, 1);
INSERT INTO CaseMaster VALUES (10546, '304451001202500546', '202500546', '2025-08-30', 5039, 1001, 3, 1, 101, 201, 1, 455, '2025-08-28 10:00:00', '2025-08-28 11:00:00', '2025-08-30 09:00:00', 16.101082, 75.575288, 'Ullam eaque officia esse inventore quod asperiores cum distinctio iure fugiat adipisci eius.');
INSERT INTO ComplainantDetails VALUES (20546, 10546, 'Balendra Mannan', 25, 1, 1, 1, 1);
INSERT INTO Victim VALUES (30546, 10546, 'Zaid Shenoy', 23, 1, '0');
INSERT INTO Accused VALUES (40546, 10546, 'Vamakshi Borde', 42, 1, 'A1');
INSERT INTO ActSectionAssociation VALUES (10546, 'IPC', '302', 1, 1);
INSERT INTO CaseMaster VALUES (10547, '104441009202400547', '202400547', '2025-03-23', 5004, 1009, 1, 1, 101, 201, 1, 454, '2025-03-22 10:00:00', '2025-03-22 11:00:00', '2025-03-23 09:00:00', 13.01713, 76.4394, 'Sint autem repellendus at ut voluptate nesciunt beatae odit eveniet quasi blanditiis similique vel vitae vero reprehenderit reiciendis.');
INSERT INTO ComplainantDetails VALUES (20547, 10547, 'Harish Doctor', 44, 1, 1, 1, 1);
INSERT INTO Victim VALUES (30547, 10547, 'Lakshmi Sekhon', 40, 1, '0');
INSERT INTO Accused VALUES (40547, 10547, 'Tarak Nazareth', 47, 1, 'A1');
INSERT INTO ActSectionAssociation VALUES (10547, 'IPC', '302', 1, 1);
INSERT INTO CaseMaster VALUES (10548, '304451010202400548', '202400548', '2023-09-07', 5039, 1010, 3, 1, 101, 201, 1, 455, '2023-09-05 10:00:00', '2023-09-05 11:00:00', '2023-09-07 09:00:00', 17.969166, 76.416589, 'Doloremque laborum facilis fuga similique quibusdam deleniti fuga sed.');
INSERT INTO ComplainantDetails VALUES (20548, 10548, 'Neha Bahri', 34, 1, 1, 1, 1);
INSERT INTO Victim VALUES (30548, 10548, 'Yashica Zacharia', 24, 1, '0');
INSERT INTO Accused VALUES (40548, 10548, 'Damini Venkatesh', 28, 1, 'A1');
INSERT INTO ActSectionAssociation VALUES (10548, 'IPC', '302', 1, 1);
INSERT INTO CaseMaster VALUES (10549, '104451002202600549', '202600549', '2024-08-18', 5010, 1002, 1, 1, 101, 201, 1, 455, '2024-08-17 10:00:00', '2024-08-17 11:00:00', '2024-08-18 09:00:00', 15.073632, 74.97059, 'Exercitationem quod officia adipisci omnis asperiores earum hic omnis laudantium rerum atque expedita facere labore.');
INSERT INTO ComplainantDetails VALUES (20549, 10549, 'Wridesh Parmer', 49, 1, 1, 1, 1);
INSERT INTO Victim VALUES (30549, 10549, 'Charvi Gill', 66, 1, '0');
INSERT INTO Accused VALUES (40549, 10549, 'Abeer Rout', 47, 1, 'A1');
INSERT INTO ActSectionAssociation VALUES (10549, 'IPC', '302', 1, 1);
INSERT INTO ArrestSurrender VALUES (50549, 10549, 1, '2024-08-18', 29, 445, 1002, 5010, 455, 40549, 1, 0);
INSERT INTO CaseMaster VALUES (10550, '104451002202300550', '202300550', '2024-02-14', 5003, 1002, 1, 1, 101, 201, 1, 455, '2024-02-13 10:00:00', '2024-02-13 11:00:00', '2024-02-14 09:00:00', 12.699867, 75.578569, 'Itaque unde blanditiis perspiciatis quod voluptatibus laborum debitis magnam officia quidem voluptates nihil iste iste ad modi esse.');
INSERT INTO ComplainantDetails VALUES (20550, 10550, 'Netra Choudhary', 56, 1, 1, 1, 1);
INSERT INTO Victim VALUES (30550, 10550, 'Rajeshri Om', 39, 1, '0');
INSERT INTO Accused VALUES (40550, 10550, 'Nisha Handa', 22, 1, 'A1');
INSERT INTO ActSectionAssociation VALUES (10550, 'IPC', '302', 1, 1);
INSERT INTO CaseMaster VALUES (10551, '104451003202500551', '202500551', '2023-11-17', 5033, 1003, 1, 1, 101, 201, 1, 455, '2023-11-15 10:00:00', '2023-11-15 11:00:00', '2023-11-17 09:00:00', 15.328517, 76.34298, 'Quas neque magnam alias iste mollitia architecto nisi eligendi quae consectetur officia ipsa aut facilis.');
INSERT INTO ComplainantDetails VALUES (20551, 10551, 'Samaksh Sami', 55, 1, 1, 1, 1);
INSERT INTO Victim VALUES (30551, 10551, 'Chakrika Hans', 35, 1, '0');
INSERT INTO Accused VALUES (40551, 10551, 'Nandini Grewal', 46, 1, 'A1');
INSERT INTO ActSectionAssociation VALUES (10551, 'IPC', '302', 1, 1);
INSERT INTO CaseMaster VALUES (10552, '104441009202400552', '202400552', '2025-03-01', 5039, 1009, 1, 1, 101, 201, 1, 454, '2025-02-26 10:00:00', '2025-02-26 11:00:00', '2025-03-01 09:00:00', 14.599963, 76.818716, 'Corrupti expedita temporibus distinctio harum laudantium architecto consequatur suscipit voluptates laborum repellendus.');
INSERT INTO ComplainantDetails VALUES (20552, 10552, 'Zaid Sandhu', 47, 1, 1, 1, 1);
INSERT INTO Victim VALUES (30552, 10552, 'Zayyan Loke', 44, 1, '0');
INSERT INTO Accused VALUES (40552, 10552, 'Vivaan Kuruvilla', 36, 1, 'A1');
INSERT INTO ActSectionAssociation VALUES (10552, 'IPC', '302', 1, 1);
INSERT INTO ArrestSurrender VALUES (50552, 10552, 1, '2025-03-01', 29, 444, 1009, 5039, 454, 40552, 1, 0);
INSERT INTO CaseMaster VALUES (10553, '304431007202500553', '202500553', '2026-05-22', 5037, 1007, 3, 1, 101, 201, 1, 453, '2026-05-21 10:00:00', '2026-05-21 11:00:00', '2026-05-22 09:00:00', 17.199158, 74.498748, 'Quibusdam blanditiis quibusdam adipisci repudiandae sit optio ipsa hic quidem.');
INSERT INTO ComplainantDetails VALUES (20553, 10553, 'Urishilla Wali', 56, 1, 1, 1, 1);
INSERT INTO Victim VALUES (30553, 10553, 'Suhani Sekhon', 69, 1, '0');
INSERT INTO Accused VALUES (40553, 10553, 'Advik Gupta', 54, 1, 'A1');
INSERT INTO ActSectionAssociation VALUES (10553, 'IPC', '302', 1, 1);
INSERT INTO CaseMaster VALUES (10554, '104441009202500554', '202500554', '2023-11-01', 5023, 1009, 1, 1, 101, 201, 1, 454, '2023-10-27 10:00:00', '2023-10-27 11:00:00', '2023-11-01 09:00:00', 15.30543, 75.095965, 'Nihil sequi adipisci vitae placeat voluptas unde odio cumque voluptate quos doloribus sit accusamus laboriosam ea ullam beatae.');
INSERT INTO ComplainantDetails VALUES (20554, 10554, 'Hemang Kari', 40, 1, 1, 1, 1);
INSERT INTO Victim VALUES (30554, 10554, 'Zaitra Toor', 52, 1, '0');
INSERT INTO Accused VALUES (40554, 10554, 'Irya Puri', 36, 1, 'A1');
INSERT INTO ActSectionAssociation VALUES (10554, 'IPC', '302', 1, 1);
INSERT INTO ArrestSurrender VALUES (50554, 10554, 1, '2023-11-01', 29, 444, 1009, 5023, 454, 40554, 1, 0);
INSERT INTO CaseMaster VALUES (10555, '104441008202500555', '202500555', '2024-03-08', 5028, 1008, 1, 1, 101, 201, 1, 454, '2024-03-05 10:00:00', '2024-03-05 11:00:00', '2024-03-08 09:00:00', 16.79365, 75.18824, 'Facilis dolor quis facere perspiciatis laborum debitis necessitatibus suscipit optio corrupti.');
INSERT INTO ComplainantDetails VALUES (20555, 10555, 'Omisha Vohra', 52, 1, 1, 1, 1);
INSERT INTO Victim VALUES (30555, 10555, 'Caleb Pradhan', 45, 1, '0');
INSERT INTO Accused VALUES (40555, 10555, 'Warda Kala', 37, 1, 'A1');
INSERT INTO ActSectionAssociation VALUES (10555, 'IPC', '302', 1, 1);
INSERT INTO ArrestSurrender VALUES (50555, 10555, 1, '2024-03-08', 29, 444, 1008, 5028, 454, 40555, 1, 0);
INSERT INTO CaseMaster VALUES (10556, '104441009202400556', '202400556', '2024-02-14', 5046, 1009, 1, 1, 101, 201, 1, 454, '2024-02-09 10:00:00', '2024-02-09 11:00:00', '2024-02-14 09:00:00', 13.108327, 77.234421, 'Quibusdam odio architecto tempora est corporis possimus necessitatibus voluptatibus facere odio voluptatum architecto deleniti sapiente repellendus incidunt autem.');
INSERT INTO ComplainantDetails VALUES (20556, 10556, 'Samaksh Kurian', 51, 1, 1, 1, 1);
INSERT INTO Victim VALUES (30556, 10556, 'Azad Aurora', 64, 1, '0');
INSERT INTO Accused VALUES (40556, 10556, 'Zayyan Apte', 27, 1, 'A1');
INSERT INTO ActSectionAssociation VALUES (10556, 'IPC', '302', 1, 1);
INSERT INTO ArrestSurrender VALUES (50556, 10556, 1, '2024-02-14', 29, 444, 1009, 5046, 454, 40556, 1, 0);
INSERT INTO CaseMaster VALUES (10557, '304431007202300557', '202300557', '2025-04-03', 5047, 1007, 3, 1, 101, 201, 1, 453, '2025-03-30 10:00:00', '2025-03-30 11:00:00', '2025-04-03 09:00:00', 12.949274, 74.918911, 'Ad ratione unde tempore pariatur reprehenderit rem illum aliquid corrupti.');
INSERT INTO ComplainantDetails VALUES (20557, 10557, 'Yashvi Palla', 59, 1, 1, 1, 1);
INSERT INTO Victim VALUES (30557, 10557, 'Bhavya Sen', 33, 1, '0');
INSERT INTO Accused VALUES (40557, 10557, 'Chakrika Kunda', 50, 1, 'A1');
INSERT INTO ActSectionAssociation VALUES (10557, 'IPC', '302', 1, 1);
INSERT INTO CaseMaster VALUES (10558, '304451001202600558', '202600558', '2025-07-19', 5031, 1001, 3, 1, 101, 201, 1, 455, '2025-07-19 10:00:00', '2025-07-19 11:00:00', '2025-07-19 09:00:00', 13.58353, 76.142444, 'Amet reiciendis ut aperiam fugit voluptatem dolore laborum neque iusto fugiat porro.');
INSERT INTO ComplainantDetails VALUES (20558, 10558, 'Praneel Mitra', 51, 1, 1, 1, 1);
INSERT INTO Victim VALUES (30558, 10558, 'Anjali Thakur', 27, 1, '0');
INSERT INTO Accused VALUES (40558, 10558, 'Rishi Parikh', 47, 1, 'A1');
INSERT INTO ActSectionAssociation VALUES (10558, 'IPC', '302', 1, 1);
INSERT INTO CaseMaster VALUES (10559, '104451002202300559', '202300559', '2024-12-26', 5026, 1002, 1, 1, 101, 201, 1, 455, '2024-12-23 10:00:00', '2024-12-23 11:00:00', '2024-12-26 09:00:00', 14.028586, 74.360295, 'Voluptates placeat recusandae unde distinctio quibusdam laboriosam error iure doloribus asperiores esse nemo.');
INSERT INTO ComplainantDetails VALUES (20559, 10559, 'Atharv Parsa', 28, 1, 1, 1, 1);
INSERT INTO Victim VALUES (30559, 10559, 'Hemang Deo', 47, 1, '0');
INSERT INTO Accused VALUES (40559, 10559, 'Mohammed Chaudry', 44, 1, 'A1');
INSERT INTO ActSectionAssociation VALUES (10559, 'IPC', '302', 1, 1);
INSERT INTO ArrestSurrender VALUES (50559, 10559, 1, '2024-12-26', 29, 445, 1002, 5026, 455, 40559, 1, 0);
INSERT INTO CaseMaster VALUES (10560, '304441006202500560', '202500560', '2025-05-22', 5033, 1006, 3, 1, 101, 201, 1, 454, '2025-05-22 10:00:00', '2025-05-22 11:00:00', '2025-05-22 09:00:00', 15.013489, 76.290708, 'Autem hic quam recusandae in voluptate corrupti ducimus necessitatibus culpa.');
INSERT INTO ComplainantDetails VALUES (20560, 10560, 'Vedhika Comar', 23, 1, 1, 1, 1);
INSERT INTO Victim VALUES (30560, 10560, 'Jack Wali', 63, 1, '0');
INSERT INTO Accused VALUES (40560, 10560, 'Kritika Keer', 50, 1, 'A1');
INSERT INTO ActSectionAssociation VALUES (10560, 'IPC', '302', 1, 1);
INSERT INTO CaseMaster VALUES (10561, '304431005202300561', '202300561', '2025-06-12', 5014, 1005, 3, 1, 101, 201, 1, 453, '2025-06-11 10:00:00', '2025-06-11 11:00:00', '2025-06-12 09:00:00', 12.00563, 74.373593, 'Quasi tenetur itaque illum quo quia dicta provident incidunt delectus tenetur quos accusantium molestiae consequuntur ad sit animi quis.');
INSERT INTO ComplainantDetails VALUES (20561, 10561, 'Ranbir Chadha', 22, 1, 1, 1, 1);
INSERT INTO Victim VALUES (30561, 10561, 'Nandini Barad', 38, 1, '0');
INSERT INTO Accused VALUES (40561, 10561, 'Reyansh Halder', 39, 1, 'A1');
INSERT INTO ActSectionAssociation VALUES (10561, 'IPC', '302', 1, 1);
INSERT INTO CaseMaster VALUES (10562, '104441008202500562', '202500562', '2024-11-10', 5013, 1008, 1, 1, 101, 201, 1, 454, '2024-11-09 10:00:00', '2024-11-09 11:00:00', '2024-11-10 09:00:00', 13.174637, 76.883912, 'Consectetur neque aut iure amet laboriosam repellat aut id delectus ad dignissimos odit inventore distinctio ea officia corporis consequatur perspiciatis.');
INSERT INTO ComplainantDetails VALUES (20562, 10562, 'Ranbir Bhakta', 53, 1, 1, 1, 1);
INSERT INTO Victim VALUES (30562, 10562, 'Suhani Swaminathan', 53, 1, '0');
INSERT INTO Accused VALUES (40562, 10562, 'Nathaniel Chana', 42, 1, 'A1');
INSERT INTO ActSectionAssociation VALUES (10562, 'IPC', '302', 1, 1);
INSERT INTO ArrestSurrender VALUES (50562, 10562, 1, '2024-11-10', 29, 444, 1008, 5013, 454, 40562, 1, 0);
INSERT INTO CaseMaster VALUES (10563, '304451003202400563', '202400563', '2025-06-14', 5035, 1003, 3, 1, 101, 201, 1, 455, '2025-06-13 10:00:00', '2025-06-13 11:00:00', '2025-06-14 09:00:00', 12.259132, 74.286704, 'Sequi accusantium commodi culpa voluptatum quaerat accusamus porro sunt quaerat voluptatem tempore repellat repellendus sunt cupiditate excepturi dolores placeat recusandae.');
INSERT INTO ComplainantDetails VALUES (20563, 10563, 'Harita Brahmbhatt', 58, 1, 1, 1, 1);
INSERT INTO Victim VALUES (30563, 10563, 'Chandresh Tata', 20, 1, '0');
INSERT INTO Accused VALUES (40563, 10563, 'Udarsh Vala', 31, 1, 'A1');
INSERT INTO ActSectionAssociation VALUES (10563, 'IPC', '302', 1, 1);
INSERT INTO CaseMaster VALUES (10564, '104431007202500564', '202500564', '2023-07-24', 5034, 1007, 1, 1, 101, 201, 1, 453, '2023-07-19 10:00:00', '2023-07-19 11:00:00', '2023-07-24 09:00:00', 16.935949, 74.656356, 'Neque ex provident at excepturi similique iusto fuga non.');
INSERT INTO ComplainantDetails VALUES (20564, 10564, 'Vasana Lal', 59, 1, 1, 1, 1);
INSERT INTO Victim VALUES (30564, 10564, 'Elijah Grover', 28, 1, '0');
INSERT INTO Accused VALUES (40564, 10564, 'David Rau', 38, 1, 'A1');
INSERT INTO ActSectionAssociation VALUES (10564, 'IPC', '302', 1, 1);
INSERT INTO CaseMaster VALUES (10565, '304451003202400565', '202400565', '2025-07-08', 5008, 1003, 3, 1, 101, 201, 1, 455, '2025-07-07 10:00:00', '2025-07-07 11:00:00', '2025-07-08 09:00:00', 12.979257, 77.072926, 'Quam quod et error rem deserunt repellendus tenetur similique itaque.');
INSERT INTO ComplainantDetails VALUES (20565, 10565, 'Sneha Kar', 32, 1, 1, 1, 1);
INSERT INTO Victim VALUES (30565, 10565, 'Yashodhara Majumdar', 28, 1, '0');
INSERT INTO Accused VALUES (40565, 10565, 'Jacob Goel', 31, 1, 'A1');
INSERT INTO ActSectionAssociation VALUES (10565, 'IPC', '302', 1, 1);
INSERT INTO ArrestSurrender VALUES (50565, 10565, 1, '2025-07-08', 29, 445, 1003, 5008, 455, 40565, 1, 0);
INSERT INTO CaseMaster VALUES (10566, '304441008202400566', '202400566', '2025-01-21', 5034, 1008, 3, 1, 101, 201, 1, 454, '2025-01-17 10:00:00', '2025-01-17 11:00:00', '2025-01-21 09:00:00', 15.887469, 77.423291, 'Commodi quis suscipit ad illo corporis labore minima illo ab quaerat repellendus.');
INSERT INTO ComplainantDetails VALUES (20566, 10566, 'Nandini Seshadri', 44, 1, 1, 1, 1);
INSERT INTO Victim VALUES (30566, 10566, 'Orinder Vyas', 68, 1, '0');
INSERT INTO Accused VALUES (40566, 10566, 'Matthew Chauhan', 36, 1, 'A1');
INSERT INTO ActSectionAssociation VALUES (10566, 'IPC', '302', 1, 1);
INSERT INTO ArrestSurrender VALUES (50566, 10566, 1, '2025-01-21', 29, 444, 1008, 5034, 454, 40566, 1, 0);
INSERT INTO CaseMaster VALUES (10567, '104431005202300567', '202300567', '2024-07-25', 5013, 1005, 1, 1, 101, 201, 1, 453, '2024-07-25 10:00:00', '2024-07-25 11:00:00', '2024-07-25 09:00:00', 17.581125, 76.894837, 'Quam exercitationem tenetur earum architecto maxime illum velit quibusdam rerum sit expedita similique doloremque reiciendis repellat error.');
INSERT INTO ComplainantDetails VALUES (20567, 10567, 'Yadavi Chopra', 48, 1, 1, 1, 1);
INSERT INTO Victim VALUES (30567, 10567, 'Vasana Kuruvilla', 32, 1, '0');
INSERT INTO Accused VALUES (40567, 10567, 'Amaira Bera', 19, 1, 'A1');
INSERT INTO ActSectionAssociation VALUES (10567, 'IPC', '302', 1, 1);
INSERT INTO ArrestSurrender VALUES (50567, 10567, 1, '2024-07-25', 29, 443, 1005, 5013, 453, 40567, 1, 0);
INSERT INTO CaseMaster VALUES (10568, '104431007202300568', '202300568', '2025-12-31', 5003, 1007, 1, 1, 101, 201, 1, 453, '2025-12-27 10:00:00', '2025-12-27 11:00:00', '2025-12-31 09:00:00', 14.137806, 76.963509, 'Incidunt nobis in vero culpa quia magnam maiores nulla quidem soluta illum officia dicta nam sunt sit illo iusto praesentium.');
INSERT INTO ComplainantDetails VALUES (20568, 10568, 'Chatresh Ganguly', 42, 1, 1, 1, 1);
INSERT INTO Victim VALUES (30568, 10568, 'Baghyawati Bhatt', 39, 1, '0');
INSERT INTO Accused VALUES (40568, 10568, 'Varenya Dubey', 30, 1, 'A1');
INSERT INTO ActSectionAssociation VALUES (10568, 'IPC', '302', 1, 1);
INSERT INTO ArrestSurrender VALUES (50568, 10568, 1, '2025-12-31', 29, 443, 1007, 5003, 453, 40568, 1, 0);
INSERT INTO CaseMaster VALUES (10569, '104441006202600569', '202600569', '2023-11-18', 5014, 1006, 1, 1, 101, 201, 1, 454, '2023-11-17 10:00:00', '2023-11-17 11:00:00', '2023-11-18 09:00:00', 15.316269, 75.038659, 'Nihil similique eos distinctio cupiditate et cum adipisci nesciunt perferendis maiores voluptatum eaque.');
INSERT INTO ComplainantDetails VALUES (20569, 10569, 'Udyati Dave', 43, 1, 1, 1, 1);
INSERT INTO Victim VALUES (30569, 10569, 'Oviya Zachariah', 52, 1, '0');
INSERT INTO Accused VALUES (40569, 10569, 'Rehaan Pingle', 33, 1, 'A1');
INSERT INTO ActSectionAssociation VALUES (10569, 'IPC', '302', 1, 1);
INSERT INTO ArrestSurrender VALUES (50569, 10569, 1, '2023-11-18', 29, 444, 1006, 5014, 454, 40569, 1, 0);
INSERT INTO CaseMaster VALUES (10570, '304431007202600570', '202600570', '2023-08-25', 5039, 1007, 3, 1, 101, 201, 1, 453, '2023-08-24 10:00:00', '2023-08-24 11:00:00', '2023-08-25 09:00:00', 14.30179, 76.902571, 'Perspiciatis vero quod corrupti hic excepturi molestiae ipsa aliquam dolorum a culpa quo nostrum aliquam ea sapiente quidem.');
INSERT INTO ComplainantDetails VALUES (20570, 10570, 'Ishwar Gopal', 21, 1, 1, 1, 1);
INSERT INTO Victim VALUES (30570, 10570, 'Bhanumati Bhavsar', 41, 1, '0');
INSERT INTO Accused VALUES (40570, 10570, 'Guneet Gopal', 31, 1, 'A1');
INSERT INTO ActSectionAssociation VALUES (10570, 'IPC', '302', 1, 1);
INSERT INTO ArrestSurrender VALUES (50570, 10570, 1, '2023-08-25', 29, 443, 1007, 5039, 453, 40570, 1, 0);
INSERT INTO CaseMaster VALUES (10571, '104451003202600571', '202600571', '2023-09-02', 5002, 1003, 1, 1, 101, 201, 1, 455, '2023-09-01 10:00:00', '2023-09-01 11:00:00', '2023-09-02 09:00:00', 17.402329, 74.349799, 'Nulla temporibus velit error iusto asperiores tempore perspiciatis exercitationem eaque odit molestias dolorum vitae voluptates impedit quas mollitia.');
INSERT INTO ComplainantDetails VALUES (20571, 10571, 'Ijaya Bali', 52, 1, 1, 1, 1);
INSERT INTO Victim VALUES (30571, 10571, 'Warda Verma', 53, 1, '0');
INSERT INTO Accused VALUES (40571, 10571, 'Upadhriti Butala', 21, 1, 'A1');
INSERT INTO ActSectionAssociation VALUES (10571, 'IPC', '302', 1, 1);
INSERT INTO ArrestSurrender VALUES (50571, 10571, 1, '2023-09-02', 29, 445, 1003, 5002, 455, 40571, 1, 0);
INSERT INTO CaseMaster VALUES (10572, '304441006202500572', '202500572', '2023-11-16', 5041, 1006, 3, 1, 101, 201, 1, 454, '2023-11-14 10:00:00', '2023-11-14 11:00:00', '2023-11-16 09:00:00', 12.745456, 76.207851, 'Ut dolor natus delectus culpa architecto dignissimos exercitationem asperiores dolore architecto blanditiis voluptatem non.');
INSERT INTO ComplainantDetails VALUES (20572, 10572, 'Onkar Jhaveri', 57, 1, 1, 1, 1);
INSERT INTO Victim VALUES (30572, 10572, 'Wahab Sha', 32, 1, '0');
INSERT INTO Accused VALUES (40572, 10572, 'Wriddhish Chaudhari', 34, 1, 'A1');
INSERT INTO ActSectionAssociation VALUES (10572, 'IPC', '302', 1, 1);
INSERT INTO CaseMaster VALUES (10573, '104451003202600573', '202600573', '2024-02-01', 5031, 1003, 1, 1, 101, 201, 1, 455, '2024-02-01 10:00:00', '2024-02-01 11:00:00', '2024-02-01 09:00:00', 12.460236, 76.849574, 'Iure doloremque quidem ipsum sapiente perferendis hic iste molestiae neque ea ducimus excepturi quam quam expedita mollitia similique porro accusantium.');
INSERT INTO ComplainantDetails VALUES (20573, 10573, 'Harita Goda', 51, 1, 1, 1, 1);
INSERT INTO Victim VALUES (30573, 10573, 'Bishakha Mani', 62, 1, '0');
INSERT INTO Accused VALUES (40573, 10573, 'Manan Acharya', 20, 1, 'A1');
INSERT INTO ActSectionAssociation VALUES (10573, 'IPC', '302', 1, 1);
INSERT INTO ArrestSurrender VALUES (50573, 10573, 1, '2024-02-01', 29, 445, 1003, 5031, 455, 40573, 1, 0);
INSERT INTO CaseMaster VALUES (10574, '104441006202400574', '202400574', '2025-05-05', 5007, 1006, 1, 1, 101, 201, 1, 454, '2025-05-01 10:00:00', '2025-05-01 11:00:00', '2025-05-05 09:00:00', 14.320874, 74.732822, 'Quidem soluta unde similique mollitia corporis minima cupiditate natus quia.');
INSERT INTO ComplainantDetails VALUES (20574, 10574, 'Zilmil Ray', 29, 1, 1, 1, 1);
INSERT INTO Victim VALUES (30574, 10574, 'Utkarsh Shere', 21, 1, '0');
INSERT INTO Accused VALUES (40574, 10574, 'Eiravati Luthra', 38, 1, 'A1');
INSERT INTO ActSectionAssociation VALUES (10574, 'IPC', '302', 1, 1);
INSERT INTO CaseMaster VALUES (10575, '304451003202600575', '202600575', '2024-01-18', 5026, 1003, 3, 1, 101, 201, 1, 455, '2024-01-18 10:00:00', '2024-01-18 11:00:00', '2024-01-18 09:00:00', 15.487256, 74.467121, 'Libero occaecati quo excepturi sint optio at veniam quae atque asperiores itaque dolores necessitatibus.');
INSERT INTO ComplainantDetails VALUES (20575, 10575, 'Advika Taneja', 23, 1, 1, 1, 1);
INSERT INTO Victim VALUES (30575, 10575, 'Avni Goyal', 57, 1, '0');
INSERT INTO Accused VALUES (40575, 10575, 'Mahika Desai', 52, 1, 'A1');
INSERT INTO ActSectionAssociation VALUES (10575, 'IPC', '302', 1, 1);
INSERT INTO ArrestSurrender VALUES (50575, 10575, 1, '2024-01-18', 29, 445, 1003, 5026, 455, 40575, 1, 0);
INSERT INTO CaseMaster VALUES (10576, '104431007202300576', '202300576', '2023-12-27', 5048, 1007, 1, 1, 101, 201, 1, 453, '2023-12-27 10:00:00', '2023-12-27 11:00:00', '2023-12-27 09:00:00', 14.146887, 74.51014, 'Itaque accusamus minus nam quod odit repellat maiores repellendus quo voluptas quas.');
INSERT INTO ComplainantDetails VALUES (20576, 10576, 'Chakrika Chawla', 36, 1, 1, 1, 1);
INSERT INTO Victim VALUES (30576, 10576, 'Urvi Shukla', 58, 1, '0');
INSERT INTO Accused VALUES (40576, 10576, 'Jagat Issac', 25, 1, 'A1');
INSERT INTO ActSectionAssociation VALUES (10576, 'IPC', '302', 1, 1);
INSERT INTO CaseMaster VALUES (10577, '304431004202500577', '202500577', '2025-12-25', 5011, 1004, 3, 1, 101, 201, 1, 453, '2025-12-20 10:00:00', '2025-12-20 11:00:00', '2025-12-25 09:00:00', 15.507216, 76.271348, 'Repellendus praesentium laudantium nihil veniam odio et vitae culpa quam nam modi sunt praesentium debitis quam fugit magni.');
INSERT INTO ComplainantDetails VALUES (20577, 10577, 'Odika Batra', 36, 1, 1, 1, 1);
INSERT INTO Victim VALUES (30577, 10577, 'Kashvi More', 69, 1, '0');
INSERT INTO Accused VALUES (40577, 10577, 'Yamini Mohan', 49, 1, 'A1');
INSERT INTO ActSectionAssociation VALUES (10577, 'IPC', '302', 1, 1);
INSERT INTO ArrestSurrender VALUES (50577, 10577, 1, '2025-12-25', 29, 443, 1004, 5011, 453, 40577, 1, 0);
INSERT INTO CaseMaster VALUES (10578, '104441008202600578', '202600578', '2025-04-30', 5036, 1008, 1, 1, 101, 201, 1, 454, '2025-04-27 10:00:00', '2025-04-27 11:00:00', '2025-04-30 09:00:00', 14.583268, 77.931957, 'Fugit commodi eveniet iusto eaque suscipit eos magni temporibus quaerat nam excepturi ullam tenetur necessitatibus dignissimos.');
INSERT INTO ComplainantDetails VALUES (20578, 10578, 'Ojasvi Gole', 52, 1, 1, 1, 1);
INSERT INTO Victim VALUES (30578, 10578, 'Rishi Char', 58, 1, '0');
INSERT INTO Accused VALUES (40578, 10578, 'Krish Mallick', 21, 1, 'A1');
INSERT INTO ActSectionAssociation VALUES (10578, 'IPC', '302', 1, 1);
INSERT INTO ArrestSurrender VALUES (50578, 10578, 1, '2025-04-30', 29, 444, 1008, 5036, 454, 40578, 1, 0);
INSERT INTO CaseMaster VALUES (10579, '304451003202400579', '202400579', '2025-10-28', 5048, 1003, 3, 1, 101, 201, 1, 455, '2025-10-27 10:00:00', '2025-10-27 11:00:00', '2025-10-28 09:00:00', 16.334903, 76.30255, 'Optio repellendus architecto ex architecto perferendis architecto vitae fuga quos voluptatum vitae amet animi ducimus.');
INSERT INTO ComplainantDetails VALUES (20579, 10579, 'Chatura Contractor', 45, 1, 1, 1, 1);
INSERT INTO Victim VALUES (30579, 10579, 'Arjun Oommen', 68, 1, '0');
INSERT INTO Accused VALUES (40579, 10579, 'Jeet Munshi', 32, 1, 'A1');
INSERT INTO ActSectionAssociation VALUES (10579, 'IPC', '302', 1, 1);
INSERT INTO CaseMaster VALUES (10580, '104441008202400580', '202400580', '2025-02-04', 5003, 1008, 1, 1, 101, 201, 1, 454, '2025-02-03 10:00:00', '2025-02-03 11:00:00', '2025-02-04 09:00:00', 17.088139, 77.781051, 'Non necessitatibus sed veritatis fugiat quas harum enim itaque consequuntur quisquam dicta vero sit rerum temporibus nemo doloremque incidunt.');
INSERT INTO ComplainantDetails VALUES (20580, 10580, 'Krishna Dugar', 36, 1, 1, 1, 1);
INSERT INTO Victim VALUES (30580, 10580, 'Zashil Mani', 66, 1, '0');
INSERT INTO Accused VALUES (40580, 10580, 'Hema Chaudry', 32, 1, 'A1');
INSERT INTO ActSectionAssociation VALUES (10580, 'IPC', '302', 1, 1);
INSERT INTO ArrestSurrender VALUES (50580, 10580, 1, '2025-02-04', 29, 444, 1008, 5003, 454, 40580, 1, 0);
INSERT INTO CaseMaster VALUES (10581, '104451010202300581', '202300581', '2025-04-13', 5045, 1010, 1, 1, 101, 201, 1, 455, '2025-04-08 10:00:00', '2025-04-08 11:00:00', '2025-04-13 09:00:00', 12.746108, 76.401983, 'Pariatur ipsum adipisci consectetur nostrum quod adipisci animi commodi velit voluptas id.');
INSERT INTO ComplainantDetails VALUES (20581, 10581, 'Manthan Bera', 25, 1, 1, 1, 1);
INSERT INTO Victim VALUES (30581, 10581, 'Bhanumati Pathak', 27, 1, '0');
INSERT INTO Accused VALUES (40581, 10581, 'Shivani Seshadri', 53, 1, 'A1');
INSERT INTO ActSectionAssociation VALUES (10581, 'IPC', '302', 1, 1);
INSERT INTO CaseMaster VALUES (10582, '304441006202600582', '202600582', '2025-08-30', 5011, 1006, 3, 1, 101, 201, 1, 454, '2025-08-28 10:00:00', '2025-08-28 11:00:00', '2025-08-30 09:00:00', 17.389067, 74.79146, 'Ipsam officia ratione error soluta numquam aliquam quaerat assumenda sed quis minima accusamus.');
INSERT INTO ComplainantDetails VALUES (20582, 10582, 'Faraj Luthra', 54, 1, 1, 1, 1);
INSERT INTO Victim VALUES (30582, 10582, 'Manya Sharma', 38, 1, '0');
INSERT INTO Accused VALUES (40582, 10582, 'Nirja Butala', 27, 1, 'A1');
INSERT INTO ActSectionAssociation VALUES (10582, 'IPC', '302', 1, 1);
INSERT INTO ArrestSurrender VALUES (50582, 10582, 1, '2025-08-30', 29, 444, 1006, 5011, 454, 40582, 1, 0);
INSERT INTO CaseMaster VALUES (10583, '104441009202500583', '202500583', '2024-09-28', 5006, 1009, 1, 1, 101, 201, 1, 454, '2024-09-27 10:00:00', '2024-09-27 11:00:00', '2024-09-28 09:00:00', 15.062384, 76.194449, 'Alias culpa maxime tempora ex sunt excepturi aliquam consectetur labore iusto hic nesciunt similique accusantium.');
INSERT INTO ComplainantDetails VALUES (20583, 10583, 'Manan Chaudhry', 32, 1, 1, 1, 1);
INSERT INTO Victim VALUES (30583, 10583, 'Zaid Bali', 45, 1, '0');
INSERT INTO Accused VALUES (40583, 10583, 'Naksh Sundaram', 23, 1, 'A1');
INSERT INTO ActSectionAssociation VALUES (10583, 'IPC', '302', 1, 1);
INSERT INTO ArrestSurrender VALUES (50583, 10583, 1, '2024-09-28', 29, 444, 1009, 5006, 454, 40583, 1, 0);
INSERT INTO CaseMaster VALUES (10584, '104451002202400584', '202400584', '2026-02-26', 5033, 1002, 1, 1, 101, 201, 1, 455, '2026-02-25 10:00:00', '2026-02-25 11:00:00', '2026-02-26 09:00:00', 13.436436, 76.341675, 'Esse deserunt totam deserunt minus ratione laborum harum tempore corporis perferendis aspernatur reprehenderit reprehenderit molestias.');
INSERT INTO ComplainantDetails VALUES (20584, 10584, 'Dhriti Ben', 59, 1, 1, 1, 1);
INSERT INTO Victim VALUES (30584, 10584, 'Harsh Nagarajan', 66, 1, '0');
INSERT INTO Accused VALUES (40584, 10584, 'Pranit Sibal', 34, 1, 'A1');
INSERT INTO ActSectionAssociation VALUES (10584, 'IPC', '302', 1, 1);
INSERT INTO ArrestSurrender VALUES (50584, 10584, 1, '2026-02-26', 29, 445, 1002, 5033, 455, 40584, 1, 0);
INSERT INTO CaseMaster VALUES (10585, '304451001202300585', '202300585', '2025-01-13', 5021, 1001, 3, 1, 101, 201, 1, 455, '2025-01-13 10:00:00', '2025-01-13 11:00:00', '2025-01-13 09:00:00', 14.639618, 76.102784, 'Fuga vitae consequatur officiis sit architecto omnis iure consequatur laboriosam.');
INSERT INTO ComplainantDetails VALUES (20585, 10585, 'Pranit Shere', 55, 1, 1, 1, 1);
INSERT INTO Victim VALUES (30585, 10585, 'Harini Pant', 54, 1, '0');
INSERT INTO Accused VALUES (40585, 10585, 'Jagvi Goswami', 30, 1, 'A1');
INSERT INTO ActSectionAssociation VALUES (10585, 'IPC', '302', 1, 1);
INSERT INTO CaseMaster VALUES (10586, '104441009202400586', '202400586', '2025-04-06', 5015, 1009, 1, 1, 101, 201, 1, 454, '2025-04-03 10:00:00', '2025-04-03 11:00:00', '2025-04-06 09:00:00', 13.750705, 75.521323, 'Aperiam tempora deleniti quisquam vero consequuntur nisi voluptatibus labore unde quaerat nobis rem similique nulla exercitationem alias.');
INSERT INTO ComplainantDetails VALUES (20586, 10586, 'Amrita Pandey', 29, 1, 1, 1, 1);
INSERT INTO Victim VALUES (30586, 10586, 'Maanav Sawhney', 29, 1, '0');
INSERT INTO Accused VALUES (40586, 10586, 'Ekaraj Bansal', 26, 1, 'A1');
INSERT INTO ActSectionAssociation VALUES (10586, 'IPC', '302', 1, 1);
INSERT INTO ArrestSurrender VALUES (50586, 10586, 1, '2025-04-06', 29, 444, 1009, 5015, 454, 40586, 1, 0);
INSERT INTO CaseMaster VALUES (10587, '104441008202500587', '202500587', '2024-09-22', 5014, 1008, 1, 1, 101, 201, 1, 454, '2024-09-21 10:00:00', '2024-09-21 11:00:00', '2024-09-22 09:00:00', 17.057019, 77.589943, 'Earum occaecati facere enim esse omnis nemo enim error non aut esse quia eius.');
INSERT INTO ComplainantDetails VALUES (20587, 10587, 'Adya Atwal', 47, 1, 1, 1, 1);
INSERT INTO Victim VALUES (30587, 10587, 'Ranbir Kaur', 50, 1, '0');
INSERT INTO Accused VALUES (40587, 10587, 'Naksh Bhatt', 47, 1, 'A1');
INSERT INTO ActSectionAssociation VALUES (10587, 'IPC', '302', 1, 1);
INSERT INTO ArrestSurrender VALUES (50587, 10587, 1, '2024-09-22', 29, 444, 1008, 5014, 454, 40587, 1, 0);
INSERT INTO CaseMaster VALUES (10588, '104431007202300588', '202300588', '2026-02-03', 5034, 1007, 1, 1, 101, 201, 1, 453, '2026-02-02 10:00:00', '2026-02-02 11:00:00', '2026-02-03 09:00:00', 16.185459, 75.30701, 'Nostrum officiis dolore odit impedit aspernatur molestiae architecto unde molestiae unde error.');
INSERT INTO ComplainantDetails VALUES (20588, 10588, 'Priya Bahl', 60, 1, 1, 1, 1);
INSERT INTO Victim VALUES (30588, 10588, 'Kashish Choudhary', 23, 1, '0');
INSERT INTO Accused VALUES (40588, 10588, 'Udyati Ravi', 34, 1, 'A1');
INSERT INTO ActSectionAssociation VALUES (10588, 'IPC', '302', 1, 1);
INSERT INTO ArrestSurrender VALUES (50588, 10588, 1, '2026-02-03', 29, 443, 1007, 5034, 453, 40588, 1, 0);
INSERT INTO CaseMaster VALUES (10589, '104451003202500589', '202500589', '2026-02-07', 5014, 1003, 1, 1, 101, 201, 1, 455, '2026-02-07 10:00:00', '2026-02-07 11:00:00', '2026-02-07 09:00:00', 15.729223, 74.072747, 'Doloremque eaque placeat aliquid tempora asperiores asperiores suscipit maxime sed amet optio ipsa doloremque voluptates fugiat magnam nulla.');
INSERT INTO ComplainantDetails VALUES (20589, 10589, 'Bhanumati Patla', 45, 1, 1, 1, 1);
INSERT INTO Victim VALUES (30589, 10589, 'Tripti Bawa', 25, 1, '0');
INSERT INTO Accused VALUES (40589, 10589, 'Mitesh Banerjee', 20, 1, 'A1');
INSERT INTO ActSectionAssociation VALUES (10589, 'IPC', '302', 1, 1);
INSERT INTO CaseMaster VALUES (10590, '104451010202500590', '202500590', '2025-01-29', 5003, 1010, 1, 1, 101, 201, 1, 455, '2025-01-27 10:00:00', '2025-01-27 11:00:00', '2025-01-29 09:00:00', 13.967371, 75.854823, 'Dolorum quam nostrum necessitatibus quos error vel quae libero impedit doloribus odio a.');
INSERT INTO ComplainantDetails VALUES (20590, 10590, 'Varenya Parsa', 33, 1, 1, 1, 1);
INSERT INTO Victim VALUES (30590, 10590, 'Tanvi Nagi', 47, 1, '0');
INSERT INTO Accused VALUES (40590, 10590, 'Vyanjana Bhasin', 44, 1, 'A1');
INSERT INTO ActSectionAssociation VALUES (10590, 'IPC', '302', 1, 1);
INSERT INTO ArrestSurrender VALUES (50590, 10590, 1, '2025-01-29', 29, 445, 1010, 5003, 455, 40590, 1, 0);
INSERT INTO CaseMaster VALUES (10591, '104431007202300591', '202300591', '2025-12-23', 5029, 1007, 1, 1, 101, 201, 1, 453, '2025-12-23 10:00:00', '2025-12-23 11:00:00', '2025-12-23 09:00:00', 13.974867, 75.33555, 'Neque iure architecto deleniti tenetur suscipit quod excepturi ipsam nisi esse sequi.');
INSERT INTO ComplainantDetails VALUES (20591, 10591, 'Akshay Balasubramanian', 37, 1, 1, 1, 1);
INSERT INTO Victim VALUES (30591, 10591, 'Vasana Peri', 31, 1, '0');
INSERT INTO Accused VALUES (40591, 10591, 'Hemang Mistry', 22, 1, 'A1');
INSERT INTO ActSectionAssociation VALUES (10591, 'IPC', '302', 1, 1);
INSERT INTO CaseMaster VALUES (10592, '304431004202600592', '202600592', '2024-08-09', 5009, 1004, 3, 1, 101, 201, 1, 453, '2024-08-06 10:00:00', '2024-08-06 11:00:00', '2024-08-09 09:00:00', 14.251571, 76.650147, 'Laborum placeat officia illum nostrum aperiam et magni ratione architecto minus sit suscipit consequuntur.');
INSERT INTO ComplainantDetails VALUES (20592, 10592, 'Karan Sunder', 49, 1, 1, 1, 1);
INSERT INTO Victim VALUES (30592, 10592, 'Samaksh Balakrishnan', 48, 1, '0');
INSERT INTO Accused VALUES (40592, 10592, 'Rishi Shere', 31, 1, 'A1');
INSERT INTO ActSectionAssociation VALUES (10592, 'IPC', '302', 1, 1);
INSERT INTO CaseMaster VALUES (10593, '104441009202400593', '202400593', '2025-11-12', 5031, 1009, 1, 1, 101, 201, 1, 454, '2025-11-12 10:00:00', '2025-11-12 11:00:00', '2025-11-12 09:00:00', 15.581346, 74.373232, 'Dolore laudantium alias ullam ex repudiandae excepturi iure praesentium tempore explicabo similique consequuntur dolorem deleniti occaecati.');
INSERT INTO ComplainantDetails VALUES (20593, 10593, 'Timothy Vig', 28, 1, 1, 1, 1);
INSERT INTO Victim VALUES (30593, 10593, 'Tejas Ahluwalia', 35, 1, '0');
INSERT INTO Accused VALUES (40593, 10593, 'Luke Chakrabarti', 44, 1, 'A1');
INSERT INTO ActSectionAssociation VALUES (10593, 'IPC', '302', 1, 1);
INSERT INTO ArrestSurrender VALUES (50593, 10593, 1, '2025-11-12', 29, 444, 1009, 5031, 454, 40593, 1, 0);
INSERT INTO CaseMaster VALUES (10594, '304441008202500594', '202500594', '2024-01-24', 5018, 1008, 3, 1, 101, 201, 1, 454, '2024-01-20 10:00:00', '2024-01-20 11:00:00', '2024-01-24 09:00:00', 16.232985, 75.117449, 'Hic dolores eius dolorem earum itaque culpa voluptatem illo facere odio vero unde doloribus et fuga molestiae accusantium explicabo.');
INSERT INTO ComplainantDetails VALUES (20594, 10594, 'Rushil Vohra', 59, 1, 1, 1, 1);
INSERT INTO Victim VALUES (30594, 10594, 'Wazir Kannan', 54, 1, '0');
INSERT INTO Accused VALUES (40594, 10594, 'Thomas Arora', 42, 1, 'A1');
INSERT INTO ActSectionAssociation VALUES (10594, 'IPC', '302', 1, 1);
INSERT INTO CaseMaster VALUES (10595, '304451003202500595', '202500595', '2026-06-19', 5029, 1003, 3, 1, 101, 201, 1, 455, '2026-06-16 10:00:00', '2026-06-16 11:00:00', '2026-06-19 09:00:00', 12.516882, 74.023928, 'Eum fugit itaque facilis modi vitae cum expedita amet quod deserunt alias dicta voluptatibus totam necessitatibus nam vero.');
INSERT INTO ComplainantDetails VALUES (20595, 10595, 'Mohammed Luthra', 45, 1, 1, 1, 1);
INSERT INTO Victim VALUES (30595, 10595, 'Divya Kar', 57, 1, '0');
INSERT INTO Accused VALUES (40595, 10595, 'Rushil Mall', 28, 1, 'A1');
INSERT INTO ActSectionAssociation VALUES (10595, 'IPC', '302', 1, 1);
INSERT INTO ArrestSurrender VALUES (50595, 10595, 1, '2026-06-19', 29, 445, 1003, 5029, 455, 40595, 1, 0);
INSERT INTO CaseMaster VALUES (10596, '304431005202400596', '202400596', '2024-08-11', 5032, 1005, 3, 1, 101, 201, 1, 453, '2024-08-09 10:00:00', '2024-08-09 11:00:00', '2024-08-11 09:00:00', 15.737591, 75.367807, 'Maiores dolorem id ipsa nobis magnam dolorum dicta minus laudantium eaque at cupiditate.');
INSERT INTO ComplainantDetails VALUES (20596, 10596, 'Balendra Samra', 29, 1, 1, 1, 1);
INSERT INTO Victim VALUES (30596, 10596, 'Jalsa Oak', 29, 1, '0');
INSERT INTO Accused VALUES (40596, 10596, 'Dalbir Shere', 36, 1, 'A1');
INSERT INTO ActSectionAssociation VALUES (10596, 'IPC', '302', 1, 1);
INSERT INTO ArrestSurrender VALUES (50596, 10596, 1, '2024-08-11', 29, 443, 1005, 5032, 453, 40596, 1, 0);
INSERT INTO CaseMaster VALUES (10597, '104451003202500597', '202500597', '2026-06-22', 5047, 1003, 1, 1, 101, 201, 1, 455, '2026-06-21 10:00:00', '2026-06-21 11:00:00', '2026-06-22 09:00:00', 12.30459, 76.894482, 'Occaecati distinctio esse sed consequatur doloribus at nesciunt aperiam eaque quia cum facilis vel.');
INSERT INTO ComplainantDetails VALUES (20597, 10597, 'Isaiah Pall', 30, 1, 1, 1, 1);
INSERT INTO Victim VALUES (30597, 10597, 'Triya Cherian', 58, 1, '0');
INSERT INTO Accused VALUES (40597, 10597, 'Frado Rai', 36, 1, 'A1');
INSERT INTO ActSectionAssociation VALUES (10597, 'IPC', '302', 1, 1);
INSERT INTO CaseMaster VALUES (10598, '104451002202500598', '202500598', '2026-02-26', 5026, 1002, 1, 1, 101, 201, 1, 455, '2026-02-26 10:00:00', '2026-02-26 11:00:00', '2026-02-26 09:00:00', 15.663652, 77.871467, 'Dignissimos dolore vitae amet voluptate illum neque perspiciatis dolorum error fugit non recusandae ea explicabo veniam exercitationem blanditiis odio nostrum.');
INSERT INTO ComplainantDetails VALUES (20598, 10598, 'Zayan Sanghvi', 35, 1, 1, 1, 1);
INSERT INTO Victim VALUES (30598, 10598, 'Manya Bobal', 35, 1, '0');
INSERT INTO Accused VALUES (40598, 10598, 'Hritik Chaudhary', 30, 1, 'A1');
INSERT INTO ActSectionAssociation VALUES (10598, 'IPC', '302', 1, 1);
INSERT INTO ArrestSurrender VALUES (50598, 10598, 1, '2026-02-26', 29, 445, 1002, 5026, 455, 40598, 1, 0);
INSERT INTO CaseMaster VALUES (10599, '104451003202300599', '202300599', '2026-06-29', 5041, 1003, 1, 1, 101, 201, 1, 455, '2026-06-24 10:00:00', '2026-06-24 11:00:00', '2026-06-29 09:00:00', 14.686033, 77.216092, 'Quia dignissimos veniam eum ullam debitis hic illo quo odio.');
INSERT INTO ComplainantDetails VALUES (20599, 10599, 'Eesha Comar', 56, 1, 1, 1, 1);
INSERT INTO Victim VALUES (30599, 10599, 'Rachana Naik', 49, 1, '0');
INSERT INTO Accused VALUES (40599, 10599, 'Advaith Shan', 53, 1, 'A1');
INSERT INTO ActSectionAssociation VALUES (10599, 'IPC', '302', 1, 1);
INSERT INTO CaseMaster VALUES (10600, '104431005202500600', '202500600', '2024-12-25', 5013, 1005, 1, 1, 101, 201, 1, 453, '2024-12-22 10:00:00', '2024-12-22 11:00:00', '2024-12-25 09:00:00', 12.586607, 75.969332, 'Alias ex recusandae incidunt libero aperiam alias unde possimus reprehenderit earum officia at voluptates reprehenderit.');
INSERT INTO ComplainantDetails VALUES (20600, 10600, 'Abdul Varghese', 22, 1, 1, 1, 1);
INSERT INTO Victim VALUES (30600, 10600, 'Amruta Andra', 49, 1, '0');
INSERT INTO Accused VALUES (40600, 10600, 'Lakshit Garde', 34, 1, 'A1');
INSERT INTO ActSectionAssociation VALUES (10600, 'IPC', '302', 1, 1);
INSERT INTO ArrestSurrender VALUES (50600, 10600, 1, '2024-12-25', 29, 443, 1005, 5013, 453, 40600, 1, 0);
INSERT INTO CaseMaster VALUES (10601, '104431007202300601', '202300601', '2025-10-26', 5011, 1007, 1, 1, 101, 201, 1, 453, '2025-10-21 10:00:00', '2025-10-21 11:00:00', '2025-10-26 09:00:00', 12.892851, 75.092985, 'Aut itaque commodi officia labore quis amet dolores commodi perspiciatis eaque cupiditate porro aspernatur corrupti explicabo consequuntur.');
INSERT INTO ComplainantDetails VALUES (20601, 10601, 'Zayan Pillai', 47, 1, 1, 1, 1);
INSERT INTO Victim VALUES (30601, 10601, 'Arunima Tak', 52, 1, '0');
INSERT INTO Accused VALUES (40601, 10601, 'Chandani Sridhar', 45, 1, 'A1');
INSERT INTO ActSectionAssociation VALUES (10601, 'IPC', '302', 1, 1);
INSERT INTO ArrestSurrender VALUES (50601, 10601, 1, '2025-10-26', 29, 443, 1007, 5011, 453, 40601, 1, 0);
INSERT INTO CaseMaster VALUES (10602, '304451002202400602', '202400602', '2025-06-20', 5012, 1002, 3, 1, 101, 201, 1, 455, '2025-06-15 10:00:00', '2025-06-15 11:00:00', '2025-06-20 09:00:00', 15.069929, 76.281034, 'Quis doloribus debitis earum minima officia impedit odio magnam quaerat id perspiciatis cupiditate numquam illum voluptatibus recusandae vitae.');
INSERT INTO ComplainantDetails VALUES (20602, 10602, 'Gaurangi Palla', 51, 1, 1, 1, 1);
INSERT INTO Victim VALUES (30602, 10602, 'Ethan Choudhury', 27, 1, '0');
INSERT INTO Accused VALUES (40602, 10602, 'Avi Ganesh', 51, 1, 'A1');
INSERT INTO ActSectionAssociation VALUES (10602, 'IPC', '302', 1, 1);
INSERT INTO ArrestSurrender VALUES (50602, 10602, 1, '2025-06-20', 29, 445, 1002, 5012, 455, 40602, 1, 0);
INSERT INTO CaseMaster VALUES (10603, '104441006202600603', '202600603', '2023-12-27', 5012, 1006, 1, 1, 101, 201, 1, 454, '2023-12-22 10:00:00', '2023-12-22 11:00:00', '2023-12-27 09:00:00', 16.982578, 74.806227, 'Sequi repellat dolores itaque doloribus nihil quas sapiente cum facilis soluta omnis recusandae cum minima sapiente voluptates.');
INSERT INTO ComplainantDetails VALUES (20603, 10603, 'Arunima Yohannan', 29, 1, 1, 1, 1);
INSERT INTO Victim VALUES (30603, 10603, 'Hemal Chauhan', 70, 1, '0');
INSERT INTO Accused VALUES (40603, 10603, 'Frado Raju', 27, 1, 'A1');
INSERT INTO ActSectionAssociation VALUES (10603, 'IPC', '302', 1, 1);
INSERT INTO ArrestSurrender VALUES (50603, 10603, 1, '2023-12-27', 29, 444, 1006, 5012, 454, 40603, 1, 0);
INSERT INTO CaseMaster VALUES (10604, '304431005202500604', '202500604', '2024-11-08', 5050, 1005, 3, 1, 101, 201, 1, 453, '2024-11-05 10:00:00', '2024-11-05 11:00:00', '2024-11-08 09:00:00', 14.661373, 74.85208, 'Quibusdam libero sequi sit blanditiis distinctio distinctio est mollitia aspernatur occaecati voluptate nostrum eveniet atque iste sed.');
INSERT INTO ComplainantDetails VALUES (20604, 10604, 'Vamakshi Jain', 56, 1, 1, 1, 1);
INSERT INTO Victim VALUES (30604, 10604, 'Arjun Narain', 56, 1, '0');
INSERT INTO Accused VALUES (40604, 10604, 'Ranveer Handa', 34, 1, 'A1');
INSERT INTO ActSectionAssociation VALUES (10604, 'IPC', '302', 1, 1);
INSERT INTO ArrestSurrender VALUES (50604, 10604, 1, '2024-11-08', 29, 443, 1005, 5050, 453, 40604, 1, 0);
INSERT INTO CaseMaster VALUES (10605, '304441008202500605', '202500605', '2025-06-23', 5042, 1008, 3, 1, 101, 201, 1, 454, '2025-06-22 10:00:00', '2025-06-22 11:00:00', '2025-06-23 09:00:00', 13.146176, 74.510024, 'Quas officiis ea debitis repudiandae quibusdam provident id quos ipsam sequi maxime debitis optio beatae est voluptate.');
INSERT INTO ComplainantDetails VALUES (20605, 10605, 'Yahvi Saha', 33, 1, 1, 1, 1);
INSERT INTO Victim VALUES (30605, 10605, 'Tarak Gokhale', 57, 1, '0');
INSERT INTO Accused VALUES (40605, 10605, 'Girish Konda', 50, 1, 'A1');
INSERT INTO ActSectionAssociation VALUES (10605, 'IPC', '302', 1, 1);
INSERT INTO CaseMaster VALUES (10606, '104451002202300606', '202300606', '2026-05-24', 5008, 1002, 1, 1, 101, 201, 1, 455, '2026-05-23 10:00:00', '2026-05-23 11:00:00', '2026-05-24 09:00:00', 15.929701, 75.697134, 'Id quibusdam voluptatum cum dolores ipsa delectus velit assumenda doloribus tenetur nisi officia sapiente placeat sapiente dolore perferendis asperiores error.');
INSERT INTO ComplainantDetails VALUES (20606, 10606, 'Anmol Chahal', 21, 1, 1, 1, 1);
INSERT INTO Victim VALUES (30606, 10606, 'Waida Ramesh', 27, 1, '0');
INSERT INTO Accused VALUES (40606, 10606, 'Chaman Bora', 33, 1, 'A1');
INSERT INTO ActSectionAssociation VALUES (10606, 'IPC', '302', 1, 1);
INSERT INTO CaseMaster VALUES (10607, '104441009202300607', '202300607', '2026-05-01', 5015, 1009, 1, 1, 101, 201, 1, 454, '2026-04-26 10:00:00', '2026-04-26 11:00:00', '2026-05-01 09:00:00', 16.048254, 77.416884, 'Voluptas unde error ipsam corporis officiis provident suscipit nihil officia illo nesciunt cum soluta tempora cumque ex cum consectetur assumenda.');
INSERT INTO ComplainantDetails VALUES (20607, 10607, 'Saksham Mohanty', 43, 1, 1, 1, 1);
INSERT INTO Victim VALUES (30607, 10607, 'Nitesh Sengupta', 38, 1, '0');
INSERT INTO Accused VALUES (40607, 10607, 'Logan Dewan', 45, 1, 'A1');
INSERT INTO ActSectionAssociation VALUES (10607, 'IPC', '302', 1, 1);
INSERT INTO ArrestSurrender VALUES (50607, 10607, 1, '2026-05-01', 29, 444, 1009, 5015, 454, 40607, 1, 0);
INSERT INTO CaseMaster VALUES (10608, '104431005202300608', '202300608', '2025-08-20', 5015, 1005, 1, 1, 101, 201, 1, 453, '2025-08-15 10:00:00', '2025-08-15 11:00:00', '2025-08-20 09:00:00', 15.392839, 77.484219, 'Repudiandae officiis neque nulla vel consequuntur maxime facilis explicabo.');
INSERT INTO ComplainantDetails VALUES (20608, 10608, 'Darsh Narayanan', 30, 1, 1, 1, 1);
INSERT INTO Victim VALUES (30608, 10608, 'Mugdha Sankar', 42, 1, '0');
INSERT INTO Accused VALUES (40608, 10608, 'Jasmit Chaudhuri', 42, 1, 'A1');
INSERT INTO ActSectionAssociation VALUES (10608, 'IPC', '302', 1, 1);
INSERT INTO ArrestSurrender VALUES (50608, 10608, 1, '2025-08-20', 29, 443, 1005, 5015, 453, 40608, 1, 0);
INSERT INTO CaseMaster VALUES (10609, '304431005202400609', '202400609', '2025-07-03', 5023, 1005, 3, 1, 101, 201, 1, 453, '2025-07-02 10:00:00', '2025-07-02 11:00:00', '2025-07-03 09:00:00', 14.373978, 77.967201, 'Reiciendis sunt est aliquam voluptatem perferendis enim quo explicabo nesciunt deserunt facilis possimus explicabo officia.');
INSERT INTO ComplainantDetails VALUES (20609, 10609, 'Yashoda Pai', 29, 1, 1, 1, 1);
INSERT INTO Victim VALUES (30609, 10609, 'Bachittar Srinivas', 40, 1, '0');
INSERT INTO Accused VALUES (40609, 10609, 'Neha Subramaniam', 23, 1, 'A1');
INSERT INTO ActSectionAssociation VALUES (10609, 'IPC', '302', 1, 1);
INSERT INTO CaseMaster VALUES (10610, '304441009202300610', '202300610', '2024-05-13', 5006, 1009, 3, 1, 101, 201, 1, 454, '2024-05-13 10:00:00', '2024-05-13 11:00:00', '2024-05-13 09:00:00', 17.517342, 74.716898, 'Doloremque perspiciatis suscipit id ratione quia repellat aspernatur harum aut assumenda omnis animi.');
INSERT INTO ComplainantDetails VALUES (20610, 10610, 'Varsha Singh', 20, 1, 1, 1, 1);
INSERT INTO Victim VALUES (30610, 10610, 'Ishaan Puri', 24, 1, '0');
INSERT INTO Accused VALUES (40610, 10610, 'Girish Barman', 49, 1, 'A1');
INSERT INTO ActSectionAssociation VALUES (10610, 'IPC', '302', 1, 1);
INSERT INTO ArrestSurrender VALUES (50610, 10610, 1, '2024-05-13', 29, 444, 1009, 5006, 454, 40610, 1, 0);
INSERT INTO CaseMaster VALUES (10611, '104441006202300611', '202300611', '2024-05-07', 5038, 1006, 1, 1, 101, 201, 1, 454, '2024-05-07 10:00:00', '2024-05-07 11:00:00', '2024-05-07 09:00:00', 13.806707, 76.78333, 'Aliquid dolorem omnis iure velit repudiandae in laudantium sint amet blanditiis voluptates ut asperiores culpa magnam.');
INSERT INTO ComplainantDetails VALUES (20611, 10611, 'Rayaan Viswanathan', 35, 1, 1, 1, 1);
INSERT INTO Victim VALUES (30611, 10611, 'Chandresh Bhardwaj', 55, 1, '0');
INSERT INTO Accused VALUES (40611, 10611, 'Siddharth Butala', 47, 1, 'A1');
INSERT INTO ActSectionAssociation VALUES (10611, 'IPC', '302', 1, 1);
INSERT INTO ArrestSurrender VALUES (50611, 10611, 1, '2024-05-07', 29, 444, 1006, 5038, 454, 40611, 1, 0);
INSERT INTO CaseMaster VALUES (10612, '104441006202300612', '202300612', '2023-08-29', 5018, 1006, 1, 1, 101, 201, 1, 454, '2023-08-25 10:00:00', '2023-08-25 11:00:00', '2023-08-29 09:00:00', 16.177128, 77.376046, 'Eius voluptas itaque dolorum natus expedita dolorum autem amet occaecati doloribus nam dolor dolore impedit velit id unde quasi.');
INSERT INTO ComplainantDetails VALUES (20612, 10612, 'Praneel Roy', 27, 1, 1, 1, 1);
INSERT INTO Victim VALUES (30612, 10612, 'Libni Choudhury', 20, 1, '0');
INSERT INTO Accused VALUES (40612, 10612, 'Shivani Chopra', 54, 1, 'A1');
INSERT INTO ActSectionAssociation VALUES (10612, 'IPC', '302', 1, 1);
INSERT INTO CaseMaster VALUES (10613, '304431005202600613', '202600613', '2024-08-06', 5042, 1005, 3, 1, 101, 201, 1, 453, '2024-08-06 10:00:00', '2024-08-06 11:00:00', '2024-08-06 09:00:00', 14.062138, 76.118887, 'Voluptatibus aspernatur recusandae dolores sint delectus quos dolorum consequuntur et quaerat tempore cum itaque molestias fugit excepturi consequatur.');
INSERT INTO ComplainantDetails VALUES (20613, 10613, 'Ranbir Sharaf', 34, 1, 1, 1, 1);
INSERT INTO Victim VALUES (30613, 10613, 'Udyati Buch', 65, 1, '0');
INSERT INTO Accused VALUES (40613, 10613, 'Ekbal Ganesh', 42, 1, 'A1');
INSERT INTO ActSectionAssociation VALUES (10613, 'IPC', '302', 1, 1);
INSERT INTO ArrestSurrender VALUES (50613, 10613, 1, '2024-08-06', 29, 443, 1005, 5042, 453, 40613, 1, 0);
INSERT INTO CaseMaster VALUES (10614, '304451010202500614', '202500614', '2025-05-03', 5016, 1010, 3, 1, 101, 201, 1, 455, '2025-04-28 10:00:00', '2025-04-28 11:00:00', '2025-05-03 09:00:00', 13.861355, 76.709812, 'Ab eligendi saepe adipisci recusandae facilis nulla necessitatibus deleniti asperiores neque ea accusantium dolor cum fugit rerum.');
INSERT INTO ComplainantDetails VALUES (20614, 10614, 'Gabriel Sathe', 39, 1, 1, 1, 1);
INSERT INTO Victim VALUES (30614, 10614, 'Ekaja Kapoor', 60, 1, '0');
INSERT INTO Accused VALUES (40614, 10614, 'Balveer Tailor', 34, 1, 'A1');
INSERT INTO ActSectionAssociation VALUES (10614, 'IPC', '302', 1, 1);
INSERT INTO ArrestSurrender VALUES (50614, 10614, 1, '2025-05-03', 29, 445, 1010, 5016, 455, 40614, 1, 0);
INSERT INTO CaseMaster VALUES (10615, '304451003202600615', '202600615', '2025-03-05', 5017, 1003, 3, 1, 101, 201, 1, 455, '2025-02-28 10:00:00', '2025-02-28 11:00:00', '2025-03-05 09:00:00', 13.757633, 74.754416, 'Quia ipsum iusto a voluptatum id in praesentium voluptatibus.');
INSERT INTO ComplainantDetails VALUES (20615, 10615, 'Ishanvi Sahota', 20, 1, 1, 1, 1);
INSERT INTO Victim VALUES (30615, 10615, 'Ekaraj Doctor', 36, 1, '0');
INSERT INTO Accused VALUES (40615, 10615, 'Dipta Halder', 44, 1, 'A1');
INSERT INTO ActSectionAssociation VALUES (10615, 'IPC', '302', 1, 1);
INSERT INTO ArrestSurrender VALUES (50615, 10615, 1, '2025-03-05', 29, 445, 1003, 5017, 455, 40615, 1, 0);
INSERT INTO CaseMaster VALUES (10616, '304431007202500616', '202500616', '2026-02-18', 5040, 1007, 3, 1, 101, 201, 1, 453, '2026-02-18 10:00:00', '2026-02-18 11:00:00', '2026-02-18 09:00:00', 17.601795, 76.68487, 'Impedit dignissimos eum magnam repellat rerum autem quasi est facilis nostrum minima dolor dolorem placeat quis repellat aspernatur.');
INSERT INTO ComplainantDetails VALUES (20616, 10616, 'Caleb Chhabra', 38, 1, 1, 1, 1);
INSERT INTO Victim VALUES (30616, 10616, 'Varenya Malhotra', 33, 1, '0');
INSERT INTO Accused VALUES (40616, 10616, 'Hitesh Srinivas', 55, 1, 'A1');
INSERT INTO ActSectionAssociation VALUES (10616, 'IPC', '302', 1, 1);
INSERT INTO CaseMaster VALUES (10617, '304431005202500617', '202500617', '2024-03-21', 5014, 1005, 3, 1, 101, 201, 1, 453, '2024-03-20 10:00:00', '2024-03-20 11:00:00', '2024-03-21 09:00:00', 12.682662, 77.673933, 'Et magnam sit repellendus eum temporibus saepe aliquam unde rerum dolores officia porro unde quam ipsam aliquam excepturi magnam exercitationem.');
INSERT INTO ComplainantDetails VALUES (20617, 10617, 'Onkar Ramakrishnan', 26, 1, 1, 1, 1);
INSERT INTO Victim VALUES (30617, 10617, 'Timothy Dora', 34, 1, '0');
INSERT INTO Accused VALUES (40617, 10617, 'Isaac Patil', 34, 1, 'A1');
INSERT INTO ActSectionAssociation VALUES (10617, 'IPC', '302', 1, 1);
INSERT INTO ArrestSurrender VALUES (50617, 10617, 1, '2024-03-21', 29, 443, 1005, 5014, 453, 40617, 1, 0);
INSERT INTO CaseMaster VALUES (10618, '104441009202300618', '202300618', '2023-11-03', 5019, 1009, 1, 1, 101, 201, 1, 454, '2023-11-01 10:00:00', '2023-11-01 11:00:00', '2023-11-03 09:00:00', 15.834851, 74.879744, 'Sint eos debitis tempora perferendis culpa nulla cupiditate repellendus eos deleniti esse aspernatur consectetur soluta numquam impedit culpa.');
INSERT INTO ComplainantDetails VALUES (20618, 10618, 'Laksh Chana', 48, 1, 1, 1, 1);
INSERT INTO Victim VALUES (30618, 10618, 'Jacob Krishna', 20, 1, '0');
INSERT INTO Accused VALUES (40618, 10618, 'Tanvi Datta', 43, 1, 'A1');
INSERT INTO ActSectionAssociation VALUES (10618, 'IPC', '302', 1, 1);
INSERT INTO ArrestSurrender VALUES (50618, 10618, 1, '2023-11-03', 29, 444, 1009, 5019, 454, 40618, 1, 0);
INSERT INTO CaseMaster VALUES (10619, '104441006202300619', '202300619', '2025-12-11', 5044, 1006, 1, 1, 101, 201, 1, 454, '2025-12-08 10:00:00', '2025-12-08 11:00:00', '2025-12-11 09:00:00', 12.360557, 76.674457, 'Totam similique suscipit est modi quia reprehenderit iste voluptas dicta labore suscipit dolores officia nam praesentium expedita et nihil consequuntur tenetur.');
INSERT INTO ComplainantDetails VALUES (20619, 10619, 'Samuel Narula', 29, 1, 1, 1, 1);
INSERT INTO Victim VALUES (30619, 10619, 'Harrison Kara', 30, 1, '0');
INSERT INTO Accused VALUES (40619, 10619, 'Urmi Uppal', 30, 1, 'A1');
INSERT INTO ActSectionAssociation VALUES (10619, 'IPC', '302', 1, 1);
INSERT INTO ArrestSurrender VALUES (50619, 10619, 1, '2025-12-11', 29, 444, 1006, 5044, 454, 40619, 1, 0);
INSERT INTO CaseMaster VALUES (10620, '104441009202300620', '202300620', '2025-04-30', 5047, 1009, 1, 1, 101, 201, 1, 454, '2025-04-28 10:00:00', '2025-04-28 11:00:00', '2025-04-30 09:00:00', 16.595628, 74.561055, 'Pariatur iusto non nobis consequatur quae illum animi natus nisi ipsa recusandae quos ad totam quasi.');
INSERT INTO ComplainantDetails VALUES (20620, 10620, 'Isha Nagy', 54, 1, 1, 1, 1);
INSERT INTO Victim VALUES (30620, 10620, 'Isaac Mukherjee', 20, 1, '0');
INSERT INTO Accused VALUES (40620, 10620, 'Theodore Doshi', 32, 1, 'A1');
INSERT INTO ActSectionAssociation VALUES (10620, 'IPC', '302', 1, 1);
INSERT INTO CaseMaster VALUES (10621, '104451010202500621', '202500621', '2024-06-11', 5043, 1010, 1, 1, 101, 201, 1, 455, '2024-06-08 10:00:00', '2024-06-08 11:00:00', '2024-06-11 09:00:00', 17.234957, 74.406053, 'Esse provident animi quia nihil voluptates quis consequuntur amet.');
INSERT INTO ComplainantDetails VALUES (20621, 10621, 'Aryan Parekh', 57, 1, 1, 1, 1);
INSERT INTO Victim VALUES (30621, 10621, 'Watika Ganesan', 23, 1, '0');
INSERT INTO Accused VALUES (40621, 10621, 'Vihaan Cherian', 22, 1, 'A1');
INSERT INTO ActSectionAssociation VALUES (10621, 'IPC', '302', 1, 1);
INSERT INTO ArrestSurrender VALUES (50621, 10621, 1, '2024-06-11', 29, 445, 1010, 5043, 455, 40621, 1, 0);
INSERT INTO CaseMaster VALUES (10622, '304451002202400622', '202400622', '2026-04-16', 5029, 1002, 3, 1, 101, 201, 1, 455, '2026-04-14 10:00:00', '2026-04-14 11:00:00', '2026-04-16 09:00:00', 15.945608, 77.674478, 'Consectetur accusantium dolore id nam doloribus delectus ipsam officiis saepe error pariatur minima unde excepturi fugit.');
INSERT INTO ComplainantDetails VALUES (20622, 10622, 'Jacob Iyengar', 36, 1, 1, 1, 1);
INSERT INTO Victim VALUES (30622, 10622, 'Chandani Garde', 35, 1, '0');
INSERT INTO Accused VALUES (40622, 10622, 'Owen Garde', 50, 1, 'A1');
INSERT INTO ActSectionAssociation VALUES (10622, 'IPC', '302', 1, 1);
INSERT INTO CaseMaster VALUES (10623, '304441008202400623', '202400623', '2026-04-04', 5003, 1008, 3, 1, 101, 201, 1, 454, '2026-04-02 10:00:00', '2026-04-02 11:00:00', '2026-04-04 09:00:00', 16.517473, 75.517766, 'Unde sequi dicta minima a nobis vitae cumque distinctio earum id.');
INSERT INTO ComplainantDetails VALUES (20623, 10623, 'Anusha Dugar', 29, 1, 1, 1, 1);
INSERT INTO Victim VALUES (30623, 10623, 'Bimala Datta', 21, 1, '0');
INSERT INTO Accused VALUES (40623, 10623, 'Abha Khurana', 49, 1, 'A1');
INSERT INTO ActSectionAssociation VALUES (10623, 'IPC', '302', 1, 1);
INSERT INTO ArrestSurrender VALUES (50623, 10623, 1, '2026-04-04', 29, 444, 1008, 5003, 454, 40623, 1, 0);
INSERT INTO CaseMaster VALUES (10624, '304431005202500624', '202500624', '2024-10-01', 5011, 1005, 3, 1, 101, 201, 1, 453, '2024-09-29 10:00:00', '2024-09-29 11:00:00', '2024-10-01 09:00:00', 15.841344, 74.472897, 'Voluptatum quis porro consectetur cumque aliquid omnis assumenda esse quos aut ducimus.');
INSERT INTO ComplainantDetails VALUES (20624, 10624, 'Janani Mandal', 35, 1, 1, 1, 1);
INSERT INTO Victim VALUES (30624, 10624, 'Zilmil Sheth', 50, 1, '0');
INSERT INTO Accused VALUES (40624, 10624, 'Ati Bali', 34, 1, 'A1');
INSERT INTO ActSectionAssociation VALUES (10624, 'IPC', '302', 1, 1);
INSERT INTO ArrestSurrender VALUES (50624, 10624, 1, '2024-10-01', 29, 443, 1005, 5011, 453, 40624, 1, 0);
INSERT INTO CaseMaster VALUES (10625, '304441009202400625', '202400625', '2025-01-21', 5028, 1009, 3, 1, 101, 201, 1, 454, '2025-01-16 10:00:00', '2025-01-16 11:00:00', '2025-01-21 09:00:00', 15.300543, 75.740309, 'Repellendus sapiente dignissimos voluptate adipisci debitis odio illum quod corporis dolorum cumque.');
INSERT INTO ComplainantDetails VALUES (20625, 10625, 'Harish Jain', 24, 1, 1, 1, 1);
INSERT INTO Victim VALUES (30625, 10625, 'Ekantika Acharya', 36, 1, '0');
INSERT INTO Accused VALUES (40625, 10625, 'Idika Pingle', 45, 1, 'A1');
INSERT INTO ActSectionAssociation VALUES (10625, 'IPC', '302', 1, 1);
INSERT INTO CaseMaster VALUES (10626, '304441008202600626', '202600626', '2023-11-30', 5028, 1008, 3, 1, 101, 201, 1, 454, '2023-11-30 10:00:00', '2023-11-30 11:00:00', '2023-11-30 09:00:00', 14.315417, 75.698392, 'Vel iusto iure incidunt placeat ducimus porro rerum aliquam impedit pariatur at laborum aliquam autem quod illo temporibus blanditiis.');
INSERT INTO ComplainantDetails VALUES (20626, 10626, 'Mason Wagle', 45, 1, 1, 1, 1);
INSERT INTO Victim VALUES (30626, 10626, 'Daksha Ramachandran', 49, 1, '0');
INSERT INTO Accused VALUES (40626, 10626, 'Amol Sarna', 37, 1, 'A1');
INSERT INTO ActSectionAssociation VALUES (10626, 'IPC', '302', 1, 1);
INSERT INTO CaseMaster VALUES (10627, '104451010202500627', '202500627', '2025-11-05', 5038, 1010, 1, 1, 101, 201, 1, 455, '2025-11-01 10:00:00', '2025-11-01 11:00:00', '2025-11-05 09:00:00', 17.280422, 74.144502, 'Molestiae velit esse sit perferendis amet nobis facilis quam delectus nisi modi assumenda officiis illum excepturi blanditiis vitae doloremque reprehenderit.');
INSERT INTO ComplainantDetails VALUES (20627, 10627, 'Idika Dhawan', 34, 1, 1, 1, 1);
INSERT INTO Victim VALUES (30627, 10627, 'Forum Raval', 23, 1, '0');
INSERT INTO Accused VALUES (40627, 10627, 'Amaira Chokshi', 37, 1, 'A1');
INSERT INTO ActSectionAssociation VALUES (10627, 'IPC', '302', 1, 1);
INSERT INTO ArrestSurrender VALUES (50627, 10627, 1, '2025-11-05', 29, 445, 1010, 5038, 455, 40627, 1, 0);
INSERT INTO CaseMaster VALUES (10628, '304441009202500628', '202500628', '2026-05-14', 5014, 1009, 3, 1, 101, 201, 1, 454, '2026-05-10 10:00:00', '2026-05-10 11:00:00', '2026-05-14 09:00:00', 14.677369, 74.49329, 'Iste natus non velit distinctio sunt est minima eligendi.');
INSERT INTO ComplainantDetails VALUES (20628, 10628, 'Yagnesh Panchal', 41, 1, 1, 1, 1);
INSERT INTO Victim VALUES (30628, 10628, 'Sneha Chaudhuri', 41, 1, '0');
INSERT INTO Accused VALUES (40628, 10628, 'Brinda Deshpande', 22, 1, 'A1');
INSERT INTO ActSectionAssociation VALUES (10628, 'IPC', '302', 1, 1);
INSERT INTO ArrestSurrender VALUES (50628, 10628, 1, '2026-05-14', 29, 444, 1009, 5014, 454, 40628, 1, 0);
INSERT INTO CaseMaster VALUES (10629, '304451001202400629', '202400629', '2024-11-29', 5018, 1001, 3, 1, 101, 201, 1, 455, '2024-11-24 10:00:00', '2024-11-24 11:00:00', '2024-11-29 09:00:00', 16.281759, 77.777531, 'Reprehenderit earum incidunt velit ipsa laborum ab a occaecati recusandae iste animi blanditiis necessitatibus qui quam eius optio.');
INSERT INTO ComplainantDetails VALUES (20629, 10629, 'Gaurang Mitter', 50, 1, 1, 1, 1);
INSERT INTO Victim VALUES (30629, 10629, 'Vanya Ram', 27, 1, '0');
INSERT INTO Accused VALUES (40629, 10629, 'Rudra Jaggi', 48, 1, 'A1');
INSERT INTO ActSectionAssociation VALUES (10629, 'IPC', '302', 1, 1);
INSERT INTO CaseMaster VALUES (10630, '104441009202400630', '202400630', '2023-11-21', 5010, 1009, 1, 1, 101, 201, 1, 454, '2023-11-17 10:00:00', '2023-11-17 11:00:00', '2023-11-21 09:00:00', 16.068175, 75.807487, 'Occaecati nesciunt doloremque quaerat suscipit doloribus labore est dolore rerum at tenetur doloremque similique magni ullam.');
INSERT INTO ComplainantDetails VALUES (20630, 10630, 'Banjeet Singh', 48, 1, 1, 1, 1);
INSERT INTO Victim VALUES (30630, 10630, 'Vasudha Bail', 35, 1, '0');
INSERT INTO Accused VALUES (40630, 10630, 'Anya Sachdeva', 39, 1, 'A1');
INSERT INTO ActSectionAssociation VALUES (10630, 'IPC', '302', 1, 1);
INSERT INTO CaseMaster VALUES (10631, '104441008202400631', '202400631', '2023-08-19', 5004, 1008, 1, 1, 101, 201, 1, 454, '2023-08-19 10:00:00', '2023-08-19 11:00:00', '2023-08-19 09:00:00', 17.706481, 75.079006, 'Omnis provident magni id doloremque exercitationem eligendi perspiciatis veritatis qui provident cum atque numquam doloremque sapiente.');
INSERT INTO ComplainantDetails VALUES (20631, 10631, 'Devika Swamy', 42, 1, 1, 1, 1);
INSERT INTO Victim VALUES (30631, 10631, 'Krish Kade', 46, 1, '0');
INSERT INTO Accused VALUES (40631, 10631, 'Harish Gour', 25, 1, 'A1');
INSERT INTO ActSectionAssociation VALUES (10631, 'IPC', '302', 1, 1);
INSERT INTO ArrestSurrender VALUES (50631, 10631, 1, '2023-08-19', 29, 444, 1008, 5004, 454, 40631, 1, 0);
INSERT INTO CaseMaster VALUES (10632, '304431005202400632', '202400632', '2026-05-15', 5029, 1005, 3, 1, 101, 201, 1, 453, '2026-05-10 10:00:00', '2026-05-10 11:00:00', '2026-05-15 09:00:00', 17.60261, 74.000226, 'Fuga corrupti id ullam blanditiis explicabo nam aut dignissimos quod magni voluptates quasi quo ullam rem tempore voluptatum neque placeat soluta.');
INSERT INTO ComplainantDetails VALUES (20632, 10632, 'Urmi Shah', 36, 1, 1, 1, 1);
INSERT INTO Victim VALUES (30632, 10632, 'Indrajit Amble', 31, 1, '0');
INSERT INTO Accused VALUES (40632, 10632, 'Sanaya Kata', 55, 1, 'A1');
INSERT INTO ActSectionAssociation VALUES (10632, 'IPC', '302', 1, 1);
INSERT INTO CaseMaster VALUES (10633, '304431007202400633', '202400633', '2023-11-06', 5033, 1007, 3, 1, 101, 201, 1, 453, '2023-11-04 10:00:00', '2023-11-04 11:00:00', '2023-11-06 09:00:00', 16.086298, 74.338784, 'Nisi maxime nulla sunt tempora ratione ea dolores enim architecto voluptas ipsa velit commodi error pariatur consectetur maxime temporibus quam.');
INSERT INTO ComplainantDetails VALUES (20633, 10633, 'Dalbir Dara', 30, 1, 1, 1, 1);
INSERT INTO Victim VALUES (30633, 10633, 'Chaaya Sawhney', 68, 1, '0');
INSERT INTO Accused VALUES (40633, 10633, 'Nikita Tara', 46, 1, 'A1');
INSERT INTO ActSectionAssociation VALUES (10633, 'IPC', '302', 1, 1);
INSERT INTO ArrestSurrender VALUES (50633, 10633, 1, '2023-11-06', 29, 443, 1007, 5033, 453, 40633, 1, 0);
INSERT INTO CaseMaster VALUES (10634, '104451002202500634', '202500634', '2024-10-24', 5049, 1002, 1, 1, 101, 201, 1, 455, '2024-10-23 10:00:00', '2024-10-23 11:00:00', '2024-10-24 09:00:00', 14.553543, 77.038571, 'Ipsam dolorem perferendis molestiae pariatur voluptas fugit pariatur aut aliquam sed non commodi quasi harum aut beatae.');
INSERT INTO ComplainantDetails VALUES (20634, 10634, 'Frederick Sachar', 20, 1, 1, 1, 1);
INSERT INTO Victim VALUES (30634, 10634, 'Kiaan Dass', 47, 1, '0');
INSERT INTO Accused VALUES (40634, 10634, 'Madhav Randhawa', 24, 1, 'A1');
INSERT INTO ActSectionAssociation VALUES (10634, 'IPC', '302', 1, 1);
INSERT INTO CaseMaster VALUES (10635, '304441006202400635', '202400635', '2026-04-22', 5009, 1006, 3, 1, 101, 201, 1, 454, '2026-04-17 10:00:00', '2026-04-17 11:00:00', '2026-04-22 09:00:00', 14.042815, 74.337208, 'Tenetur minima dignissimos necessitatibus rerum quam non dolor rem velit magnam veritatis amet cupiditate eaque consectetur id iusto.');
INSERT INTO ComplainantDetails VALUES (20635, 10635, 'Vincent Kunda', 32, 1, 1, 1, 1);
INSERT INTO Victim VALUES (30635, 10635, 'Hemani Nadig', 44, 1, '0');
INSERT INTO Accused VALUES (40635, 10635, 'Zashil Datta', 43, 1, 'A1');
INSERT INTO ActSectionAssociation VALUES (10635, 'IPC', '302', 1, 1);
INSERT INTO ArrestSurrender VALUES (50635, 10635, 1, '2026-04-22', 29, 444, 1006, 5009, 454, 40635, 1, 0);
INSERT INTO CaseMaster VALUES (10636, '104451003202500636', '202500636', '2026-05-13', 5024, 1003, 1, 1, 101, 201, 1, 455, '2026-05-08 10:00:00', '2026-05-08 11:00:00', '2026-05-13 09:00:00', 14.321336, 74.54633, 'Libero dolores veniam aliquam exercitationem aspernatur perferendis quis nulla dolorum pariatur quia.');
INSERT INTO ComplainantDetails VALUES (20636, 10636, 'Ishani Singhal', 44, 1, 1, 1, 1);
INSERT INTO Victim VALUES (30636, 10636, 'Raghav Kari', 24, 1, '0');
INSERT INTO Accused VALUES (40636, 10636, 'Samesh Sastry', 19, 1, 'A1');
INSERT INTO ActSectionAssociation VALUES (10636, 'IPC', '302', 1, 1);
INSERT INTO ArrestSurrender VALUES (50636, 10636, 1, '2026-05-13', 29, 445, 1003, 5024, 455, 40636, 1, 0);
INSERT INTO CaseMaster VALUES (10637, '104431007202400637', '202400637', '2024-03-08', 5021, 1007, 1, 1, 101, 201, 1, 453, '2024-03-07 10:00:00', '2024-03-07 11:00:00', '2024-03-08 09:00:00', 12.928778, 74.0054, 'Beatae dolores molestias libero pariatur nulla beatae non commodi exercitationem odio quidem sunt animi architecto tempore.');
INSERT INTO ComplainantDetails VALUES (20637, 10637, 'Gayathri Kala', 41, 1, 1, 1, 1);
INSERT INTO Victim VALUES (30637, 10637, 'Odika Mitter', 46, 1, '0');
INSERT INTO Accused VALUES (40637, 10637, 'Pratyush Dey', 48, 1, 'A1');
INSERT INTO ActSectionAssociation VALUES (10637, 'IPC', '302', 1, 1);
INSERT INTO CaseMaster VALUES (10638, '104451002202600638', '202600638', '2023-07-31', 5023, 1002, 1, 1, 101, 201, 1, 455, '2023-07-28 10:00:00', '2023-07-28 11:00:00', '2023-07-31 09:00:00', 12.460743, 75.699552, 'Magnam architecto odio soluta qui laboriosam voluptate magni natus optio repellat velit distinctio hic illum dolorem beatae.');
INSERT INTO ComplainantDetails VALUES (20638, 10638, 'Gauri Sachdev', 53, 1, 1, 1, 1);
INSERT INTO Victim VALUES (30638, 10638, 'Anthony Ramaswamy', 56, 1, '0');
INSERT INTO Accused VALUES (40638, 10638, 'Elijah Ray', 28, 1, 'A1');
INSERT INTO ActSectionAssociation VALUES (10638, 'IPC', '302', 1, 1);
INSERT INTO CaseMaster VALUES (10639, '104451010202300639', '202300639', '2024-08-29', 5003, 1010, 1, 1, 101, 201, 1, 455, '2024-08-24 10:00:00', '2024-08-24 11:00:00', '2024-08-29 09:00:00', 12.733916, 77.90407, 'Consequuntur quam repudiandae magnam tenetur occaecati reprehenderit molestiae recusandae eum et voluptas officiis fugiat quos excepturi eos quo neque non.');
INSERT INTO ComplainantDetails VALUES (20639, 10639, 'Girish Bajaj', 51, 1, 1, 1, 1);
INSERT INTO Victim VALUES (30639, 10639, 'Ayush Sharaf', 55, 1, '0');
INSERT INTO Accused VALUES (40639, 10639, 'Ekta Thaker', 23, 1, 'A1');
INSERT INTO ActSectionAssociation VALUES (10639, 'IPC', '302', 1, 1);
INSERT INTO ArrestSurrender VALUES (50639, 10639, 1, '2024-08-29', 29, 445, 1010, 5003, 455, 40639, 1, 0);
INSERT INTO CaseMaster VALUES (10640, '304451003202400640', '202400640', '2025-08-11', 5021, 1003, 3, 1, 101, 201, 1, 455, '2025-08-11 10:00:00', '2025-08-11 11:00:00', '2025-08-11 09:00:00', 16.132389, 76.147245, 'Eius eos sed pariatur nemo natus officiis similique porro expedita.');
INSERT INTO ComplainantDetails VALUES (20640, 10640, 'Upkaar Mahajan', 49, 1, 1, 1, 1);
INSERT INTO Victim VALUES (30640, 10640, 'Jeremiah Luthra', 35, 1, '0');
INSERT INTO Accused VALUES (40640, 10640, 'Madhavi Madan', 31, 1, 'A1');
INSERT INTO ActSectionAssociation VALUES (10640, 'IPC', '302', 1, 1);
INSERT INTO CaseMaster VALUES (10641, '104441009202500641', '202500641', '2024-11-02', 5015, 1009, 1, 1, 101, 201, 1, 454, '2024-11-01 10:00:00', '2024-11-01 11:00:00', '2024-11-02 09:00:00', 14.117932, 77.524878, 'Accusantium quasi porro autem error aliquam aut in corporis placeat beatae exercitationem.');
INSERT INTO ComplainantDetails VALUES (20641, 10641, 'Samar Bhagat', 55, 1, 1, 1, 1);
INSERT INTO Victim VALUES (30641, 10641, 'Yochana Ramakrishnan', 30, 1, '0');
INSERT INTO Accused VALUES (40641, 10641, 'Jasmit Rajagopalan', 54, 1, 'A1');
INSERT INTO ActSectionAssociation VALUES (10641, 'IPC', '302', 1, 1);
INSERT INTO CaseMaster VALUES (10642, '304451002202600642', '202600642', '2025-08-02', 5005, 1002, 3, 1, 101, 201, 1, 455, '2025-07-28 10:00:00', '2025-07-28 11:00:00', '2025-08-02 09:00:00', 13.276477, 77.703116, 'Dicta iure aliquam occaecati qui nemo esse cupiditate quia aperiam culpa corporis dolor accusamus tempora voluptatem maxime neque.');
INSERT INTO ComplainantDetails VALUES (20642, 10642, 'Isha Puri', 44, 1, 1, 1, 1);
INSERT INTO Victim VALUES (30642, 10642, 'Devika Bhatt', 30, 1, '0');
INSERT INTO Accused VALUES (40642, 10642, 'Mekhala Chad', 49, 1, 'A1');
INSERT INTO ActSectionAssociation VALUES (10642, 'IPC', '302', 1, 1);
INSERT INTO CaseMaster VALUES (10643, '304431007202400643', '202400643', '2024-12-06', 5020, 1007, 3, 1, 101, 201, 1, 453, '2024-12-02 10:00:00', '2024-12-02 11:00:00', '2024-12-06 09:00:00', 14.557375, 75.717545, 'Tenetur inventore maiores ex eveniet voluptatem rerum enim aspernatur consequatur ex possimus quo quisquam cumque possimus.');
INSERT INTO ComplainantDetails VALUES (20643, 10643, 'Aachal Thakkar', 58, 1, 1, 1, 1);
INSERT INTO Victim VALUES (30643, 10643, 'Krish Gokhale', 53, 1, '0');
INSERT INTO Accused VALUES (40643, 10643, 'Ayushman Rai', 40, 1, 'A1');
INSERT INTO ActSectionAssociation VALUES (10643, 'IPC', '302', 1, 1);
INSERT INTO ArrestSurrender VALUES (50643, 10643, 1, '2024-12-06', 29, 443, 1007, 5020, 453, 40643, 1, 0);
INSERT INTO CaseMaster VALUES (10644, '304431007202400644', '202400644', '2025-12-18', 5015, 1007, 3, 1, 101, 201, 1, 453, '2025-12-14 10:00:00', '2025-12-14 11:00:00', '2025-12-18 09:00:00', 17.555665, 74.614121, 'Quas quia aperiam illum provident voluptatibus at provident odio alias cum repellat inventore est ipsa velit eius molestiae optio ex facere.');
INSERT INTO ComplainantDetails VALUES (20644, 10644, 'Frado Handa', 29, 1, 1, 1, 1);
INSERT INTO Victim VALUES (30644, 10644, 'Forum Thaker', 38, 1, '0');
INSERT INTO Accused VALUES (40644, 10644, 'Janani Aggarwal', 21, 1, 'A1');
INSERT INTO ActSectionAssociation VALUES (10644, 'IPC', '302', 1, 1);
INSERT INTO ArrestSurrender VALUES (50644, 10644, 1, '2025-12-18', 29, 443, 1007, 5015, 453, 40644, 1, 0);
INSERT INTO CaseMaster VALUES (10645, '304441006202300645', '202300645', '2024-11-15', 5003, 1006, 3, 1, 101, 201, 1, 454, '2024-11-11 10:00:00', '2024-11-11 11:00:00', '2024-11-15 09:00:00', 16.757914, 74.824157, 'Incidunt ipsum unde vel cum magni impedit error expedita animi architecto pariatur itaque inventore excepturi.');
INSERT INTO ComplainantDetails VALUES (20645, 10645, 'Dalaja Rajagopal', 30, 1, 1, 1, 1);
INSERT INTO Victim VALUES (30645, 10645, 'Ria More', 18, 1, '0');
INSERT INTO Accused VALUES (40645, 10645, 'Fitan Bakshi', 55, 1, 'A1');
INSERT INTO ActSectionAssociation VALUES (10645, 'IPC', '302', 1, 1);
INSERT INTO CaseMaster VALUES (10646, '104431004202400646', '202400646', '2026-01-15', 5024, 1004, 1, 1, 101, 201, 1, 453, '2026-01-13 10:00:00', '2026-01-13 11:00:00', '2026-01-15 09:00:00', 14.711922, 77.978698, 'Similique maiores voluptatum numquam ullam adipisci ab quasi neque dolores.');
INSERT INTO ComplainantDetails VALUES (20646, 10646, 'Panini Ratta', 23, 1, 1, 1, 1);
INSERT INTO Victim VALUES (30646, 10646, 'Oscar Luthra', 39, 1, '0');
INSERT INTO Accused VALUES (40646, 10646, 'Nathan Date', 52, 1, 'A1');
INSERT INTO ActSectionAssociation VALUES (10646, 'IPC', '302', 1, 1);
INSERT INTO ArrestSurrender VALUES (50646, 10646, 1, '2026-01-15', 29, 443, 1004, 5024, 453, 40646, 1, 0);
INSERT INTO CaseMaster VALUES (10647, '104431007202300647', '202300647', '2026-03-22', 5030, 1007, 1, 1, 101, 201, 1, 453, '2026-03-19 10:00:00', '2026-03-19 11:00:00', '2026-03-22 09:00:00', 12.568547, 74.85837, 'Veritatis in accusamus aliquam nemo dolor rem ipsum laudantium repudiandae.');
INSERT INTO ComplainantDetails VALUES (20647, 10647, 'Nakul Patla', 50, 1, 1, 1, 1);
INSERT INTO Victim VALUES (30647, 10647, 'Champak Thaman', 53, 1, '0');
INSERT INTO Accused VALUES (40647, 10647, 'Mugdha Sani', 33, 1, 'A1');
INSERT INTO ActSectionAssociation VALUES (10647, 'IPC', '302', 1, 1);
INSERT INTO CaseMaster VALUES (10648, '304451003202600648', '202600648', '2025-08-19', 5014, 1003, 3, 1, 101, 201, 1, 455, '2025-08-18 10:00:00', '2025-08-18 11:00:00', '2025-08-19 09:00:00', 15.2247, 76.806874, 'Assumenda autem recusandae vel soluta dolores magni odit velit quidem libero.');
INSERT INTO ComplainantDetails VALUES (20648, 10648, 'Om Sibal', 25, 1, 1, 1, 1);
INSERT INTO Victim VALUES (30648, 10648, 'Ryan Sehgal', 44, 1, '0');
INSERT INTO Accused VALUES (40648, 10648, 'Baljiwan Pillay', 22, 1, 'A1');
INSERT INTO ActSectionAssociation VALUES (10648, 'IPC', '302', 1, 1);
INSERT INTO ArrestSurrender VALUES (50648, 10648, 1, '2025-08-19', 29, 445, 1003, 5014, 455, 40648, 1, 0);
INSERT INTO CaseMaster VALUES (10649, '304431007202500649', '202500649', '2024-11-14', 5029, 1007, 3, 1, 101, 201, 1, 453, '2024-11-13 10:00:00', '2024-11-13 11:00:00', '2024-11-14 09:00:00', 14.242518, 74.75133, 'Modi beatae provident doloremque a explicabo officiis labore illo ex recusandae quos voluptas magni maiores ullam dignissimos dolores nobis.');
INSERT INTO ComplainantDetails VALUES (20649, 10649, 'Banjeet Tata', 40, 1, 1, 1, 1);
INSERT INTO Victim VALUES (30649, 10649, 'Peter Kari', 27, 1, '0');
INSERT INTO Accused VALUES (40649, 10649, 'Abhimanyu Sastry', 23, 1, 'A1');
INSERT INTO ActSectionAssociation VALUES (10649, 'IPC', '302', 1, 1);
INSERT INTO ArrestSurrender VALUES (50649, 10649, 1, '2024-11-14', 29, 443, 1007, 5029, 453, 40649, 1, 0);
INSERT INTO CaseMaster VALUES (10650, '304451002202400650', '202400650', '2025-06-02', 5008, 1002, 3, 1, 101, 201, 1, 455, '2025-05-30 10:00:00', '2025-05-30 11:00:00', '2025-06-02 09:00:00', 15.140725, 74.428352, 'Doloribus quae officiis non ex cum itaque voluptas excepturi nemo quis voluptatum esse iusto nobis sapiente fugit repellendus excepturi similique.');
INSERT INTO ComplainantDetails VALUES (20650, 10650, 'Kavya Dugal', 27, 1, 1, 1, 1);
INSERT INTO Victim VALUES (30650, 10650, 'Tristan Parekh', 29, 1, '0');
INSERT INTO Accused VALUES (40650, 10650, 'Balveer Chadha', 41, 1, 'A1');
INSERT INTO ActSectionAssociation VALUES (10650, 'IPC', '302', 1, 1);
INSERT INTO CaseMaster VALUES (10651, '104451001202500651', '202500651', '2024-12-28', 5040, 1001, 1, 1, 101, 201, 1, 455, '2024-12-28 10:00:00', '2024-12-28 11:00:00', '2024-12-28 09:00:00', 16.04555, 77.813915, 'Repudiandae nobis similique quas incidunt eum ut culpa aliquid ut ratione.');
INSERT INTO ComplainantDetails VALUES (20651, 10651, 'Gabriel Kulkarni', 48, 1, 1, 1, 1);
INSERT INTO Victim VALUES (30651, 10651, 'Nimrat Manda', 48, 1, '0');
INSERT INTO Accused VALUES (40651, 10651, 'Damini Mangat', 38, 1, 'A1');
INSERT INTO ActSectionAssociation VALUES (10651, 'IPC', '302', 1, 1);
INSERT INTO ArrestSurrender VALUES (50651, 10651, 1, '2024-12-28', 29, 445, 1001, 5040, 455, 40651, 1, 0);
INSERT INTO CaseMaster VALUES (10652, '304431005202600652', '202600652', '2025-05-03', 5041, 1005, 3, 1, 101, 201, 1, 453, '2025-04-29 10:00:00', '2025-04-29 11:00:00', '2025-05-03 09:00:00', 12.842657, 77.520217, 'Sequi placeat dolorum sit laudantium iusto cupiditate itaque eligendi voluptate alias maxime tempore exercitationem debitis odit ex praesentium.');
INSERT INTO ComplainantDetails VALUES (20652, 10652, 'Jatin Mall', 50, 1, 1, 1, 1);
INSERT INTO Victim VALUES (30652, 10652, 'Ucchal Dara', 26, 1, '0');
INSERT INTO Accused VALUES (40652, 10652, 'Urishilla Dyal', 21, 1, 'A1');
INSERT INTO ActSectionAssociation VALUES (10652, 'IPC', '302', 1, 1);
INSERT INTO CaseMaster VALUES (10653, '104441009202600653', '202600653', '2024-12-17', 5010, 1009, 1, 1, 101, 201, 1, 454, '2024-12-12 10:00:00', '2024-12-12 11:00:00', '2024-12-17 09:00:00', 16.960211, 75.369014, 'Odit in enim aliquam similique dolorum est velit quas voluptate necessitatibus quam accusamus autem asperiores ipsa dolores.');
INSERT INTO ComplainantDetails VALUES (20653, 10653, 'Bishakha Modi', 47, 1, 1, 1, 1);
INSERT INTO Victim VALUES (30653, 10653, 'Teerth Nazareth', 53, 1, '0');
INSERT INTO Accused VALUES (40653, 10653, 'Alexander Tiwari', 30, 1, 'A1');
INSERT INTO ActSectionAssociation VALUES (10653, 'IPC', '302', 1, 1);
INSERT INTO CaseMaster VALUES (10654, '104431004202600654', '202600654', '2023-12-17', 5003, 1004, 1, 1, 101, 201, 1, 453, '2023-12-12 10:00:00', '2023-12-12 11:00:00', '2023-12-17 09:00:00', 17.976645, 74.749795, 'Fuga dolorum cum veniam magnam illum explicabo animi vel.');
INSERT INTO ComplainantDetails VALUES (20654, 10654, 'Zinal Bala', 32, 1, 1, 1, 1);
INSERT INTO Victim VALUES (30654, 10654, 'Upadhriti Ramaswamy', 55, 1, '0');
INSERT INTO Accused VALUES (40654, 10654, 'Dominic Deep', 32, 1, 'A1');
INSERT INTO ActSectionAssociation VALUES (10654, 'IPC', '302', 1, 1);
INSERT INTO CaseMaster VALUES (10655, '304441008202600655', '202600655', '2025-06-03', 5034, 1008, 3, 1, 101, 201, 1, 454, '2025-06-03 10:00:00', '2025-06-03 11:00:00', '2025-06-03 09:00:00', 17.041599, 77.438041, 'Provident praesentium in distinctio enim unde commodi blanditiis asperiores.');
INSERT INTO ComplainantDetails VALUES (20655, 10655, 'Watika Mammen', 47, 1, 1, 1, 1);
INSERT INTO Victim VALUES (30655, 10655, 'Tejas Kibe', 58, 1, '0');
INSERT INTO Accused VALUES (40655, 10655, 'Rudra Chada', 28, 1, 'A1');
INSERT INTO ActSectionAssociation VALUES (10655, 'IPC', '302', 1, 1);
INSERT INTO ArrestSurrender VALUES (50655, 10655, 1, '2025-06-03', 29, 444, 1008, 5034, 454, 40655, 1, 0);
INSERT INTO CaseMaster VALUES (10656, '304451010202400656', '202400656', '2025-08-28', 5029, 1010, 3, 1, 101, 201, 1, 455, '2025-08-26 10:00:00', '2025-08-26 11:00:00', '2025-08-28 09:00:00', 12.596709, 75.642842, 'Accusamus repudiandae reiciendis amet enim totam sit occaecati voluptatibus cum.');
INSERT INTO ComplainantDetails VALUES (20656, 10656, 'Samarth Dave', 28, 1, 1, 1, 1);
INSERT INTO Victim VALUES (30656, 10656, 'Ijaya Pal', 27, 1, '0');
INSERT INTO Accused VALUES (40656, 10656, 'Tanvi Mittal', 43, 1, 'A1');
INSERT INTO ActSectionAssociation VALUES (10656, 'IPC', '302', 1, 1);
INSERT INTO CaseMaster VALUES (10657, '304451010202500657', '202500657', '2025-11-13', 5017, 1010, 3, 1, 101, 201, 1, 455, '2025-11-10 10:00:00', '2025-11-10 11:00:00', '2025-11-13 09:00:00', 14.000763, 76.493802, 'Est provident facilis optio unde voluptates tenetur sequi accusantium ex quidem atque.');
INSERT INTO ComplainantDetails VALUES (20657, 10657, 'Ekanta Nadig', 26, 1, 1, 1, 1);
INSERT INTO Victim VALUES (30657, 10657, 'Aditya Lala', 38, 1, '0');
INSERT INTO Accused VALUES (40657, 10657, 'Lekha Chauhan', 35, 1, 'A1');
INSERT INTO ActSectionAssociation VALUES (10657, 'IPC', '302', 1, 1);
INSERT INTO ArrestSurrender VALUES (50657, 10657, 1, '2025-11-13', 29, 445, 1010, 5017, 455, 40657, 1, 0);
INSERT INTO CaseMaster VALUES (10658, '104451001202300658', '202300658', '2026-01-27', 5011, 1001, 1, 1, 101, 201, 1, 455, '2026-01-22 10:00:00', '2026-01-22 11:00:00', '2026-01-27 09:00:00', 12.455008, 74.891823, 'Impedit alias eius at doloribus expedita error a praesentium itaque praesentium alias.');
INSERT INTO ComplainantDetails VALUES (20658, 10658, 'Bahadurjit Mahal', 35, 1, 1, 1, 1);
INSERT INTO Victim VALUES (30658, 10658, 'Ucchal Sant', 26, 1, '0');
INSERT INTO Accused VALUES (40658, 10658, 'Ekta Mishra', 49, 1, 'A1');
INSERT INTO ActSectionAssociation VALUES (10658, 'IPC', '302', 1, 1);
INSERT INTO ArrestSurrender VALUES (50658, 10658, 1, '2026-01-27', 29, 445, 1001, 5011, 455, 40658, 1, 0);
INSERT INTO CaseMaster VALUES (10659, '104431005202500659', '202500659', '2025-06-27', 5046, 1005, 1, 1, 101, 201, 1, 453, '2025-06-25 10:00:00', '2025-06-25 11:00:00', '2025-06-27 09:00:00', 15.596038, 76.244745, 'Eum explicabo tempora aspernatur nemo nesciunt expedita minus libero tempore rerum ab aperiam rem laboriosam eveniet.');
INSERT INTO ComplainantDetails VALUES (20659, 10659, 'Unnati Karnik', 38, 1, 1, 1, 1);
INSERT INTO Victim VALUES (30659, 10659, 'Maanav Roy', 48, 1, '0');
INSERT INTO Accused VALUES (40659, 10659, 'Ikshita Verma', 35, 1, 'A1');
INSERT INTO ActSectionAssociation VALUES (10659, 'IPC', '302', 1, 1);
INSERT INTO ArrestSurrender VALUES (50659, 10659, 1, '2025-06-27', 29, 443, 1005, 5046, 453, 40659, 1, 0);
INSERT INTO CaseMaster VALUES (10660, '304451003202300660', '202300660', '2023-11-12', 5024, 1003, 3, 1, 101, 201, 1, 455, '2023-11-10 10:00:00', '2023-11-10 11:00:00', '2023-11-12 09:00:00', 15.001828, 74.259355, 'Ipsa quas veritatis consectetur veritatis quam numquam beatae soluta ducimus odit est velit maxime soluta nesciunt maiores accusantium incidunt facere.');
INSERT INTO ComplainantDetails VALUES (20660, 10660, 'Leela Sathe', 47, 1, 1, 1, 1);
INSERT INTO Victim VALUES (30660, 10660, 'Devansh Tank', 25, 1, '0');
INSERT INTO Accused VALUES (40660, 10660, 'Sai Sidhu', 36, 1, 'A1');
INSERT INTO ActSectionAssociation VALUES (10660, 'IPC', '302', 1, 1);
INSERT INTO CaseMaster VALUES (10661, '304441006202400661', '202400661', '2023-11-22', 5013, 1006, 3, 1, 101, 201, 1, 454, '2023-11-19 10:00:00', '2023-11-19 11:00:00', '2023-11-22 09:00:00', 15.314761, 76.279812, 'Error sed voluptas laboriosam quaerat soluta expedita placeat aut non magni atque earum possimus ad animi voluptatum minima.');
INSERT INTO ComplainantDetails VALUES (20661, 10661, 'Tripti Mandal', 20, 1, 1, 1, 1);
INSERT INTO Victim VALUES (30661, 10661, 'Anika Kulkarni', 55, 1, '0');
INSERT INTO Accused VALUES (40661, 10661, 'Jhalak Palla', 40, 1, 'A1');
INSERT INTO ActSectionAssociation VALUES (10661, 'IPC', '302', 1, 1);
INSERT INTO ArrestSurrender VALUES (50661, 10661, 1, '2023-11-22', 29, 444, 1006, 5013, 454, 40661, 1, 0);
INSERT INTO CaseMaster VALUES (10662, '304451003202400662', '202400662', '2025-10-10', 5031, 1003, 3, 1, 101, 201, 1, 455, '2025-10-10 10:00:00', '2025-10-10 11:00:00', '2025-10-10 09:00:00', 17.911211, 77.677547, 'Itaque iure dolore accusantium ratione magni aspernatur harum eius doloribus doloribus expedita.');
INSERT INTO ComplainantDetails VALUES (20662, 10662, 'Samesh Kata', 58, 1, 1, 1, 1);
INSERT INTO Victim VALUES (30662, 10662, 'Charles Walla', 33, 1, '0');
INSERT INTO Accused VALUES (40662, 10662, 'Chatresh Sen', 37, 1, 'A1');
INSERT INTO ActSectionAssociation VALUES (10662, 'IPC', '302', 1, 1);
INSERT INTO CaseMaster VALUES (10663, '304451002202500663', '202500663', '2023-10-29', 5048, 1002, 3, 1, 101, 201, 1, 455, '2023-10-25 10:00:00', '2023-10-25 11:00:00', '2023-10-29 09:00:00', 13.745635, 76.224744, 'Commodi eligendi eligendi possimus quae beatae aspernatur suscipit nisi magnam asperiores rerum rerum atque impedit.');
INSERT INTO ComplainantDetails VALUES (20663, 10663, 'Raghav Chopra', 55, 1, 1, 1, 1);
INSERT INTO Victim VALUES (30663, 10663, 'Sarthak Chandra', 37, 1, '0');
INSERT INTO Accused VALUES (40663, 10663, 'Chavvi Garg', 46, 1, 'A1');
INSERT INTO ActSectionAssociation VALUES (10663, 'IPC', '302', 1, 1);
INSERT INTO CaseMaster VALUES (10664, '104451001202600664', '202600664', '2025-10-08', 5027, 1001, 1, 1, 101, 201, 1, 455, '2025-10-04 10:00:00', '2025-10-04 11:00:00', '2025-10-08 09:00:00', 14.05332, 74.091459, 'Amet totam pariatur at laboriosam earum qui assumenda rem hic error animi ratione quibusdam reiciendis autem quaerat minima.');
INSERT INTO ComplainantDetails VALUES (20664, 10664, 'Odika Varma', 54, 1, 1, 1, 1);
INSERT INTO Victim VALUES (30664, 10664, 'Anusha Basak', 36, 1, '0');
INSERT INTO Accused VALUES (40664, 10664, 'Nachiket Vasa', 46, 1, 'A1');
INSERT INTO ActSectionAssociation VALUES (10664, 'IPC', '302', 1, 1);
INSERT INTO CaseMaster VALUES (10665, '304451002202500665', '202500665', '2025-09-24', 5015, 1002, 3, 1, 101, 201, 1, 455, '2025-09-20 10:00:00', '2025-09-20 11:00:00', '2025-09-24 09:00:00', 13.561312, 74.447398, 'Neque debitis tempore deserunt tenetur reiciendis ipsum veritatis officia.');
INSERT INTO ComplainantDetails VALUES (20665, 10665, 'Barkha Ahluwalia', 40, 1, 1, 1, 1);
INSERT INTO Victim VALUES (30665, 10665, 'Vincent Gulati', 42, 1, '0');
INSERT INTO Accused VALUES (40665, 10665, 'Indrajit Krishnan', 37, 1, 'A1');
INSERT INTO ActSectionAssociation VALUES (10665, 'IPC', '302', 1, 1);
INSERT INTO ArrestSurrender VALUES (50665, 10665, 1, '2025-09-24', 29, 445, 1002, 5015, 455, 40665, 1, 0);
INSERT INTO CaseMaster VALUES (10666, '304441008202500666', '202500666', '2023-10-16', 5002, 1008, 3, 1, 101, 201, 1, 454, '2023-10-15 10:00:00', '2023-10-15 11:00:00', '2023-10-16 09:00:00', 15.358488, 74.519147, 'Exercitationem doloremque optio commodi nobis laborum iste itaque culpa quidem qui occaecati.');
INSERT INTO ComplainantDetails VALUES (20666, 10666, 'Adya Deshmukh', 28, 1, 1, 1, 1);
INSERT INTO Victim VALUES (30666, 10666, 'Ucchal Mangal', 54, 1, '0');
INSERT INTO Accused VALUES (40666, 10666, 'Yashawini Chada', 34, 1, 'A1');
INSERT INTO ActSectionAssociation VALUES (10666, 'IPC', '302', 1, 1);
INSERT INTO CaseMaster VALUES (10667, '104441006202600667', '202600667', '2024-09-14', 5048, 1006, 1, 1, 101, 201, 1, 454, '2024-09-10 10:00:00', '2024-09-10 11:00:00', '2024-09-14 09:00:00', 12.917859, 76.877311, 'Vero enim eveniet voluptatum porro labore saepe suscipit inventore voluptas facere numquam iure nisi vitae ab debitis numquam a.');
INSERT INTO ComplainantDetails VALUES (20667, 10667, 'Varenya Gola', 26, 1, 1, 1, 1);
INSERT INTO Victim VALUES (30667, 10667, 'Yatan Arya', 23, 1, '0');
INSERT INTO Accused VALUES (40667, 10667, 'Tanish Dixit', 37, 1, 'A1');
INSERT INTO ActSectionAssociation VALUES (10667, 'IPC', '302', 1, 1);
INSERT INTO ArrestSurrender VALUES (50667, 10667, 1, '2024-09-14', 29, 444, 1006, 5048, 454, 40667, 1, 0);
INSERT INTO CaseMaster VALUES (10668, '104451002202600668', '202600668', '2025-04-23', 5045, 1002, 1, 1, 101, 201, 1, 455, '2025-04-20 10:00:00', '2025-04-20 11:00:00', '2025-04-23 09:00:00', 12.172747, 76.14449, 'Esse ea iusto culpa libero a officiis voluptatem dolores porro.');
INSERT INTO ComplainantDetails VALUES (20668, 10668, 'Warinder Nazareth', 57, 1, 1, 1, 1);
INSERT INTO Victim VALUES (30668, 10668, 'Dayita Ramakrishnan', 49, 1, '0');
INSERT INTO Accused VALUES (40668, 10668, 'Dakshesh Bhavsar', 39, 1, 'A1');
INSERT INTO ActSectionAssociation VALUES (10668, 'IPC', '302', 1, 1);
INSERT INTO ArrestSurrender VALUES (50668, 10668, 1, '2025-04-23', 29, 445, 1002, 5045, 455, 40668, 1, 0);
INSERT INTO CaseMaster VALUES (10669, '304451002202300669', '202300669', '2025-02-25', 5031, 1002, 3, 1, 101, 201, 1, 455, '2025-02-21 10:00:00', '2025-02-21 11:00:00', '2025-02-25 09:00:00', 12.327635, 77.128198, 'Nobis consequuntur fugit laborum saepe dolores rerum laboriosam ab repudiandae.');
INSERT INTO ComplainantDetails VALUES (20669, 10669, 'Veer Munshi', 55, 1, 1, 1, 1);
INSERT INTO Victim VALUES (30669, 10669, 'Chaman Doctor', 70, 1, '0');
INSERT INTO Accused VALUES (40669, 10669, 'Arunima Vora', 36, 1, 'A1');
INSERT INTO ActSectionAssociation VALUES (10669, 'IPC', '302', 1, 1);
INSERT INTO ArrestSurrender VALUES (50669, 10669, 1, '2025-02-25', 29, 445, 1002, 5031, 455, 40669, 1, 0);
INSERT INTO CaseMaster VALUES (10670, '304431004202600670', '202600670', '2025-04-14', 5026, 1004, 3, 1, 101, 201, 1, 453, '2025-04-10 10:00:00', '2025-04-10 11:00:00', '2025-04-14 09:00:00', 16.550636, 76.16493, 'Quo incidunt cupiditate est cum natus placeat repellat sunt officiis et nemo optio dolor ipsum.');
INSERT INTO ComplainantDetails VALUES (20670, 10670, 'Charvi Baria', 58, 1, 1, 1, 1);
INSERT INTO Victim VALUES (30670, 10670, 'Falguni Choudhary', 48, 1, '0');
INSERT INTO Accused VALUES (40670, 10670, 'Chaman Kamdar', 27, 1, 'A1');
INSERT INTO ActSectionAssociation VALUES (10670, 'IPC', '302', 1, 1);
INSERT INTO ArrestSurrender VALUES (50670, 10670, 1, '2025-04-14', 29, 443, 1004, 5026, 453, 40670, 1, 0);
INSERT INTO CaseMaster VALUES (10671, '104451003202600671', '202600671', '2026-04-04', 5022, 1003, 1, 1, 101, 201, 1, 455, '2026-04-03 10:00:00', '2026-04-03 11:00:00', '2026-04-04 09:00:00', 16.496183, 75.423264, 'Aliquid fugiat eaque corporis suscipit numquam natus nobis soluta aut ullam neque reiciendis dolorum ut dolores mollitia possimus.');
INSERT INTO ComplainantDetails VALUES (20671, 10671, 'Yauvani Wali', 29, 1, 1, 1, 1);
INSERT INTO Victim VALUES (30671, 10671, 'Jagat Raju', 39, 1, '0');
INSERT INTO Accused VALUES (40671, 10671, 'Barkha Shan', 30, 1, 'A1');
INSERT INTO ActSectionAssociation VALUES (10671, 'IPC', '302', 1, 1);
INSERT INTO ArrestSurrender VALUES (50671, 10671, 1, '2026-04-04', 29, 445, 1003, 5022, 455, 40671, 1, 0);
INSERT INTO CaseMaster VALUES (10672, '104451003202400672', '202400672', '2023-08-08', 5046, 1003, 1, 1, 101, 201, 1, 455, '2023-08-03 10:00:00', '2023-08-03 11:00:00', '2023-08-08 09:00:00', 16.11763, 76.829619, 'Tempore perspiciatis pariatur a possimus harum cum repudiandae est velit ipsa tempore hic ipsam neque delectus quam quaerat quod.');
INSERT INTO ComplainantDetails VALUES (20672, 10672, 'Maanas Dani', 24, 1, 1, 1, 1);
INSERT INTO Victim VALUES (30672, 10672, 'Ekalinga Chhabra', 62, 1, '0');
INSERT INTO Accused VALUES (40672, 10672, 'Watika Din', 26, 1, 'A1');
INSERT INTO ActSectionAssociation VALUES (10672, 'IPC', '302', 1, 1);
INSERT INTO CaseMaster VALUES (10673, '304431004202400673', '202400673', '2026-02-19', 5007, 1004, 3, 1, 101, 201, 1, 453, '2026-02-18 10:00:00', '2026-02-18 11:00:00', '2026-02-19 09:00:00', 12.711857, 74.07455, 'Sequi et consequatur doloribus dolorum voluptate perferendis laudantium at mollitia amet libero laboriosam necessitatibus error adipisci accusamus nemo.');
INSERT INTO ComplainantDetails VALUES (20673, 10673, 'Lipika Koshy', 40, 1, 1, 1, 1);
INSERT INTO Victim VALUES (30673, 10673, 'Brinda Gokhale', 53, 1, '0');
INSERT INTO Accused VALUES (40673, 10673, 'Geetika Pal', 32, 1, 'A1');
INSERT INTO ActSectionAssociation VALUES (10673, 'IPC', '302', 1, 1);
INSERT INTO CaseMaster VALUES (10674, '304451002202600674', '202600674', '2025-09-21', 5041, 1002, 3, 1, 101, 201, 1, 455, '2025-09-20 10:00:00', '2025-09-20 11:00:00', '2025-09-21 09:00:00', 17.050492, 76.825052, 'Odio architecto adipisci est architecto ipsum ullam quaerat accusantium voluptatum.');
INSERT INTO ComplainantDetails VALUES (20674, 10674, 'Chasmum Bhakta', 41, 1, 1, 1, 1);
INSERT INTO Victim VALUES (30674, 10674, 'Oviya Hari', 41, 1, '0');
INSERT INTO Accused VALUES (40674, 10674, 'Isaac Dani', 34, 1, 'A1');
INSERT INTO ActSectionAssociation VALUES (10674, 'IPC', '302', 1, 1);
INSERT INTO ArrestSurrender VALUES (50674, 10674, 1, '2025-09-21', 29, 445, 1002, 5041, 455, 40674, 1, 0);
INSERT INTO CaseMaster VALUES (10675, '304441006202300675', '202300675', '2026-01-07', 5027, 1006, 3, 1, 101, 201, 1, 454, '2026-01-02 10:00:00', '2026-01-02 11:00:00', '2026-01-07 09:00:00', 13.316049, 74.479004, 'Id ab doloremque fugiat commodi assumenda ex praesentium nobis tenetur alias itaque adipisci pariatur iste facilis quo dolores nulla.');
INSERT INTO ComplainantDetails VALUES (20675, 10675, 'Xavier Chokshi', 45, 1, 1, 1, 1);
INSERT INTO Victim VALUES (30675, 10675, 'Jacob Dhar', 45, 1, '0');
INSERT INTO Accused VALUES (40675, 10675, 'Falguni Atwal', 40, 1, 'A1');
INSERT INTO ActSectionAssociation VALUES (10675, 'IPC', '302', 1, 1);
INSERT INTO ArrestSurrender VALUES (50675, 10675, 1, '2026-01-07', 29, 444, 1006, 5027, 454, 40675, 1, 0);
INSERT INTO CaseMaster VALUES (10676, '304431005202600676', '202600676', '2025-06-18', 5005, 1005, 3, 1, 101, 201, 1, 453, '2025-06-17 10:00:00', '2025-06-17 11:00:00', '2025-06-18 09:00:00', 13.419275, 75.014062, 'Excepturi quam est id distinctio inventore nostrum molestias perspiciatis exercitationem at vitae.');
INSERT INTO ComplainantDetails VALUES (20676, 10676, 'Aryan Naidu', 40, 1, 1, 1, 1);
INSERT INTO Victim VALUES (30676, 10676, 'Irya Kala', 54, 1, '0');
INSERT INTO Accused VALUES (40676, 10676, 'Pavani Gaba', 42, 1, 'A1');
INSERT INTO ActSectionAssociation VALUES (10676, 'IPC', '302', 1, 1);
INSERT INTO ArrestSurrender VALUES (50676, 10676, 1, '2025-06-18', 29, 443, 1005, 5005, 453, 40676, 1, 0);
INSERT INTO CaseMaster VALUES (10677, '104441008202500677', '202500677', '2024-04-16', 5040, 1008, 1, 1, 101, 201, 1, 454, '2024-04-13 10:00:00', '2024-04-13 11:00:00', '2024-04-16 09:00:00', 17.731192, 75.425861, 'Culpa laboriosam beatae incidunt quaerat sunt explicabo incidunt ducimus quam nobis expedita unde animi facilis quaerat fugit blanditiis in.');
INSERT INTO ComplainantDetails VALUES (20677, 10677, 'Urishilla Rajan', 20, 1, 1, 1, 1);
INSERT INTO Victim VALUES (30677, 10677, 'Gautami Mani', 24, 1, '0');
INSERT INTO Accused VALUES (40677, 10677, 'Jagrati Borde', 53, 1, 'A1');
INSERT INTO ActSectionAssociation VALUES (10677, 'IPC', '302', 1, 1);
INSERT INTO CaseMaster VALUES (10678, '304431005202300678', '202300678', '2024-07-12', 5008, 1005, 3, 1, 101, 201, 1, 453, '2024-07-08 10:00:00', '2024-07-08 11:00:00', '2024-07-12 09:00:00', 17.830419, 75.370099, 'Error exercitationem cumque amet asperiores recusandae perferendis numquam et aspernatur animi aspernatur incidunt error distinctio enim soluta.');
INSERT INTO ComplainantDetails VALUES (20678, 10678, 'Quincy Nagar', 33, 1, 1, 1, 1);
INSERT INTO Victim VALUES (30678, 10678, 'Chandran Tella', 26, 1, '0');
INSERT INTO Accused VALUES (40678, 10678, 'Damini Rastogi', 44, 1, 'A1');
INSERT INTO ActSectionAssociation VALUES (10678, 'IPC', '302', 1, 1);
INSERT INTO ArrestSurrender VALUES (50678, 10678, 1, '2024-07-12', 29, 443, 1005, 5008, 453, 40678, 1, 0);
INSERT INTO CaseMaster VALUES (10679, '304441006202400679', '202400679', '2026-04-25', 5028, 1006, 3, 1, 101, 201, 1, 454, '2026-04-20 10:00:00', '2026-04-20 11:00:00', '2026-04-25 09:00:00', 16.79177, 74.341712, 'Dolores in asperiores quidem dolor dicta necessitatibus maxime illum ipsa voluptatibus nemo aut aperiam cum minima molestias occaecati ad.');
INSERT INTO ComplainantDetails VALUES (20679, 10679, 'Ikbal Kala', 21, 1, 1, 1, 1);
INSERT INTO Victim VALUES (30679, 10679, 'Sanya Chand', 26, 1, '0');
INSERT INTO Accused VALUES (40679, 10679, 'Aryan Kant', 53, 1, 'A1');
INSERT INTO ActSectionAssociation VALUES (10679, 'IPC', '302', 1, 1);
INSERT INTO CaseMaster VALUES (10680, '104441008202500680', '202500680', '2023-08-11', 5041, 1008, 1, 1, 101, 201, 1, 454, '2023-08-10 10:00:00', '2023-08-10 11:00:00', '2023-08-11 09:00:00', 15.106095, 77.597229, 'Pariatur neque fugit quae amet dolor dolorem eos quibusdam mollitia sequi.');
INSERT INTO ComplainantDetails VALUES (20680, 10680, 'Rachana Vaidya', 36, 1, 1, 1, 1);
INSERT INTO Victim VALUES (30680, 10680, 'Henry Kibe', 29, 1, '0');
INSERT INTO Accused VALUES (40680, 10680, 'Wahab Choudhary', 20, 1, 'A1');
INSERT INTO ActSectionAssociation VALUES (10680, 'IPC', '302', 1, 1);
INSERT INTO CaseMaster VALUES (10681, '104451003202400681', '202400681', '2025-12-29', 5033, 1003, 1, 1, 101, 201, 1, 455, '2025-12-27 10:00:00', '2025-12-27 11:00:00', '2025-12-29 09:00:00', 17.098586, 75.499146, 'Accusantium dolore corrupti in impedit dolore atque ut inventore.');
INSERT INTO ComplainantDetails VALUES (20681, 10681, 'Isha Buch', 22, 1, 1, 1, 1);
INSERT INTO Victim VALUES (30681, 10681, 'Hemangini Sha', 57, 1, '0');
INSERT INTO Accused VALUES (40681, 10681, 'Baljiwan Memon', 22, 1, 'A1');
INSERT INTO ActSectionAssociation VALUES (10681, 'IPC', '302', 1, 1);
INSERT INTO ArrestSurrender VALUES (50681, 10681, 1, '2025-12-29', 29, 445, 1003, 5033, 455, 40681, 1, 0);
INSERT INTO CaseMaster VALUES (10682, '104431007202400682', '202400682', '2025-06-20', 5032, 1007, 1, 1, 101, 201, 1, 453, '2025-06-18 10:00:00', '2025-06-18 11:00:00', '2025-06-20 09:00:00', 12.4057, 75.493134, 'Cupiditate esse pariatur voluptatem ipsam natus perspiciatis inventore rerum fugiat quisquam dolore laborum iste doloribus.');
INSERT INTO ComplainantDetails VALUES (20682, 10682, 'Unnati Shanker', 25, 1, 1, 1, 1);
INSERT INTO Victim VALUES (30682, 10682, 'Kalpit Dixit', 50, 1, '0');
INSERT INTO Accused VALUES (40682, 10682, 'Atharv Krishna', 22, 1, 'A1');
INSERT INTO ActSectionAssociation VALUES (10682, 'IPC', '302', 1, 1);
INSERT INTO CaseMaster VALUES (10683, '304451002202500683', '202500683', '2025-11-09', 5012, 1002, 3, 1, 101, 201, 1, 455, '2025-11-09 10:00:00', '2025-11-09 11:00:00', '2025-11-09 09:00:00', 17.473186, 76.982569, 'Corrupti reiciendis corporis fugit alias id ut sit iure consectetur sequi temporibus est dicta quaerat sed.');
INSERT INTO ComplainantDetails VALUES (20683, 10683, 'Udarsh Koshy', 32, 1, 1, 1, 1);
INSERT INTO Victim VALUES (30683, 10683, 'Thomas Raghavan', 69, 1, '0');
INSERT INTO Accused VALUES (40683, 10683, 'Christopher Saha', 22, 1, 'A1');
INSERT INTO ActSectionAssociation VALUES (10683, 'IPC', '302', 1, 1);
INSERT INTO CaseMaster VALUES (10684, '104431004202300684', '202300684', '2025-07-25', 5030, 1004, 1, 1, 101, 201, 1, 453, '2025-07-25 10:00:00', '2025-07-25 11:00:00', '2025-07-25 09:00:00', 13.372295, 74.205522, 'Soluta sint blanditiis ad quam ullam fugiat voluptatibus nulla sapiente eos corporis vel veritatis rem.');
INSERT INTO ComplainantDetails VALUES (20684, 10684, 'Maya Mangal', 44, 1, 1, 1, 1);
INSERT INTO Victim VALUES (30684, 10684, 'Qushi More', 63, 1, '0');
INSERT INTO Accused VALUES (40684, 10684, 'Sathvik Venkataraman', 19, 1, 'A1');
INSERT INTO ActSectionAssociation VALUES (10684, 'IPC', '302', 1, 1);
INSERT INTO ArrestSurrender VALUES (50684, 10684, 1, '2025-07-25', 29, 443, 1004, 5030, 453, 40684, 1, 0);
INSERT INTO CaseMaster VALUES (10685, '304431005202400685', '202400685', '2023-12-22', 5020, 1005, 3, 1, 101, 201, 1, 453, '2023-12-21 10:00:00', '2023-12-21 11:00:00', '2023-12-22 09:00:00', 14.981549, 74.901341, 'Doloribus corporis nesciunt iure deleniti ipsa possimus unde voluptatem quam id veritatis ullam ab veniam quam aperiam fugit quaerat.');
INSERT INTO ComplainantDetails VALUES (20685, 10685, 'Gagan Gour', 36, 1, 1, 1, 1);
INSERT INTO Victim VALUES (30685, 10685, 'Garima Sane', 51, 1, '0');
INSERT INTO Accused VALUES (40685, 10685, 'Chaitanya Ravi', 52, 1, 'A1');
INSERT INTO ActSectionAssociation VALUES (10685, 'IPC', '302', 1, 1);
INSERT INTO CaseMaster VALUES (10686, '104441009202600686', '202600686', '2024-10-05', 5026, 1009, 1, 1, 101, 201, 1, 454, '2024-10-01 10:00:00', '2024-10-01 11:00:00', '2024-10-05 09:00:00', 17.260813, 76.50456, 'Iusto perferendis voluptates tempore nesciunt aliquid iste fugiat vitae voluptatum distinctio odio est fugiat ex.');
INSERT INTO ComplainantDetails VALUES (20686, 10686, 'Gaurang Bhatti', 59, 1, 1, 1, 1);
INSERT INTO Victim VALUES (30686, 10686, 'Victor Palla', 32, 1, '0');
INSERT INTO Accused VALUES (40686, 10686, 'Kritika Bora', 37, 1, 'A1');
INSERT INTO ActSectionAssociation VALUES (10686, 'IPC', '302', 1, 1);
INSERT INTO ArrestSurrender VALUES (50686, 10686, 1, '2024-10-05', 29, 444, 1009, 5026, 454, 40686, 1, 0);
INSERT INTO CaseMaster VALUES (10687, '104431007202400687', '202400687', '2024-03-09', 5014, 1007, 1, 1, 101, 201, 1, 453, '2024-03-04 10:00:00', '2024-03-04 11:00:00', '2024-03-09 09:00:00', 15.452191, 76.177273, 'Ad temporibus quisquam nostrum harum earum ullam culpa quod consectetur tempora tempora reiciendis facilis reprehenderit dolorem totam fuga vitae.');
INSERT INTO ComplainantDetails VALUES (20687, 10687, 'Shravya Raghavan', 37, 1, 1, 1, 1);
INSERT INTO Victim VALUES (30687, 10687, 'Osha Mody', 47, 1, '0');
INSERT INTO Accused VALUES (40687, 10687, 'Quincy Sheth', 46, 1, 'A1');
INSERT INTO ActSectionAssociation VALUES (10687, 'IPC', '302', 1, 1);
INSERT INTO ArrestSurrender VALUES (50687, 10687, 1, '2024-03-09', 29, 443, 1007, 5014, 453, 40687, 1, 0);
INSERT INTO CaseMaster VALUES (10688, '104451001202500688', '202500688', '2025-03-10', 5029, 1001, 1, 1, 101, 201, 1, 455, '2025-03-09 10:00:00', '2025-03-09 11:00:00', '2025-03-10 09:00:00', 17.980289, 76.642804, 'Iusto est soluta accusantium officia modi esse dicta expedita eligendi architecto rerum consectetur earum.');
INSERT INTO ComplainantDetails VALUES (20688, 10688, 'Irya Nigam', 60, 1, 1, 1, 1);
INSERT INTO Victim VALUES (30688, 10688, 'Gopal Luthra', 50, 1, '0');
INSERT INTO Accused VALUES (40688, 10688, 'Ishani Amble', 19, 1, 'A1');
INSERT INTO ActSectionAssociation VALUES (10688, 'IPC', '302', 1, 1);
INSERT INTO ArrestSurrender VALUES (50688, 10688, 1, '2025-03-10', 29, 445, 1001, 5029, 455, 40688, 1, 0);
INSERT INTO CaseMaster VALUES (10689, '104431007202600689', '202600689', '2025-08-24', 5013, 1007, 1, 1, 101, 201, 1, 453, '2025-08-21 10:00:00', '2025-08-21 11:00:00', '2025-08-24 09:00:00', 17.93062, 74.346901, 'Blanditiis atque ea fugiat earum non tenetur deleniti itaque molestiae dignissimos animi quisquam in blanditiis laudantium magnam optio quas blanditiis.');
INSERT INTO ComplainantDetails VALUES (20689, 10689, 'Azad Minhas', 58, 1, 1, 1, 1);
INSERT INTO Victim VALUES (30689, 10689, 'Krishna Natarajan', 47, 1, '0');
INSERT INTO Accused VALUES (40689, 10689, 'Ekanta Seshadri', 31, 1, 'A1');
INSERT INTO ActSectionAssociation VALUES (10689, 'IPC', '302', 1, 1);
INSERT INTO ArrestSurrender VALUES (50689, 10689, 1, '2025-08-24', 29, 443, 1007, 5013, 453, 40689, 1, 0);
INSERT INTO CaseMaster VALUES (10690, '104441009202400690', '202400690', '2025-12-21', 5038, 1009, 1, 1, 101, 201, 1, 454, '2025-12-19 10:00:00', '2025-12-19 11:00:00', '2025-12-21 09:00:00', 14.74844, 76.201173, 'Voluptatum doloremque culpa laudantium sed harum eum cumque nobis quisquam magnam sint minima adipisci cupiditate porro in aliquid libero eum minus.');
INSERT INTO ComplainantDetails VALUES (20690, 10690, 'Aarna Madan', 24, 1, 1, 1, 1);
INSERT INTO Victim VALUES (30690, 10690, 'Samuel Mall', 49, 1, '0');
INSERT INTO Accused VALUES (40690, 10690, 'Zansi Raval', 36, 1, 'A1');
INSERT INTO ActSectionAssociation VALUES (10690, 'IPC', '302', 1, 1);
INSERT INTO CaseMaster VALUES (10691, '104441008202500691', '202500691', '2024-06-10', 5047, 1008, 1, 1, 101, 201, 1, 454, '2024-06-10 10:00:00', '2024-06-10 11:00:00', '2024-06-10 09:00:00', 16.154321, 76.480747, 'Eius excepturi et sed enim sed sequi commodi magnam.');
INSERT INTO ComplainantDetails VALUES (20691, 10691, 'Agastya Bose', 41, 1, 1, 1, 1);
INSERT INTO Victim VALUES (30691, 10691, 'Anthony Sura', 64, 1, '0');
INSERT INTO Accused VALUES (40691, 10691, 'Balendra Ramanathan', 35, 1, 'A1');
INSERT INTO ActSectionAssociation VALUES (10691, 'IPC', '302', 1, 1);
INSERT INTO CaseMaster VALUES (10692, '304441009202500692', '202500692', '2024-04-19', 5012, 1009, 3, 1, 101, 201, 1, 454, '2024-04-16 10:00:00', '2024-04-16 11:00:00', '2024-04-19 09:00:00', 12.147382, 74.191891, 'Optio mollitia dicta eaque consectetur eos quia magnam doloribus sequi nemo voluptatibus hic pariatur inventore.');
INSERT INTO ComplainantDetails VALUES (20692, 10692, 'Anirudh Mistry', 57, 1, 1, 1, 1);
INSERT INTO Victim VALUES (30692, 10692, 'Jalsa Ratti', 47, 1, '0');
INSERT INTO Accused VALUES (40692, 10692, 'Naksh Arya', 33, 1, 'A1');
INSERT INTO ActSectionAssociation VALUES (10692, 'IPC', '302', 1, 1);
INSERT INTO CaseMaster VALUES (10693, '104441009202600693', '202600693', '2024-06-30', 5050, 1009, 1, 1, 101, 201, 1, 454, '2024-06-28 10:00:00', '2024-06-28 11:00:00', '2024-06-30 09:00:00', 12.685029, 75.750423, 'Dolor quae ea reprehenderit nisi a unde soluta facilis unde quo aliquam est ratione alias quia maiores iusto ipsum dignissimos.');
INSERT INTO ComplainantDetails VALUES (20693, 10693, 'Zinal Lal', 23, 1, 1, 1, 1);
INSERT INTO Victim VALUES (30693, 10693, 'Balhaar Naik', 29, 1, '0');
INSERT INTO Accused VALUES (40693, 10693, 'Aishani Jani', 23, 1, 'A1');
INSERT INTO ActSectionAssociation VALUES (10693, 'IPC', '302', 1, 1);
INSERT INTO CaseMaster VALUES (10694, '304451002202400694', '202400694', '2025-11-22', 5038, 1002, 3, 1, 101, 201, 1, 455, '2025-11-17 10:00:00', '2025-11-17 11:00:00', '2025-11-22 09:00:00', 14.896417, 77.568712, 'Libero cum nisi soluta asperiores voluptate minus voluptate dolore nemo repellendus nesciunt debitis nam dolorum reiciendis suscipit veritatis.');
INSERT INTO ComplainantDetails VALUES (20694, 10694, 'Nitara Mane', 35, 1, 1, 1, 1);
INSERT INTO Victim VALUES (30694, 10694, 'Nicholas Dalal', 49, 1, '0');
INSERT INTO Accused VALUES (40694, 10694, 'Hamsini Keer', 36, 1, 'A1');
INSERT INTO ActSectionAssociation VALUES (10694, 'IPC', '302', 1, 1);
INSERT INTO ArrestSurrender VALUES (50694, 10694, 1, '2025-11-22', 29, 445, 1002, 5038, 455, 40694, 1, 0);
INSERT INTO CaseMaster VALUES (10695, '104431005202500695', '202500695', '2024-04-13', 5022, 1005, 1, 1, 101, 201, 1, 453, '2024-04-10 10:00:00', '2024-04-10 11:00:00', '2024-04-13 09:00:00', 14.275917, 75.490299, 'Incidunt molestiae reiciendis quibusdam occaecati aperiam atque amet sunt placeat vero doloremque maxime sequi ipsum.');
INSERT INTO ComplainantDetails VALUES (20695, 10695, 'Dominic Doctor', 57, 1, 1, 1, 1);
INSERT INTO Victim VALUES (30695, 10695, 'Maanas Nigam', 67, 1, '0');
INSERT INTO Accused VALUES (40695, 10695, 'Vrinda Arora', 30, 1, 'A1');
INSERT INTO ActSectionAssociation VALUES (10695, 'IPC', '302', 1, 1);
INSERT INTO ArrestSurrender VALUES (50695, 10695, 1, '2024-04-13', 29, 443, 1005, 5022, 453, 40695, 1, 0);
INSERT INTO CaseMaster VALUES (10696, '104451001202600696', '202600696', '2024-06-16', 5008, 1001, 1, 1, 101, 201, 1, 455, '2024-06-12 10:00:00', '2024-06-12 11:00:00', '2024-06-16 09:00:00', 17.590046, 76.841196, 'Esse libero quasi dignissimos quasi voluptate nisi magnam modi est illo quas porro corporis earum ipsam.');
INSERT INTO ComplainantDetails VALUES (20696, 10696, 'Logan Deep', 32, 1, 1, 1, 1);
INSERT INTO Victim VALUES (30696, 10696, 'Leela Rajagopal', 31, 1, '0');
INSERT INTO Accused VALUES (40696, 10696, 'Yashawini Chadha', 42, 1, 'A1');
INSERT INTO ActSectionAssociation VALUES (10696, 'IPC', '302', 1, 1);
INSERT INTO CaseMaster VALUES (10697, '104441009202400697', '202400697', '2025-06-22', 5050, 1009, 1, 1, 101, 201, 1, 454, '2025-06-19 10:00:00', '2025-06-19 11:00:00', '2025-06-22 09:00:00', 13.595095, 76.328263, 'Deleniti laborum fuga nulla voluptatum ullam inventore adipisci nostrum explicabo omnis cumque iste modi provident.');
INSERT INTO ComplainantDetails VALUES (20697, 10697, 'Umang Palla', 38, 1, 1, 1, 1);
INSERT INTO Victim VALUES (30697, 10697, 'Daksh Venkataraman', 36, 1, '0');
INSERT INTO Accused VALUES (40697, 10697, 'Rushil Sundaram', 52, 1, 'A1');
INSERT INTO ActSectionAssociation VALUES (10697, 'IPC', '302', 1, 1);
INSERT INTO ArrestSurrender VALUES (50697, 10697, 1, '2025-06-22', 29, 444, 1009, 5050, 454, 40697, 1, 0);
INSERT INTO CaseMaster VALUES (10698, '304441008202400698', '202400698', '2024-09-04', 5013, 1008, 3, 1, 101, 201, 1, 454, '2024-09-03 10:00:00', '2024-09-03 11:00:00', '2024-09-04 09:00:00', 12.421918, 77.747184, 'Labore dolore quod ab enim quasi officiis labore reprehenderit ab ea enim earum quisquam natus neque officia sequi.');
INSERT INTO ComplainantDetails VALUES (20698, 10698, 'Tristan Sengupta', 31, 1, 1, 1, 1);
INSERT INTO Victim VALUES (30698, 10698, 'Nathan Lanka', 51, 1, '0');
INSERT INTO Accused VALUES (40698, 10698, 'Qabil Pathak', 43, 1, 'A1');
INSERT INTO ActSectionAssociation VALUES (10698, 'IPC', '302', 1, 1);
INSERT INTO ArrestSurrender VALUES (50698, 10698, 1, '2024-09-04', 29, 444, 1008, 5013, 454, 40698, 1, 0);
INSERT INTO CaseMaster VALUES (10699, '104441008202400699', '202400699', '2024-10-06', 5038, 1008, 1, 1, 101, 201, 1, 454, '2024-10-01 10:00:00', '2024-10-01 11:00:00', '2024-10-06 09:00:00', 12.394363, 75.600873, 'Quia fugit sint iusto officiis eos nisi sit incidunt.');
INSERT INTO ComplainantDetails VALUES (20699, 10699, 'Parth Gara', 21, 1, 1, 1, 1);
INSERT INTO Victim VALUES (30699, 10699, 'Laban Lanka', 58, 1, '0');
INSERT INTO Accused VALUES (40699, 10699, 'Harini Pall', 43, 1, 'A1');
INSERT INTO ActSectionAssociation VALUES (10699, 'IPC', '302', 1, 1);
INSERT INTO CaseMaster VALUES (10700, '304441009202300700', '202300700', '2023-12-10', 5017, 1009, 3, 1, 101, 201, 1, 454, '2023-12-09 10:00:00', '2023-12-09 11:00:00', '2023-12-10 09:00:00', 17.491789, 76.250048, 'Rerum cum labore praesentium quam voluptatum rem quasi adipisci.');
INSERT INTO ComplainantDetails VALUES (20700, 10700, 'Nathaniel Sule', 35, 1, 1, 1, 1);
INSERT INTO Victim VALUES (30700, 10700, 'Nisha Trivedi', 18, 1, '0');
INSERT INTO Accused VALUES (40700, 10700, 'Jairaj Varghese', 34, 1, 'A1');
INSERT INTO ActSectionAssociation VALUES (10700, 'IPC', '302', 1, 1);
INSERT INTO CaseMaster VALUES (10701, '104441009202300701', '202300701', '2024-07-31', 5003, 1009, 1, 1, 101, 201, 1, 454, '2024-07-26 10:00:00', '2024-07-26 11:00:00', '2024-07-31 09:00:00', 17.908266, 76.650031, 'Provident aliquam cupiditate deserunt magnam magni laudantium ducimus maxime rerum veritatis.');
INSERT INTO ComplainantDetails VALUES (20701, 10701, 'Hredhaan Comar', 51, 1, 1, 1, 1);
INSERT INTO Victim VALUES (30701, 10701, 'Yutika Khare', 29, 1, '0');
INSERT INTO Accused VALUES (40701, 10701, 'Radhika Sani', 33, 1, 'A1');
INSERT INTO ActSectionAssociation VALUES (10701, 'IPC', '302', 1, 1);
INSERT INTO CaseMaster VALUES (10702, '304441008202400702', '202400702', '2024-02-14', 5044, 1008, 3, 1, 101, 201, 1, 454, '2024-02-12 10:00:00', '2024-02-12 11:00:00', '2024-02-14 09:00:00', 16.045562, 77.302288, 'Voluptatibus esse aperiam nesciunt dolore at nisi ipsa veritatis natus libero ratione asperiores atque voluptatibus consequatur quis similique.');
INSERT INTO ComplainantDetails VALUES (20702, 10702, 'Jeremiah Prakash', 53, 1, 1, 1, 1);
INSERT INTO Victim VALUES (30702, 10702, 'Urishilla Baral', 62, 1, '0');
INSERT INTO Accused VALUES (40702, 10702, 'Karan Murty', 52, 1, 'A1');
INSERT INTO ActSectionAssociation VALUES (10702, 'IPC', '302', 1, 1);
INSERT INTO CaseMaster VALUES (10703, '104441006202500703', '202500703', '2026-04-26', 5005, 1006, 1, 1, 101, 201, 1, 454, '2026-04-23 10:00:00', '2026-04-23 11:00:00', '2026-04-26 09:00:00', 14.996043, 77.171344, 'Cupiditate illo incidunt modi aperiam cupiditate numquam quos veniam assumenda totam veniam alias cumque reprehenderit dignissimos quibusdam.');
INSERT INTO ComplainantDetails VALUES (20703, 10703, 'Faris Pradhan', 39, 1, 1, 1, 1);
INSERT INTO Victim VALUES (30703, 10703, 'Harini Ravi', 40, 1, '0');
INSERT INTO Accused VALUES (40703, 10703, 'Vasana Cheema', 43, 1, 'A1');
INSERT INTO ActSectionAssociation VALUES (10703, 'IPC', '302', 1, 1);
INSERT INTO ArrestSurrender VALUES (50703, 10703, 1, '2026-04-26', 29, 444, 1006, 5005, 454, 40703, 1, 0);
INSERT INTO CaseMaster VALUES (10704, '304431007202600704', '202600704', '2024-05-09', 5010, 1007, 3, 1, 101, 201, 1, 453, '2024-05-04 10:00:00', '2024-05-04 11:00:00', '2024-05-09 09:00:00', 17.688514, 77.587279, 'Fugit inventore tenetur amet facere at quibusdam natus perferendis unde ab.');
INSERT INTO ComplainantDetails VALUES (20704, 10704, 'Girish Wadhwa', 49, 1, 1, 1, 1);
INSERT INTO Victim VALUES (30704, 10704, 'Lipika Johal', 25, 1, '0');
INSERT INTO Accused VALUES (40704, 10704, 'Ronith Dani', 37, 1, 'A1');
INSERT INTO ActSectionAssociation VALUES (10704, 'IPC', '302', 1, 1);
INSERT INTO ArrestSurrender VALUES (50704, 10704, 1, '2024-05-09', 29, 443, 1007, 5010, 453, 40704, 1, 0);
INSERT INTO CaseMaster VALUES (10705, '304451001202300705', '202300705', '2025-03-21', 5012, 1001, 3, 1, 101, 201, 1, 455, '2025-03-17 10:00:00', '2025-03-17 11:00:00', '2025-03-21 09:00:00', 13.96653, 76.489099, 'Neque ipsa eius quo blanditiis vel dignissimos placeat error eaque dicta voluptas fuga esse culpa aspernatur.');
INSERT INTO ComplainantDetails VALUES (20705, 10705, 'Champak Jayaraman', 46, 1, 1, 1, 1);
INSERT INTO Victim VALUES (30705, 10705, 'Finn Maharaj', 23, 1, '0');
INSERT INTO Accused VALUES (40705, 10705, 'Tanmayi Soni', 27, 1, 'A1');
INSERT INTO ActSectionAssociation VALUES (10705, 'IPC', '302', 1, 1);
INSERT INTO CaseMaster VALUES (10706, '104451002202400706', '202400706', '2024-12-15', 5024, 1002, 1, 1, 101, 201, 1, 455, '2024-12-14 10:00:00', '2024-12-14 11:00:00', '2024-12-15 09:00:00', 16.19136, 76.342725, 'Maxime nam voluptatibus velit nihil ratione enim repellendus natus.');
INSERT INTO ComplainantDetails VALUES (20706, 10706, 'Meera Shanker', 34, 1, 1, 1, 1);
INSERT INTO Victim VALUES (30706, 10706, 'Prisha Rout', 63, 1, '0');
INSERT INTO Accused VALUES (40706, 10706, 'Gavin Char', 51, 1, 'A1');
INSERT INTO ActSectionAssociation VALUES (10706, 'IPC', '302', 1, 1);
INSERT INTO CaseMaster VALUES (10707, '304441008202300707', '202300707', '2023-11-05', 5012, 1008, 3, 1, 101, 201, 1, 454, '2023-11-03 10:00:00', '2023-11-03 11:00:00', '2023-11-05 09:00:00', 13.788751, 75.047195, 'Minus id hic vel vel temporibus voluptatum culpa delectus.');
INSERT INTO ComplainantDetails VALUES (20707, 10707, 'Raghav Chandran', 34, 1, 1, 1, 1);
INSERT INTO Victim VALUES (30707, 10707, 'Tanay Upadhyay', 29, 1, '0');
INSERT INTO Accused VALUES (40707, 10707, 'Urmi Banik', 54, 1, 'A1');
INSERT INTO ActSectionAssociation VALUES (10707, 'IPC', '302', 1, 1);
INSERT INTO CaseMaster VALUES (10708, '104451010202600708', '202600708', '2024-12-24', 5014, 1010, 1, 1, 101, 201, 1, 455, '2024-12-21 10:00:00', '2024-12-21 11:00:00', '2024-12-24 09:00:00', 16.434399, 74.13201, 'Totam eaque odio assumenda distinctio tempora itaque officiis maxime minima ex illum numquam a veritatis quis animi totam eos.');
INSERT INTO ComplainantDetails VALUES (20708, 10708, 'Ayush Dugar', 46, 1, 1, 1, 1);
INSERT INTO Victim VALUES (30708, 10708, 'Saanvi Pau', 36, 1, '0');
INSERT INTO Accused VALUES (40708, 10708, 'Ayaan Basak', 53, 1, 'A1');
INSERT INTO ActSectionAssociation VALUES (10708, 'IPC', '302', 1, 1);
INSERT INTO CaseMaster VALUES (10709, '304451010202600709', '202600709', '2026-04-13', 5017, 1010, 3, 1, 101, 201, 1, 455, '2026-04-11 10:00:00', '2026-04-11 11:00:00', '2026-04-13 09:00:00', 13.195382, 75.008843, 'Nemo provident eveniet voluptate perspiciatis facere maiores neque magni fugiat qui ducimus.');
INSERT INTO ComplainantDetails VALUES (20709, 10709, 'Meera Dubey', 20, 1, 1, 1, 1);
INSERT INTO Victim VALUES (30709, 10709, 'Raghav Grover', 41, 1, '0');
INSERT INTO Accused VALUES (40709, 10709, 'Bhavya Sarma', 19, 1, 'A1');
INSERT INTO ActSectionAssociation VALUES (10709, 'IPC', '302', 1, 1);
INSERT INTO CaseMaster VALUES (10710, '104451002202400710', '202400710', '2025-05-01', 5015, 1002, 1, 1, 101, 201, 1, 455, '2025-04-27 10:00:00', '2025-04-27 11:00:00', '2025-05-01 09:00:00', 17.956047, 74.575594, 'Asperiores molestias odit ad expedita iure tempore nam quae nulla ut nam quae perspiciatis sint nesciunt eveniet architecto molestiae.');
INSERT INTO ComplainantDetails VALUES (20710, 10710, 'Aarush Hora', 38, 1, 1, 1, 1);
INSERT INTO Victim VALUES (30710, 10710, 'Inaya Bhat', 29, 1, '0');
INSERT INTO Accused VALUES (40710, 10710, 'Lucky Chaudhuri', 22, 1, 'A1');
INSERT INTO ActSectionAssociation VALUES (10710, 'IPC', '302', 1, 1);
INSERT INTO ArrestSurrender VALUES (50710, 10710, 1, '2025-05-01', 29, 445, 1002, 5015, 455, 40710, 1, 0);
INSERT INTO CaseMaster VALUES (10711, '304441008202300711', '202300711', '2024-12-30', 5035, 1008, 3, 1, 101, 201, 1, 454, '2024-12-25 10:00:00', '2024-12-25 11:00:00', '2024-12-30 09:00:00', 15.158856, 76.566969, 'Temporibus adipisci itaque molestiae eaque fugit vitae incidunt excepturi ab assumenda consequuntur exercitationem ducimus consectetur alias impedit iure.');
INSERT INTO ComplainantDetails VALUES (20711, 10711, 'Warinder Karpe', 56, 1, 1, 1, 1);
INSERT INTO Victim VALUES (30711, 10711, 'Chandresh Sodhi', 69, 1, '0');
INSERT INTO Accused VALUES (40711, 10711, 'Sudiksha Chand', 35, 1, 'A1');
INSERT INTO ActSectionAssociation VALUES (10711, 'IPC', '302', 1, 1);
INSERT INTO ArrestSurrender VALUES (50711, 10711, 1, '2024-12-30', 29, 444, 1008, 5035, 454, 40711, 1, 0);
INSERT INTO CaseMaster VALUES (10712, '304451001202400712', '202400712', '2025-01-20', 5037, 1001, 3, 1, 101, 201, 1, 455, '2025-01-15 10:00:00', '2025-01-15 11:00:00', '2025-01-20 09:00:00', 15.174823, 77.047203, 'Et aliquam error iste inventore corrupti inventore assumenda ratione sed veniam consequatur doloribus incidunt cum.');
INSERT INTO ComplainantDetails VALUES (20712, 10712, 'Aishani Desai', 20, 1, 1, 1, 1);
INSERT INTO Victim VALUES (30712, 10712, 'Jairaj Shah', 42, 1, '0');
INSERT INTO Accused VALUES (40712, 10712, 'Thomas Agrawal', 51, 1, 'A1');
INSERT INTO ActSectionAssociation VALUES (10712, 'IPC', '302', 1, 1);
INSERT INTO CaseMaster VALUES (10713, '304431007202600713', '202600713', '2025-08-18', 5046, 1007, 3, 1, 101, 201, 1, 453, '2025-08-13 10:00:00', '2025-08-13 11:00:00', '2025-08-18 09:00:00', 17.930643, 74.973007, 'Doloribus mollitia eaque officiis ea dolorem quod soluta natus corrupti vel cupiditate soluta saepe possimus a eum id.');
INSERT INTO ComplainantDetails VALUES (20713, 10713, 'Widisha Rattan', 36, 1, 1, 1, 1);
INSERT INTO Victim VALUES (30713, 10713, 'Ranbir Dayal', 53, 1, '0');
INSERT INTO Accused VALUES (40713, 10713, 'Mekhala Mohanty', 23, 1, 'A1');
INSERT INTO ActSectionAssociation VALUES (10713, 'IPC', '302', 1, 1);
INSERT INTO ArrestSurrender VALUES (50713, 10713, 1, '2025-08-18', 29, 443, 1007, 5046, 453, 40713, 1, 0);
INSERT INTO CaseMaster VALUES (10714, '104441009202500714', '202500714', '2024-01-17', 5007, 1009, 1, 1, 101, 201, 1, 454, '2024-01-15 10:00:00', '2024-01-15 11:00:00', '2024-01-17 09:00:00', 13.816558, 75.361145, 'Quis cum consectetur reiciendis commodi non maiores saepe sapiente repellendus autem rem impedit sit repellat alias quam.');
INSERT INTO ComplainantDetails VALUES (20714, 10714, 'Udarsh Minhas', 50, 1, 1, 1, 1);
INSERT INTO Victim VALUES (30714, 10714, 'Meera Parekh', 59, 1, '0');
INSERT INTO Accused VALUES (40714, 10714, 'Pushti Tata', 37, 1, 'A1');
INSERT INTO ActSectionAssociation VALUES (10714, 'IPC', '302', 1, 1);
INSERT INTO CaseMaster VALUES (10715, '304441008202600715', '202600715', '2024-02-07', 5022, 1008, 3, 1, 101, 201, 1, 454, '2024-02-03 10:00:00', '2024-02-03 11:00:00', '2024-02-07 09:00:00', 12.561472, 77.703064, 'Odio accusamus minus voluptates rerum accusamus id facilis magni reiciendis placeat eligendi possimus dolorem modi deserunt occaecati eos aspernatur eveniet.');
INSERT INTO ComplainantDetails VALUES (20715, 10715, 'Shivansh Varma', 59, 1, 1, 1, 1);
INSERT INTO Victim VALUES (30715, 10715, 'Kai Sachar', 43, 1, '0');
INSERT INTO Accused VALUES (40715, 10715, 'William Khosla', 52, 1, 'A1');
INSERT INTO ActSectionAssociation VALUES (10715, 'IPC', '302', 1, 1);
INSERT INTO CaseMaster VALUES (10716, '304451003202300716', '202300716', '2024-08-07', 5003, 1003, 3, 1, 101, 201, 1, 455, '2024-08-07 10:00:00', '2024-08-07 11:00:00', '2024-08-07 09:00:00', 17.007909, 75.161358, 'Aspernatur suscipit accusamus nam magni culpa pariatur laborum commodi animi minima numquam neque vitae dignissimos asperiores repellendus molestias corporis.');
INSERT INTO ComplainantDetails VALUES (20716, 10716, 'Lavanya Sankaran', 23, 1, 1, 1, 1);
INSERT INTO Victim VALUES (30716, 10716, 'Pallavi Sha', 36, 1, '0');
INSERT INTO Accused VALUES (40716, 10716, 'Anvi Amble', 55, 1, 'A1');
INSERT INTO ActSectionAssociation VALUES (10716, 'IPC', '302', 1, 1);
INSERT INTO ArrestSurrender VALUES (50716, 10716, 1, '2024-08-07', 29, 445, 1003, 5003, 455, 40716, 1, 0);
INSERT INTO CaseMaster VALUES (10717, '104431004202400717', '202400717', '2025-01-04', 5024, 1004, 1, 1, 101, 201, 1, 453, '2025-01-01 10:00:00', '2025-01-01 11:00:00', '2025-01-04 09:00:00', 12.177134, 77.269395, 'Quos molestiae molestiae hic architecto eaque fugiat debitis praesentium iste in maiores ipsam doloribus cupiditate accusamus laboriosam facere praesentium aliquid.');
INSERT INTO ComplainantDetails VALUES (20717, 10717, 'Nicholas Basak', 50, 1, 1, 1, 1);
INSERT INTO Victim VALUES (30717, 10717, 'Pahal Dewan', 38, 1, '0');
INSERT INTO Accused VALUES (40717, 10717, 'Jonathan Krish', 50, 1, 'A1');
INSERT INTO ActSectionAssociation VALUES (10717, 'IPC', '302', 1, 1);
INSERT INTO ArrestSurrender VALUES (50717, 10717, 1, '2025-01-04', 29, 443, 1004, 5024, 453, 40717, 1, 0);
INSERT INTO CaseMaster VALUES (10718, '304441008202400718', '202400718', '2026-02-12', 5012, 1008, 3, 1, 101, 201, 1, 454, '2026-02-11 10:00:00', '2026-02-11 11:00:00', '2026-02-12 09:00:00', 14.419298, 74.340582, 'Quod voluptatibus aspernatur quae nesciunt ratione fuga nulla eos deserunt dicta quis deserunt esse reiciendis voluptas error deleniti ut.');
INSERT INTO ComplainantDetails VALUES (20718, 10718, 'Lohit Mallick', 44, 1, 1, 1, 1);
INSERT INTO Victim VALUES (30718, 10718, 'Chasmum Tiwari', 35, 1, '0');
INSERT INTO Accused VALUES (40718, 10718, 'Aachal Bajwa', 47, 1, 'A1');
INSERT INTO ActSectionAssociation VALUES (10718, 'IPC', '302', 1, 1);
INSERT INTO ArrestSurrender VALUES (50718, 10718, 1, '2026-02-12', 29, 444, 1008, 5012, 454, 40718, 1, 0);
INSERT INTO CaseMaster VALUES (10719, '304451003202500719', '202500719', '2023-12-31', 5007, 1003, 3, 1, 101, 201, 1, 455, '2023-12-29 10:00:00', '2023-12-29 11:00:00', '2023-12-31 09:00:00', 16.731583, 77.165833, 'Rem dolores illo quas nostrum officia natus harum sapiente aspernatur.');
INSERT INTO ComplainantDetails VALUES (20719, 10719, 'Timothy Doshi', 26, 1, 1, 1, 1);
INSERT INTO Victim VALUES (30719, 10719, 'Suhani Kar', 43, 1, '0');
INSERT INTO Accused VALUES (40719, 10719, 'Wridesh Hora', 51, 1, 'A1');
INSERT INTO ActSectionAssociation VALUES (10719, 'IPC', '302', 1, 1);
INSERT INTO CaseMaster VALUES (10720, '304441009202500720', '202500720', '2026-05-18', 5021, 1009, 3, 1, 101, 201, 1, 454, '2026-05-15 10:00:00', '2026-05-15 11:00:00', '2026-05-18 09:00:00', 15.640007, 77.803365, 'Placeat doloribus id molestias consequatur adipisci ipsum necessitatibus minima ad quod velit ex inventore debitis eaque quidem iure odit.');
INSERT INTO ComplainantDetails VALUES (20720, 10720, 'Charan Devi', 56, 1, 1, 1, 1);
INSERT INTO Victim VALUES (30720, 10720, 'Divya Kibe', 57, 1, '0');
INSERT INTO Accused VALUES (40720, 10720, 'Sanya Dave', 28, 1, 'A1');
INSERT INTO ActSectionAssociation VALUES (10720, 'IPC', '302', 1, 1);
INSERT INTO CaseMaster VALUES (10721, '304441008202600721', '202600721', '2026-05-15', 5008, 1008, 3, 1, 101, 201, 1, 454, '2026-05-13 10:00:00', '2026-05-13 11:00:00', '2026-05-15 09:00:00', 12.365777, 74.770259, 'Ut sed rem sunt ad quaerat pariatur molestias fugiat.');
INSERT INTO ComplainantDetails VALUES (20721, 10721, 'Gunbir Anand', 37, 1, 1, 1, 1);
INSERT INTO Victim VALUES (30721, 10721, 'Oscar Saini', 63, 1, '0');
INSERT INTO Accused VALUES (40721, 10721, 'Alexander Bera', 18, 1, 'A1');
INSERT INTO ActSectionAssociation VALUES (10721, 'IPC', '302', 1, 1);
INSERT INTO CaseMaster VALUES (10722, '304451001202300722', '202300722', '2026-07-05', 5038, 1001, 3, 1, 101, 201, 1, 455, '2026-07-03 10:00:00', '2026-07-03 11:00:00', '2026-07-05 09:00:00', 16.215725, 74.361426, 'Ex voluptate nam doloremque tempore ut quam dolores odio ipsam.');
INSERT INTO ComplainantDetails VALUES (20722, 10722, 'Lavanya Madan', 52, 1, 1, 1, 1);
INSERT INTO Victim VALUES (30722, 10722, 'Kashvi Varma', 62, 1, '0');
INSERT INTO Accused VALUES (40722, 10722, 'Anthony Agrawal', 53, 1, 'A1');
INSERT INTO ActSectionAssociation VALUES (10722, 'IPC', '302', 1, 1);
INSERT INTO ArrestSurrender VALUES (50722, 10722, 1, '2026-07-05', 29, 445, 1001, 5038, 455, 40722, 1, 0);
INSERT INTO CaseMaster VALUES (10723, '104441006202600723', '202600723', '2025-11-10', 5043, 1006, 1, 1, 101, 201, 1, 454, '2025-11-05 10:00:00', '2025-11-05 11:00:00', '2025-11-10 09:00:00', 15.066526, 74.450489, 'Amet laborum perferendis quis porro labore quia repudiandae enim voluptas sequi minus rerum distinctio quidem maiores necessitatibus natus.');
INSERT INTO ComplainantDetails VALUES (20723, 10723, 'Qasim Narang', 50, 1, 1, 1, 1);
INSERT INTO Victim VALUES (30723, 10723, 'Wridesh Memon', 25, 1, '0');
INSERT INTO Accused VALUES (40723, 10723, 'Elijah Menon', 43, 1, 'A1');
INSERT INTO ActSectionAssociation VALUES (10723, 'IPC', '302', 1, 1);
INSERT INTO ArrestSurrender VALUES (50723, 10723, 1, '2025-11-10', 29, 444, 1006, 5043, 454, 40723, 1, 0);
INSERT INTO CaseMaster VALUES (10724, '304431005202400724', '202400724', '2025-09-15', 5019, 1005, 3, 1, 101, 201, 1, 453, '2025-09-12 10:00:00', '2025-09-12 11:00:00', '2025-09-15 09:00:00', 17.719078, 75.252613, 'Minima itaque sit molestias itaque libero adipisci rerum nulla doloremque dignissimos perspiciatis blanditiis facilis.');
INSERT INTO ComplainantDetails VALUES (20724, 10724, 'Girik Munshi', 40, 1, 1, 1, 1);
INSERT INTO Victim VALUES (30724, 10724, 'Ishwar Date', 21, 1, '0');
INSERT INTO Accused VALUES (40724, 10724, 'Hemang Mandal', 54, 1, 'A1');
INSERT INTO ActSectionAssociation VALUES (10724, 'IPC', '302', 1, 1);
INSERT INTO ArrestSurrender VALUES (50724, 10724, 1, '2025-09-15', 29, 443, 1005, 5019, 453, 40724, 1, 0);
INSERT INTO CaseMaster VALUES (10725, '304431005202500725', '202500725', '2026-06-26', 5008, 1005, 3, 1, 101, 201, 1, 453, '2026-06-26 10:00:00', '2026-06-26 11:00:00', '2026-06-26 09:00:00', 12.906127, 75.449157, 'Nisi harum occaecati unde laborum tempora pariatur et explicabo est.');
INSERT INTO ComplainantDetails VALUES (20725, 10725, 'Guneet Ganesh', 47, 1, 1, 1, 1);
INSERT INTO Victim VALUES (30725, 10725, 'Edhitha Bhatia', 70, 1, '0');
INSERT INTO Accused VALUES (40725, 10725, 'Varsha Din', 22, 1, 'A1');
INSERT INTO ActSectionAssociation VALUES (10725, 'IPC', '302', 1, 1);
INSERT INTO CaseMaster VALUES (10726, '104441006202500726', '202500726', '2025-08-05', 5005, 1006, 1, 1, 101, 201, 1, 454, '2025-08-03 10:00:00', '2025-08-03 11:00:00', '2025-08-05 09:00:00', 13.507316, 74.737516, 'Ipsum voluptatem repellat libero id eius maiores iusto aut nesciunt odit voluptates dolore reiciendis dolore aliquam.');
INSERT INTO ComplainantDetails VALUES (20726, 10726, 'Tejas Chowdhury', 60, 1, 1, 1, 1);
INSERT INTO Victim VALUES (30726, 10726, 'Indali Mitter', 30, 1, '0');
INSERT INTO Accused VALUES (40726, 10726, 'Warda Keer', 19, 1, 'A1');
INSERT INTO ActSectionAssociation VALUES (10726, 'IPC', '302', 1, 1);
INSERT INTO CaseMaster VALUES (10727, '104441008202500727', '202500727', '2024-11-24', 5022, 1008, 1, 1, 101, 201, 1, 454, '2024-11-20 10:00:00', '2024-11-20 11:00:00', '2024-11-24 09:00:00', 14.08421, 77.375818, 'Facilis repellat similique maiores expedita aut consequuntur quod voluptatibus totam ex.');
INSERT INTO ComplainantDetails VALUES (20727, 10727, 'Aadhya Saran', 56, 1, 1, 1, 1);
INSERT INTO Victim VALUES (30727, 10727, 'Harsh Kalita', 61, 1, '0');
INSERT INTO Accused VALUES (40727, 10727, 'Samaksh Narayanan', 53, 1, 'A1');
INSERT INTO ActSectionAssociation VALUES (10727, 'IPC', '302', 1, 1);
INSERT INTO CaseMaster VALUES (10728, '304451003202500728', '202500728', '2025-03-21', 5026, 1003, 3, 1, 101, 201, 1, 455, '2025-03-21 10:00:00', '2025-03-21 11:00:00', '2025-03-21 09:00:00', 17.767665, 74.228751, 'Accusamus distinctio animi hic eum numquam nemo magni veniam eius labore sunt corporis nam minima voluptas eveniet doloremque labore quidem.');
INSERT INTO ComplainantDetails VALUES (20728, 10728, 'Ria Seth', 36, 1, 1, 1, 1);
INSERT INTO Victim VALUES (30728, 10728, 'Viraj Rajagopal', 35, 1, '0');
INSERT INTO Accused VALUES (40728, 10728, 'Tamanna Tella', 42, 1, 'A1');
INSERT INTO ActSectionAssociation VALUES (10728, 'IPC', '302', 1, 1);
INSERT INTO ArrestSurrender VALUES (50728, 10728, 1, '2025-03-21', 29, 445, 1003, 5026, 455, 40728, 1, 0);
INSERT INTO CaseMaster VALUES (10729, '104431004202500729', '202500729', '2025-04-09', 5037, 1004, 1, 1, 101, 201, 1, 453, '2025-04-05 10:00:00', '2025-04-05 11:00:00', '2025-04-09 09:00:00', 14.059908, 76.59595, 'Harum eligendi cupiditate ratione ullam voluptatum fugiat voluptas ipsum commodi provident ab nisi voluptatum quae dignissimos.');
INSERT INTO ComplainantDetails VALUES (20729, 10729, 'Ayushman Narain', 57, 1, 1, 1, 1);
INSERT INTO Victim VALUES (30729, 10729, 'Neel Mani', 32, 1, '0');
INSERT INTO Accused VALUES (40729, 10729, 'Tripti Talwar', 29, 1, 'A1');
INSERT INTO ActSectionAssociation VALUES (10729, 'IPC', '302', 1, 1);
INSERT INTO CaseMaster VALUES (10730, '304431004202600730', '202600730', '2023-10-26', 5023, 1004, 3, 1, 101, 201, 1, 453, '2023-10-23 10:00:00', '2023-10-23 11:00:00', '2023-10-26 09:00:00', 13.049797, 77.240544, 'Eius soluta quod inventore in nostrum tempore veritatis eaque iure aliquid.');
INSERT INTO ComplainantDetails VALUES (20730, 10730, 'Viraj Bir', 21, 1, 1, 1, 1);
INSERT INTO Victim VALUES (30730, 10730, 'Tarak Randhawa', 56, 1, '0');
INSERT INTO Accused VALUES (40730, 10730, 'Manbir Nagar', 26, 1, 'A1');
INSERT INTO ActSectionAssociation VALUES (10730, 'IPC', '302', 1, 1);
INSERT INTO CaseMaster VALUES (10731, '104441009202600731', '202600731', '2024-03-04', 5034, 1009, 1, 1, 101, 201, 1, 454, '2024-02-28 10:00:00', '2024-02-28 11:00:00', '2024-03-04 09:00:00', 13.087265, 77.705825, 'Maxime impedit corrupti omnis tenetur dolor reprehenderit quod sunt magnam voluptatem.');
INSERT INTO ComplainantDetails VALUES (20731, 10731, 'Tanvi Sanghvi', 56, 1, 1, 1, 1);
INSERT INTO Victim VALUES (30731, 10731, 'Jasmit Zacharia', 21, 1, '0');
INSERT INTO Accused VALUES (40731, 10731, 'Lucky Maharaj', 51, 1, 'A1');
INSERT INTO ActSectionAssociation VALUES (10731, 'IPC', '302', 1, 1);
INSERT INTO ArrestSurrender VALUES (50731, 10731, 1, '2024-03-04', 29, 444, 1009, 5034, 454, 40731, 1, 0);
INSERT INTO CaseMaster VALUES (10732, '304451001202300732', '202300732', '2024-04-13', 5016, 1001, 3, 1, 101, 201, 1, 455, '2024-04-12 10:00:00', '2024-04-12 11:00:00', '2024-04-13 09:00:00', 17.831954, 75.10409, 'Magnam voluptates eligendi voluptatibus magni dolore sit cupiditate atque vitae ratione aspernatur natus soluta quod consequuntur possimus ea itaque cum.');
INSERT INTO ComplainantDetails VALUES (20732, 10732, 'Sneha Lanka', 39, 1, 1, 1, 1);
INSERT INTO Victim VALUES (30732, 10732, 'Falan Pandit', 19, 1, '0');
INSERT INTO Accused VALUES (40732, 10732, 'Radhika More', 51, 1, 'A1');
INSERT INTO ActSectionAssociation VALUES (10732, 'IPC', '302', 1, 1);
INSERT INTO ArrestSurrender VALUES (50732, 10732, 1, '2024-04-13', 29, 445, 1001, 5016, 455, 40732, 1, 0);
INSERT INTO CaseMaster VALUES (10733, '104451001202400733', '202400733', '2025-05-01', 5047, 1001, 1, 1, 101, 201, 1, 455, '2025-04-28 10:00:00', '2025-04-28 11:00:00', '2025-05-01 09:00:00', 16.820302, 75.239312, 'Qui aperiam voluptatem voluptas quasi asperiores illum eaque natus omnis in at odio accusantium hic illum quaerat.');
INSERT INTO ComplainantDetails VALUES (20733, 10733, 'Nikita Andra', 36, 1, 1, 1, 1);
INSERT INTO Victim VALUES (30733, 10733, 'Unnati Dhingra', 57, 1, '0');
INSERT INTO Accused VALUES (40733, 10733, 'Nidra Gandhi', 18, 1, 'A1');
INSERT INTO ActSectionAssociation VALUES (10733, 'IPC', '302', 1, 1);
INSERT INTO ArrestSurrender VALUES (50733, 10733, 1, '2025-05-01', 29, 445, 1001, 5047, 455, 40733, 1, 0);
INSERT INTO CaseMaster VALUES (10734, '104451010202300734', '202300734', '2025-11-21', 5048, 1010, 1, 1, 101, 201, 1, 455, '2025-11-20 10:00:00', '2025-11-20 11:00:00', '2025-11-21 09:00:00', 12.078204, 77.070281, 'Provident iste ex asperiores alias dolor expedita laborum cupiditate voluptatem earum amet error dolores laboriosam optio.');
INSERT INTO ComplainantDetails VALUES (20734, 10734, 'Oliver Date', 37, 1, 1, 1, 1);
INSERT INTO Victim VALUES (30734, 10734, 'Megha Choudhary', 38, 1, '0');
INSERT INTO Accused VALUES (40734, 10734, 'Pallavi Karpe', 30, 1, 'A1');
INSERT INTO ActSectionAssociation VALUES (10734, 'IPC', '302', 1, 1);
INSERT INTO ArrestSurrender VALUES (50734, 10734, 1, '2025-11-21', 29, 445, 1010, 5048, 455, 40734, 1, 0);
INSERT INTO CaseMaster VALUES (10735, '304451001202300735', '202300735', '2025-05-30', 5044, 1001, 3, 1, 101, 201, 1, 455, '2025-05-30 10:00:00', '2025-05-30 11:00:00', '2025-05-30 09:00:00', 13.365502, 76.009754, 'Inventore itaque commodi error iure quidem aut asperiores blanditiis nihil molestiae repudiandae nulla nostrum beatae eveniet id.');
INSERT INTO ComplainantDetails VALUES (20735, 10735, 'Upkaar Bail', 51, 1, 1, 1, 1);
INSERT INTO Victim VALUES (30735, 10735, 'Shaurya Banerjee', 47, 1, '0');
INSERT INTO Accused VALUES (40735, 10735, 'Ethan Dugar', 23, 1, 'A1');
INSERT INTO ActSectionAssociation VALUES (10735, 'IPC', '302', 1, 1);
INSERT INTO ArrestSurrender VALUES (50735, 10735, 1, '2025-05-30', 29, 445, 1001, 5044, 455, 40735, 1, 0);
INSERT INTO CaseMaster VALUES (10736, '104451001202400736', '202400736', '2024-08-06', 5043, 1001, 1, 1, 101, 201, 1, 455, '2024-08-03 10:00:00', '2024-08-03 11:00:00', '2024-08-06 09:00:00', 16.346167, 74.894027, 'Eum earum accusantium debitis pariatur nobis in voluptatum beatae voluptas molestiae.');
INSERT INTO ComplainantDetails VALUES (20736, 10736, 'Idika Purohit', 30, 1, 1, 1, 1);
INSERT INTO Victim VALUES (30736, 10736, 'Aarini Talwar', 68, 1, '0');
INSERT INTO Accused VALUES (40736, 10736, 'Fitan Kata', 30, 1, 'A1');
INSERT INTO ActSectionAssociation VALUES (10736, 'IPC', '302', 1, 1);
INSERT INTO ArrestSurrender VALUES (50736, 10736, 1, '2024-08-06', 29, 445, 1001, 5043, 455, 40736, 1, 0);
INSERT INTO CaseMaster VALUES (10737, '304451010202300737', '202300737', '2024-04-21', 5015, 1010, 3, 1, 101, 201, 1, 455, '2024-04-21 10:00:00', '2024-04-21 11:00:00', '2024-04-21 09:00:00', 17.38617, 76.342668, 'Soluta voluptatum eos praesentium esse perspiciatis eius vero quas aliquam unde minima ipsam quam minus ad natus facilis.');
INSERT INTO ComplainantDetails VALUES (20737, 10737, 'Neel Dugar', 30, 1, 1, 1, 1);
INSERT INTO Victim VALUES (30737, 10737, 'Keya Parmer', 41, 1, '0');
INSERT INTO Accused VALUES (40737, 10737, 'Andrew Wali', 53, 1, 'A1');
INSERT INTO ActSectionAssociation VALUES (10737, 'IPC', '302', 1, 1);
INSERT INTO CaseMaster VALUES (10738, '304451010202300738', '202300738', '2025-02-09', 5017, 1010, 3, 1, 101, 201, 1, 455, '2025-02-09 10:00:00', '2025-02-09 11:00:00', '2025-02-09 09:00:00', 17.118695, 77.854861, 'Nihil explicabo voluptatem doloribus maiores optio omnis voluptates quos cum sint cumque ab sed eius itaque aut consequatur eum aliquam.');
INSERT INTO ComplainantDetails VALUES (20738, 10738, 'Indrajit Dayal', 27, 1, 1, 1, 1);
INSERT INTO Victim VALUES (30738, 10738, 'Jasmit Rajagopal', 62, 1, '0');
INSERT INTO Accused VALUES (40738, 10738, 'Abdul Chana', 29, 1, 'A1');
INSERT INTO ActSectionAssociation VALUES (10738, 'IPC', '302', 1, 1);
INSERT INTO ArrestSurrender VALUES (50738, 10738, 1, '2025-02-09', 29, 445, 1010, 5017, 455, 40738, 1, 0);
INSERT INTO CaseMaster VALUES (10739, '304441008202600739', '202600739', '2024-12-23', 5041, 1008, 3, 1, 101, 201, 1, 454, '2024-12-19 10:00:00', '2024-12-19 11:00:00', '2024-12-23 09:00:00', 14.965202, 77.322247, 'Laudantium cum animi quasi aliquid deleniti ut expedita sunt consequuntur ullam ea.');
INSERT INTO ComplainantDetails VALUES (20739, 10739, 'Hema Nagar', 31, 1, 1, 1, 1);
INSERT INTO Victim VALUES (30739, 10739, 'Yochana Badami', 67, 1, '0');
INSERT INTO Accused VALUES (40739, 10739, 'Brijesh Nagarajan', 39, 1, 'A1');
INSERT INTO ActSectionAssociation VALUES (10739, 'IPC', '302', 1, 1);
INSERT INTO CaseMaster VALUES (10740, '104451002202400740', '202400740', '2025-11-16', 5046, 1002, 1, 1, 101, 201, 1, 455, '2025-11-12 10:00:00', '2025-11-12 11:00:00', '2025-11-16 09:00:00', 16.617313, 74.84295, 'Provident quidem itaque sapiente id nulla repudiandae corrupti dignissimos illum reprehenderit dolorem necessitatibus.');
INSERT INTO ComplainantDetails VALUES (20740, 10740, 'Falguni Baria', 52, 1, 1, 1, 1);
INSERT INTO Victim VALUES (30740, 10740, 'Viraj Dua', 19, 1, '0');
INSERT INTO Accused VALUES (40740, 10740, 'Abdul Gala', 52, 1, 'A1');
INSERT INTO ActSectionAssociation VALUES (10740, 'IPC', '302', 1, 1);
INSERT INTO CaseMaster VALUES (10741, '104431005202500741', '202500741', '2023-08-16', 5040, 1005, 1, 1, 101, 201, 1, 453, '2023-08-14 10:00:00', '2023-08-14 11:00:00', '2023-08-16 09:00:00', 17.772665, 76.609256, 'Alias error unde dicta in cum earum eveniet eveniet rerum dolorem repudiandae porro nam nihil.');
INSERT INTO ComplainantDetails VALUES (20741, 10741, 'Krishna Merchant', 35, 1, 1, 1, 1);
INSERT INTO Victim VALUES (30741, 10741, 'Rishi Baral', 35, 1, '0');
INSERT INTO Accused VALUES (40741, 10741, 'Neelima Raval', 26, 1, 'A1');
INSERT INTO ActSectionAssociation VALUES (10741, 'IPC', '302', 1, 1);
INSERT INTO CaseMaster VALUES (10742, '104441009202600742', '202600742', '2025-08-30', 5017, 1009, 1, 1, 101, 201, 1, 454, '2025-08-29 10:00:00', '2025-08-29 11:00:00', '2025-08-30 09:00:00', 17.833852, 74.881115, 'Autem sint optio ducimus odit animi molestiae quod error mollitia commodi eos quidem dolores incidunt unde earum blanditiis omnis.');
INSERT INTO ComplainantDetails VALUES (20742, 10742, 'Bhavani Shroff', 52, 1, 1, 1, 1);
INSERT INTO Victim VALUES (30742, 10742, 'Priya Karnik', 55, 1, '0');
INSERT INTO Accused VALUES (40742, 10742, 'Lajita Morar', 43, 1, 'A1');
INSERT INTO ActSectionAssociation VALUES (10742, 'IPC', '302', 1, 1);
INSERT INTO CaseMaster VALUES (10743, '104441009202500743', '202500743', '2026-03-15', 5028, 1009, 1, 1, 101, 201, 1, 454, '2026-03-10 10:00:00', '2026-03-10 11:00:00', '2026-03-15 09:00:00', 15.764835, 75.642366, 'Sunt reiciendis id excepturi quisquam similique facilis et eum quibusdam nihil.');
INSERT INTO ComplainantDetails VALUES (20743, 10743, 'Jack Hegde', 48, 1, 1, 1, 1);
INSERT INTO Victim VALUES (30743, 10743, 'Abhimanyu Deo', 41, 1, '0');
INSERT INTO Accused VALUES (40743, 10743, 'Chaitaly Wali', 25, 1, 'A1');
INSERT INTO ActSectionAssociation VALUES (10743, 'IPC', '302', 1, 1);
INSERT INTO ArrestSurrender VALUES (50743, 10743, 1, '2026-03-15', 29, 444, 1009, 5028, 454, 40743, 1, 0);
INSERT INTO CaseMaster VALUES (10744, '304441008202400744', '202400744', '2024-10-16', 5002, 1008, 3, 1, 101, 201, 1, 454, '2024-10-15 10:00:00', '2024-10-15 11:00:00', '2024-10-16 09:00:00', 17.697308, 74.735503, 'Nesciunt in inventore sit perspiciatis debitis aperiam a officiis molestiae iusto atque tempora doloribus ipsam adipisci.');
INSERT INTO ComplainantDetails VALUES (20744, 10744, 'Yashoda Puri', 55, 1, 1, 1, 1);
INSERT INTO Victim VALUES (30744, 10744, 'Alexander Munshi', 23, 1, '0');
INSERT INTO Accused VALUES (40744, 10744, 'Abdul Dhingra', 36, 1, 'A1');
INSERT INTO ActSectionAssociation VALUES (10744, 'IPC', '302', 1, 1);
INSERT INTO ArrestSurrender VALUES (50744, 10744, 1, '2024-10-16', 29, 444, 1008, 5002, 454, 40744, 1, 0);
INSERT INTO CaseMaster VALUES (10745, '304441009202400745', '202400745', '2024-08-27', 5050, 1009, 3, 1, 101, 201, 1, 454, '2024-08-25 10:00:00', '2024-08-25 11:00:00', '2024-08-27 09:00:00', 17.514292, 75.827286, 'Natus delectus porro ratione aut fugit quos eius rerum quos officia blanditiis totam deserunt inventore nemo repellat doloribus asperiores.');
INSERT INTO ComplainantDetails VALUES (20745, 10745, 'Urmi Kashyap', 37, 1, 1, 1, 1);
INSERT INTO Victim VALUES (30745, 10745, 'Yachana Kata', 66, 1, '0');
INSERT INTO Accused VALUES (40745, 10745, 'Kala Raja', 35, 1, 'A1');
INSERT INTO ActSectionAssociation VALUES (10745, 'IPC', '302', 1, 1);
INSERT INTO CaseMaster VALUES (10746, '304451003202400746', '202400746', '2025-07-14', 5045, 1003, 3, 1, 101, 201, 1, 455, '2025-07-12 10:00:00', '2025-07-12 11:00:00', '2025-07-14 09:00:00', 16.571106, 77.133856, 'Asperiores eveniet consectetur debitis quod aspernatur nihil a aliquam voluptas at impedit possimus.');
INSERT INTO ComplainantDetails VALUES (20746, 10746, 'Dominic Sha', 43, 1, 1, 1, 1);
INSERT INTO Victim VALUES (30746, 10746, 'Atharv Varty', 38, 1, '0');
INSERT INTO Accused VALUES (40746, 10746, 'Wriddhish Divan', 29, 1, 'A1');
INSERT INTO ActSectionAssociation VALUES (10746, 'IPC', '302', 1, 1);
INSERT INTO CaseMaster VALUES (10747, '304441006202300747', '202300747', '2025-02-10', 5042, 1006, 3, 1, 101, 201, 1, 454, '2025-02-07 10:00:00', '2025-02-07 11:00:00', '2025-02-10 09:00:00', 16.7924, 74.356818, 'Nulla magni at quos libero soluta libero asperiores earum hic eos occaecati quasi dolorem.');
INSERT INTO ComplainantDetails VALUES (20747, 10747, 'Urishilla Bhagat', 42, 1, 1, 1, 1);
INSERT INTO Victim VALUES (30747, 10747, 'Akshay Mutti', 27, 1, '0');
INSERT INTO Accused VALUES (40747, 10747, 'Vasatika Bansal', 39, 1, 'A1');
INSERT INTO ActSectionAssociation VALUES (10747, 'IPC', '302', 1, 1);
INSERT INTO ArrestSurrender VALUES (50747, 10747, 1, '2025-02-10', 29, 444, 1006, 5042, 454, 40747, 1, 0);
INSERT INTO CaseMaster VALUES (10748, '304451003202300748', '202300748', '2024-01-10', 5004, 1003, 3, 1, 101, 201, 1, 455, '2024-01-08 10:00:00', '2024-01-08 11:00:00', '2024-01-10 09:00:00', 12.785871, 74.914018, 'Voluptatum culpa beatae a expedita corrupti illo officia beatae aut.');
INSERT INTO ComplainantDetails VALUES (20748, 10748, 'Sarthak Sunder', 21, 1, 1, 1, 1);
INSERT INTO Victim VALUES (30748, 10748, 'Kritika Misra', 38, 1, '0');
INSERT INTO Accused VALUES (40748, 10748, 'Upadhriti Ghose', 35, 1, 'A1');
INSERT INTO ActSectionAssociation VALUES (10748, 'IPC', '302', 1, 1);
INSERT INTO ArrestSurrender VALUES (50748, 10748, 1, '2024-01-10', 29, 445, 1003, 5004, 455, 40748, 1, 0);
INSERT INTO CaseMaster VALUES (10749, '104441006202300749', '202300749', '2023-08-27', 5001, 1006, 1, 1, 101, 201, 1, 454, '2023-08-24 10:00:00', '2023-08-24 11:00:00', '2023-08-27 09:00:00', 12.662735, 76.493519, 'Culpa cupiditate tempora recusandae corporis eligendi autem ducimus consequatur.');
INSERT INTO ComplainantDetails VALUES (20749, 10749, 'Raghav Kata', 40, 1, 1, 1, 1);
INSERT INTO Victim VALUES (30749, 10749, 'Pushti Joshi', 49, 1, '0');
INSERT INTO Accused VALUES (40749, 10749, 'Zehaan Virk', 33, 1, 'A1');
INSERT INTO ActSectionAssociation VALUES (10749, 'IPC', '302', 1, 1);
INSERT INTO CaseMaster VALUES (10750, '304451010202400750', '202400750', '2024-09-03', 5005, 1010, 3, 1, 101, 201, 1, 455, '2024-08-31 10:00:00', '2024-08-31 11:00:00', '2024-09-03 09:00:00', 12.760938, 75.79615, 'Vel ab totam repudiandae porro occaecati nostrum numquam ex veritatis dicta debitis reprehenderit tempore doloribus dignissimos delectus.');
INSERT INTO ComplainantDetails VALUES (20750, 10750, 'Ishwar Tak', 59, 1, 1, 1, 1);
INSERT INTO Victim VALUES (30750, 10750, 'Ati Batra', 65, 1, '0');
INSERT INTO Accused VALUES (40750, 10750, 'Krisha Gupta', 45, 1, 'A1');
INSERT INTO ActSectionAssociation VALUES (10750, 'IPC', '302', 1, 1);
INSERT INTO CaseMaster VALUES (10751, '304451002202600751', '202600751', '2025-02-22', 5011, 1002, 3, 1, 101, 201, 1, 455, '2025-02-17 10:00:00', '2025-02-17 11:00:00', '2025-02-22 09:00:00', 17.362948, 75.483931, 'Fugit eligendi sint debitis facilis a labore error suscipit accusantium magni amet voluptatum ea similique aliquam possimus laboriosam velit nihil.');
INSERT INTO ComplainantDetails VALUES (20751, 10751, 'Devansh Srivastava', 23, 1, 1, 1, 1);
INSERT INTO Victim VALUES (30751, 10751, 'Pallavi D’Alia', 55, 1, '0');
INSERT INTO Accused VALUES (40751, 10751, 'Samaksh Lad', 25, 1, 'A1');
INSERT INTO ActSectionAssociation VALUES (10751, 'IPC', '302', 1, 1);
INSERT INTO CaseMaster VALUES (10752, '104431007202600752', '202600752', '2024-12-12', 5050, 1007, 1, 1, 101, 201, 1, 453, '2024-12-08 10:00:00', '2024-12-08 11:00:00', '2024-12-12 09:00:00', 13.244544, 75.635638, 'Quam delectus accusantium voluptatum optio mollitia reiciendis amet in deserunt eaque vel asperiores et placeat.');
INSERT INTO ComplainantDetails VALUES (20752, 10752, 'Panini Shere', 43, 1, 1, 1, 1);
INSERT INTO Victim VALUES (30752, 10752, 'Noah Jhaveri', 62, 1, '0');
INSERT INTO Accused VALUES (40752, 10752, 'Finn Panchal', 48, 1, 'A1');
INSERT INTO ActSectionAssociation VALUES (10752, 'IPC', '302', 1, 1);
INSERT INTO CaseMaster VALUES (10753, '104451002202400753', '202400753', '2024-01-22', 5026, 1002, 1, 1, 101, 201, 1, 455, '2024-01-21 10:00:00', '2024-01-21 11:00:00', '2024-01-22 09:00:00', 15.646166, 77.77648, 'Unde praesentium ipsum iusto cumque a cum nostrum aperiam cumque beatae suscipit autem rerum nisi neque eveniet ea veritatis optio.');
INSERT INTO ComplainantDetails VALUES (20753, 10753, 'Harinakshi Sen', 54, 1, 1, 1, 1);
INSERT INTO Victim VALUES (30753, 10753, 'Vasudha Mukhopadhyay', 50, 1, '0');
INSERT INTO Accused VALUES (40753, 10753, 'Ekalinga Rattan', 26, 1, 'A1');
INSERT INTO ActSectionAssociation VALUES (10753, 'IPC', '302', 1, 1);
INSERT INTO ArrestSurrender VALUES (50753, 10753, 1, '2024-01-22', 29, 445, 1002, 5026, 455, 40753, 1, 0);
INSERT INTO CaseMaster VALUES (10754, '104451002202400754', '202400754', '2023-09-29', 5048, 1002, 1, 1, 101, 201, 1, 455, '2023-09-24 10:00:00', '2023-09-24 11:00:00', '2023-09-29 09:00:00', 17.166894, 76.140959, 'Iste cumque eos expedita esse dolor nulla natus fuga magnam maxime officia architecto reprehenderit earum voluptatem sint laboriosam.');
INSERT INTO ComplainantDetails VALUES (20754, 10754, 'Aayush Dar', 33, 1, 1, 1, 1);
INSERT INTO Victim VALUES (30754, 10754, 'Gavin Shukla', 32, 1, '0');
INSERT INTO Accused VALUES (40754, 10754, 'Aachal Bali', 51, 1, 'A1');
INSERT INTO ActSectionAssociation VALUES (10754, 'IPC', '302', 1, 1);
INSERT INTO ArrestSurrender VALUES (50754, 10754, 1, '2023-09-29', 29, 445, 1002, 5048, 455, 40754, 1, 0);
INSERT INTO CaseMaster VALUES (10755, '104451002202600755', '202600755', '2025-06-08', 5037, 1002, 1, 1, 101, 201, 1, 455, '2025-06-04 10:00:00', '2025-06-04 11:00:00', '2025-06-08 09:00:00', 16.1663, 76.719869, 'Voluptatibus sit illum adipisci voluptas sed illum fugiat sit repellendus velit voluptas excepturi est ipsa dolore facere repellat quos.');
INSERT INTO ComplainantDetails VALUES (20755, 10755, 'Vinaya Bajaj', 46, 1, 1, 1, 1);
INSERT INTO Victim VALUES (30755, 10755, 'Kai Kari', 25, 1, '0');
INSERT INTO Accused VALUES (40755, 10755, 'Kamala Deo', 23, 1, 'A1');
INSERT INTO ActSectionAssociation VALUES (10755, 'IPC', '302', 1, 1);
INSERT INTO CaseMaster VALUES (10756, '304431004202500756', '202500756', '2025-05-15', 5031, 1004, 3, 1, 101, 201, 1, 453, '2025-05-15 10:00:00', '2025-05-15 11:00:00', '2025-05-15 09:00:00', 17.337542, 77.016507, 'Tenetur voluptatum odit numquam totam illo nihil eligendi iste dolore exercitationem nisi.');
INSERT INTO ComplainantDetails VALUES (20756, 10756, 'Lipika Chaudhary', 29, 1, 1, 1, 1);
INSERT INTO Victim VALUES (30756, 10756, 'Avni Chokshi', 44, 1, '0');
INSERT INTO Accused VALUES (40756, 10756, 'Omya Memon', 26, 1, 'A1');
INSERT INTO ActSectionAssociation VALUES (10756, 'IPC', '302', 1, 1);
INSERT INTO ArrestSurrender VALUES (50756, 10756, 1, '2025-05-15', 29, 443, 1004, 5031, 453, 40756, 1, 0);
INSERT INTO CaseMaster VALUES (10757, '304451003202600757', '202600757', '2023-12-18', 5007, 1003, 3, 1, 101, 201, 1, 455, '2023-12-18 10:00:00', '2023-12-18 11:00:00', '2023-12-18 09:00:00', 12.186618, 77.464148, 'Recusandae rem sequi optio dolorem incidunt maiores facilis fugiat beatae labore.');
INSERT INTO ComplainantDetails VALUES (20757, 10757, 'Isaiah Chowdhury', 45, 1, 1, 1, 1);
INSERT INTO Victim VALUES (30757, 10757, 'Kritika Nagarajan', 59, 1, '0');
INSERT INTO Accused VALUES (40757, 10757, 'Zayyan Taneja', 41, 1, 'A1');
INSERT INTO ActSectionAssociation VALUES (10757, 'IPC', '302', 1, 1);
INSERT INTO CaseMaster VALUES (10758, '104451001202600758', '202600758', '2024-08-07', 5015, 1001, 1, 1, 101, 201, 1, 455, '2024-08-07 10:00:00', '2024-08-07 11:00:00', '2024-08-07 09:00:00', 15.057582, 76.411844, 'Tempore similique quasi voluptatum vitae laudantium a hic magnam ex molestiae consequuntur quis suscipit veniam modi eius.');
INSERT INTO ComplainantDetails VALUES (20758, 10758, 'Hredhaan Walia', 38, 1, 1, 1, 1);
INSERT INTO Victim VALUES (30758, 10758, 'Dalbir Kata', 53, 1, '0');
INSERT INTO Accused VALUES (40758, 10758, 'Raagini Sarraf', 27, 1, 'A1');
INSERT INTO ActSectionAssociation VALUES (10758, 'IPC', '302', 1, 1);
INSERT INTO CaseMaster VALUES (10759, '304431004202600759', '202600759', '2024-03-23', 5009, 1004, 3, 1, 101, 201, 1, 453, '2024-03-23 10:00:00', '2024-03-23 11:00:00', '2024-03-23 09:00:00', 12.268575, 76.320653, 'Aut possimus aliquid autem numquam distinctio itaque similique qui praesentium dolorem dolorum qui incidunt error repellendus inventore dolorem sit.');
INSERT INTO ComplainantDetails VALUES (20759, 10759, 'Fariq Dugal', 47, 1, 1, 1, 1);
INSERT INTO Victim VALUES (30759, 10759, 'Chatura Kohli', 24, 1, '0');
INSERT INTO Accused VALUES (40759, 10759, 'Samaksh Singhal', 33, 1, 'A1');
INSERT INTO ActSectionAssociation VALUES (10759, 'IPC', '302', 1, 1);
INSERT INTO ArrestSurrender VALUES (50759, 10759, 1, '2024-03-23', 29, 443, 1004, 5009, 453, 40759, 1, 0);
INSERT INTO CaseMaster VALUES (10760, '304451010202600760', '202600760', '2024-05-09', 5003, 1010, 3, 1, 101, 201, 1, 455, '2024-05-08 10:00:00', '2024-05-08 11:00:00', '2024-05-09 09:00:00', 12.813946, 76.601743, 'Suscipit aliquam quaerat aspernatur maxime iusto temporibus adipisci nam corporis doloribus.');
INSERT INTO ComplainantDetails VALUES (20760, 10760, 'Ranbir Kumar', 39, 1, 1, 1, 1);
INSERT INTO Victim VALUES (30760, 10760, 'Hemal Parmer', 57, 1, '0');
INSERT INTO Accused VALUES (40760, 10760, 'Timothy Sood', 22, 1, 'A1');
INSERT INTO ActSectionAssociation VALUES (10760, 'IPC', '302', 1, 1);
INSERT INTO CaseMaster VALUES (10761, '304451001202600761', '202600761', '2024-09-23', 5015, 1001, 3, 1, 101, 201, 1, 455, '2024-09-23 10:00:00', '2024-09-23 11:00:00', '2024-09-23 09:00:00', 13.310191, 75.334684, 'Debitis autem deserunt temporibus dolore mollitia omnis fugit impedit recusandae.');
INSERT INTO ComplainantDetails VALUES (20761, 10761, 'Kashish Varghese', 36, 1, 1, 1, 1);
INSERT INTO Victim VALUES (30761, 10761, 'Reyansh Tak', 46, 1, '0');
INSERT INTO Accused VALUES (40761, 10761, 'Aachal Mann', 46, 1, 'A1');
INSERT INTO ActSectionAssociation VALUES (10761, 'IPC', '302', 1, 1);
INSERT INTO ArrestSurrender VALUES (50761, 10761, 1, '2024-09-23', 29, 445, 1001, 5015, 455, 40761, 1, 0);
INSERT INTO CaseMaster VALUES (10762, '104431004202500762', '202500762', '2024-09-24', 5046, 1004, 1, 1, 101, 201, 1, 453, '2024-09-20 10:00:00', '2024-09-20 11:00:00', '2024-09-24 09:00:00', 12.29184, 75.379363, 'Impedit velit ex ad blanditiis provident explicabo ipsam sit dolore suscipit architecto quisquam vitae temporibus molestiae placeat consequatur doloribus sunt.');
INSERT INTO ComplainantDetails VALUES (20762, 10762, 'Devika Chad', 20, 1, 1, 1, 1);
INSERT INTO Victim VALUES (30762, 10762, 'Lekha Prasad', 48, 1, '0');
INSERT INTO Accused VALUES (40762, 10762, 'Tara Bahl', 29, 1, 'A1');
INSERT INTO ActSectionAssociation VALUES (10762, 'IPC', '302', 1, 1);
INSERT INTO ArrestSurrender VALUES (50762, 10762, 1, '2024-09-24', 29, 443, 1004, 5046, 453, 40762, 1, 0);
INSERT INTO CaseMaster VALUES (10763, '304451001202500763', '202500763', '2024-04-08', 5009, 1001, 3, 1, 101, 201, 1, 455, '2024-04-07 10:00:00', '2024-04-07 11:00:00', '2024-04-08 09:00:00', 16.958244, 75.0628, 'Est dolores vel consectetur neque corrupti provident repellendus similique quod perspiciatis possimus exercitationem aliquid tempore explicabo animi.');
INSERT INTO ComplainantDetails VALUES (20763, 10763, 'Jagat Mall', 42, 1, 1, 1, 1);
INSERT INTO Victim VALUES (30763, 10763, 'Vedhika Bava', 25, 1, '0');
INSERT INTO Accused VALUES (40763, 10763, 'Hemangini Upadhyay', 50, 1, 'A1');
INSERT INTO ActSectionAssociation VALUES (10763, 'IPC', '302', 1, 1);
INSERT INTO ArrestSurrender VALUES (50763, 10763, 1, '2024-04-08', 29, 445, 1001, 5009, 455, 40763, 1, 0);
INSERT INTO CaseMaster VALUES (10764, '104441006202400764', '202400764', '2025-08-30', 5034, 1006, 1, 1, 101, 201, 1, 454, '2025-08-26 10:00:00', '2025-08-26 11:00:00', '2025-08-30 09:00:00', 13.049527, 76.977631, 'Sed amet consequatur dignissimos nisi optio voluptatibus sequi deleniti labore earum dolor velit mollitia ullam expedita.');
INSERT INTO ComplainantDetails VALUES (20764, 10764, 'Abhiram Korpal', 45, 1, 1, 1, 1);
INSERT INTO Victim VALUES (30764, 10764, 'Matthew Agate', 58, 1, '0');
INSERT INTO Accused VALUES (40764, 10764, 'Wriddhish Sandhu', 22, 1, 'A1');
INSERT INTO ActSectionAssociation VALUES (10764, 'IPC', '302', 1, 1);
INSERT INTO ArrestSurrender VALUES (50764, 10764, 1, '2025-08-30', 29, 444, 1006, 5034, 454, 40764, 1, 0);
INSERT INTO CaseMaster VALUES (10765, '304431005202300765', '202300765', '2026-02-23', 5014, 1005, 3, 1, 101, 201, 1, 453, '2026-02-22 10:00:00', '2026-02-22 11:00:00', '2026-02-23 09:00:00', 17.675724, 76.5575, 'Voluptas dolore delectus commodi deserunt nisi velit magni architecto aliquam voluptates inventore.');
INSERT INTO ComplainantDetails VALUES (20765, 10765, 'Samaksh Amble', 26, 1, 1, 1, 1);
INSERT INTO Victim VALUES (30765, 10765, 'Agastya Mittal', 44, 1, '0');
INSERT INTO Accused VALUES (40765, 10765, 'Eiravati Dasgupta', 49, 1, 'A1');
INSERT INTO ActSectionAssociation VALUES (10765, 'IPC', '302', 1, 1);
INSERT INTO CaseMaster VALUES (10766, '104441006202500766', '202500766', '2026-04-05', 5010, 1006, 1, 1, 101, 201, 1, 454, '2026-04-04 10:00:00', '2026-04-04 11:00:00', '2026-04-05 09:00:00', 16.518495, 77.886859, 'Officiis a vero odit odio minima harum voluptates ex dolores id impedit maxime beatae praesentium.');
INSERT INTO ComplainantDetails VALUES (20766, 10766, 'Ganga Mangal', 59, 1, 1, 1, 1);
INSERT INTO Victim VALUES (30766, 10766, 'Frado Naik', 47, 1, '0');
INSERT INTO Accused VALUES (40766, 10766, 'Pranit Dash', 25, 1, 'A1');
INSERT INTO ActSectionAssociation VALUES (10766, 'IPC', '302', 1, 1);
INSERT INTO CaseMaster VALUES (10767, '304441006202400767', '202400767', '2024-12-01', 5024, 1006, 3, 1, 101, 201, 1, 454, '2024-11-26 10:00:00', '2024-11-26 11:00:00', '2024-12-01 09:00:00', 14.770738, 74.990288, 'Amet mollitia fugit saepe architecto voluptate assumenda provident occaecati sapiente ipsa.');
INSERT INTO ComplainantDetails VALUES (20767, 10767, 'Aditya Zachariah', 35, 1, 1, 1, 1);
INSERT INTO Victim VALUES (30767, 10767, 'Thomas Mangal', 22, 1, '0');
INSERT INTO Accused VALUES (40767, 10767, 'Mohammed Amble', 25, 1, 'A1');
INSERT INTO ActSectionAssociation VALUES (10767, 'IPC', '302', 1, 1);
INSERT INTO ArrestSurrender VALUES (50767, 10767, 1, '2024-12-01', 29, 444, 1006, 5024, 454, 40767, 1, 0);
INSERT INTO CaseMaster VALUES (10768, '104451002202500768', '202500768', '2025-07-04', 5021, 1002, 1, 1, 101, 201, 1, 455, '2025-07-01 10:00:00', '2025-07-01 11:00:00', '2025-07-04 09:00:00', 15.078637, 75.810343, 'Laudantium deleniti officia neque numquam quasi rerum soluta amet adipisci aspernatur.');
INSERT INTO ComplainantDetails VALUES (20768, 10768, 'Osha Das', 23, 1, 1, 1, 1);
INSERT INTO Victim VALUES (30768, 10768, 'Samarth Dave', 39, 1, '0');
INSERT INTO Accused VALUES (40768, 10768, 'Turvi Sekhon', 23, 1, 'A1');
INSERT INTO ActSectionAssociation VALUES (10768, 'IPC', '302', 1, 1);
INSERT INTO ArrestSurrender VALUES (50768, 10768, 1, '2025-07-04', 29, 445, 1002, 5021, 455, 40768, 1, 0);
INSERT INTO CaseMaster VALUES (10769, '304451010202400769', '202400769', '2025-04-13', 5004, 1010, 3, 1, 101, 201, 1, 455, '2025-04-12 10:00:00', '2025-04-12 11:00:00', '2025-04-13 09:00:00', 17.455241, 75.861866, 'Suscipit blanditiis temporibus illum natus adipisci quo deleniti suscipit rem distinctio quod.');
INSERT INTO ComplainantDetails VALUES (20769, 10769, 'Amol Chander', 60, 1, 1, 1, 1);
INSERT INTO Victim VALUES (30769, 10769, 'Lekha Kapur', 55, 1, '0');
INSERT INTO Accused VALUES (40769, 10769, 'Yachana Shan', 54, 1, 'A1');
INSERT INTO ActSectionAssociation VALUES (10769, 'IPC', '302', 1, 1);
INSERT INTO CaseMaster VALUES (10770, '104441008202300770', '202300770', '2025-07-07', 5025, 1008, 1, 1, 101, 201, 1, 454, '2025-07-03 10:00:00', '2025-07-03 11:00:00', '2025-07-07 09:00:00', 12.791368, 76.599409, 'Tempore sit animi est veniam earum ea officia tenetur ratione aperiam repudiandae fugit cupiditate aliquam quibusdam velit repellat hic.');
INSERT INTO ComplainantDetails VALUES (20770, 10770, 'Sudiksha Mukherjee', 23, 1, 1, 1, 1);
INSERT INTO Victim VALUES (30770, 10770, 'Samar Palla', 49, 1, '0');
INSERT INTO Accused VALUES (40770, 10770, 'Yashasvi Issac', 20, 1, 'A1');
INSERT INTO ActSectionAssociation VALUES (10770, 'IPC', '302', 1, 1);
INSERT INTO CaseMaster VALUES (10771, '104431007202600771', '202600771', '2023-07-19', 5020, 1007, 1, 1, 101, 201, 1, 453, '2023-07-18 10:00:00', '2023-07-18 11:00:00', '2023-07-19 09:00:00', 14.406375, 76.605571, 'Voluptas est aperiam architecto maiores provident recusandae libero tempora rem totam incidunt numquam earum alias tenetur quia sapiente vero.');
INSERT INTO ComplainantDetails VALUES (20771, 10771, 'Lekha Rao', 39, 1, 1, 1, 1);
INSERT INTO Victim VALUES (30771, 10771, 'Bimala Das', 60, 1, '0');
INSERT INTO Accused VALUES (40771, 10771, 'Noah Viswanathan', 30, 1, 'A1');
INSERT INTO ActSectionAssociation VALUES (10771, 'IPC', '302', 1, 1);
INSERT INTO CaseMaster VALUES (10772, '304451010202500772', '202500772', '2023-09-08', 5031, 1010, 3, 1, 101, 201, 1, 455, '2023-09-05 10:00:00', '2023-09-05 11:00:00', '2023-09-08 09:00:00', 13.770731, 74.129966, 'Officiis neque nostrum eveniet cupiditate nihil fugit occaecati necessitatibus cupiditate eligendi reiciendis nesciunt rem facilis.');
INSERT INTO ComplainantDetails VALUES (20772, 10772, 'Chaitanya Date', 27, 1, 1, 1, 1);
INSERT INTO Victim VALUES (30772, 10772, 'Devika Biswas', 18, 1, '0');
INSERT INTO Accused VALUES (40772, 10772, 'Pranit Tank', 25, 1, 'A1');
INSERT INTO ActSectionAssociation VALUES (10772, 'IPC', '302', 1, 1);
INSERT INTO ArrestSurrender VALUES (50772, 10772, 1, '2023-09-08', 29, 445, 1010, 5031, 455, 40772, 1, 0);
INSERT INTO CaseMaster VALUES (10773, '304431007202400773', '202400773', '2025-10-20', 5037, 1007, 3, 1, 101, 201, 1, 453, '2025-10-18 10:00:00', '2025-10-18 11:00:00', '2025-10-20 09:00:00', 14.078762, 76.704013, 'Quisquam debitis omnis iste mollitia quas suscipit doloribus pariatur commodi odio mollitia iusto saepe eveniet.');
INSERT INTO ComplainantDetails VALUES (20773, 10773, 'Yashodhara Sood', 26, 1, 1, 1, 1);
INSERT INTO Victim VALUES (30773, 10773, 'Bhavya Palla', 35, 1, '0');
INSERT INTO Accused VALUES (40773, 10773, 'Arjun Thakur', 21, 1, 'A1');
INSERT INTO ActSectionAssociation VALUES (10773, 'IPC', '302', 1, 1);
INSERT INTO CaseMaster VALUES (10774, '304441008202600774', '202600774', '2025-11-18', 5050, 1008, 3, 1, 101, 201, 1, 454, '2025-11-13 10:00:00', '2025-11-13 11:00:00', '2025-11-18 09:00:00', 16.350641, 77.577417, 'Voluptatem veniam eaque dolore voluptatem cumque impedit modi aliquid accusantium voluptate adipisci totam et facilis adipisci sunt.');
INSERT INTO ComplainantDetails VALUES (20774, 10774, 'Charan Warrior', 24, 1, 1, 1, 1);
INSERT INTO Victim VALUES (30774, 10774, 'Naksh Pillai', 40, 1, '0');
INSERT INTO Accused VALUES (40774, 10774, 'Vrishti Prasad', 21, 1, 'A1');
INSERT INTO ActSectionAssociation VALUES (10774, 'IPC', '302', 1, 1);
INSERT INTO CaseMaster VALUES (10775, '104431004202500775', '202500775', '2025-04-05', 5032, 1004, 1, 1, 101, 201, 1, 453, '2025-04-04 10:00:00', '2025-04-04 11:00:00', '2025-04-05 09:00:00', 14.903713, 75.466389, 'Dignissimos porro amet asperiores reiciendis recusandae esse fugiat fugit quibusdam facilis ad quo veritatis.');
INSERT INTO ComplainantDetails VALUES (20775, 10775, 'Wakeeta Rajagopal', 42, 1, 1, 1, 1);
INSERT INTO Victim VALUES (30775, 10775, 'Hitesh Johal', 35, 1, '0');
INSERT INTO Accused VALUES (40775, 10775, 'Isaac Merchant', 49, 1, 'A1');
INSERT INTO ActSectionAssociation VALUES (10775, 'IPC', '302', 1, 1);
INSERT INTO ArrestSurrender VALUES (50775, 10775, 1, '2025-04-05', 29, 443, 1004, 5032, 453, 40775, 1, 0);
INSERT INTO CaseMaster VALUES (10776, '304431007202600776', '202600776', '2024-08-13', 5044, 1007, 3, 1, 101, 201, 1, 453, '2024-08-13 10:00:00', '2024-08-13 11:00:00', '2024-08-13 09:00:00', 13.773813, 77.560709, 'Optio porro enim facilis ipsam hic tenetur sapiente delectus nulla possimus hic nulla cum.');
INSERT INTO ComplainantDetails VALUES (20776, 10776, 'Vrishti Saxena', 35, 1, 1, 1, 1);
INSERT INTO Victim VALUES (30776, 10776, 'Vedika Ghose', 70, 1, '0');
INSERT INTO Accused VALUES (40776, 10776, 'Ishani Ram', 32, 1, 'A1');
INSERT INTO ActSectionAssociation VALUES (10776, 'IPC', '302', 1, 1);
INSERT INTO ArrestSurrender VALUES (50776, 10776, 1, '2024-08-13', 29, 443, 1007, 5044, 453, 40776, 1, 0);
INSERT INTO CaseMaster VALUES (10777, '104431007202500777', '202500777', '2026-03-05', 5033, 1007, 1, 1, 101, 201, 1, 453, '2026-03-02 10:00:00', '2026-03-02 11:00:00', '2026-03-05 09:00:00', 16.859163, 77.570905, 'Magni esse rem delectus quod esse qui fugit incidunt dicta.');
INSERT INTO ComplainantDetails VALUES (20777, 10777, 'Janya Halder', 36, 1, 1, 1, 1);
INSERT INTO Victim VALUES (30777, 10777, 'Harini Ramaswamy', 42, 1, '0');
INSERT INTO Accused VALUES (40777, 10777, 'Isha Patel', 49, 1, 'A1');
INSERT INTO ActSectionAssociation VALUES (10777, 'IPC', '302', 1, 1);
INSERT INTO ArrestSurrender VALUES (50777, 10777, 1, '2026-03-05', 29, 443, 1007, 5033, 453, 40777, 1, 0);
INSERT INTO CaseMaster VALUES (10778, '104441006202500778', '202500778', '2024-08-01', 5016, 1006, 1, 1, 101, 201, 1, 454, '2024-08-01 10:00:00', '2024-08-01 11:00:00', '2024-08-01 09:00:00', 15.337691, 76.159564, 'Sequi assumenda error voluptates impedit placeat saepe voluptatibus sunt culpa sint provident dolorem molestias praesentium.');
INSERT INTO ComplainantDetails VALUES (20778, 10778, 'Rajeshri Uppal', 43, 1, 1, 1, 1);
INSERT INTO Victim VALUES (30778, 10778, 'Hamsini Keer', 42, 1, '0');
INSERT INTO Accused VALUES (40778, 10778, 'Robert Balay', 50, 1, 'A1');
INSERT INTO ActSectionAssociation VALUES (10778, 'IPC', '302', 1, 1);
INSERT INTO CaseMaster VALUES (10779, '304441008202300779', '202300779', '2025-08-05', 5048, 1008, 3, 1, 101, 201, 1, 454, '2025-08-04 10:00:00', '2025-08-04 11:00:00', '2025-08-05 09:00:00', 16.699549, 75.823855, 'Velit cum soluta iusto voluptate placeat tenetur eos sequi dolor magnam tempora accusamus hic.');
INSERT INTO ComplainantDetails VALUES (20779, 10779, 'Hardik Sridhar', 44, 1, 1, 1, 1);
INSERT INTO Victim VALUES (30779, 10779, 'Bhavani Gulati', 31, 1, '0');
INSERT INTO Accused VALUES (40779, 10779, 'Gunbir Dhar', 45, 1, 'A1');
INSERT INTO ActSectionAssociation VALUES (10779, 'IPC', '302', 1, 1);
INSERT INTO CaseMaster VALUES (10780, '104441006202500780', '202500780', '2024-01-14', 5004, 1006, 1, 1, 101, 201, 1, 454, '2024-01-10 10:00:00', '2024-01-10 11:00:00', '2024-01-14 09:00:00', 12.840082, 74.211091, 'Vitae animi et recusandae alias nemo sit a eum assumenda consectetur.');
INSERT INTO ComplainantDetails VALUES (20780, 10780, 'Aachal Thaker', 39, 1, 1, 1, 1);
INSERT INTO Victim VALUES (30780, 10780, 'Mitesh Dhaliwal', 18, 1, '0');
INSERT INTO Accused VALUES (40780, 10780, 'Bhavani Mahal', 38, 1, 'A1');
INSERT INTO ActSectionAssociation VALUES (10780, 'IPC', '302', 1, 1);
INSERT INTO CaseMaster VALUES (10781, '304441006202500781', '202500781', '2024-08-12', 5045, 1006, 3, 1, 101, 201, 1, 454, '2024-08-10 10:00:00', '2024-08-10 11:00:00', '2024-08-12 09:00:00', 15.902641, 74.495926, 'Ducimus alias ut distinctio repellendus distinctio cupiditate alias numquam quis nemo voluptas veniam assumenda ab mollitia reprehenderit mollitia voluptatibus.');
INSERT INTO ComplainantDetails VALUES (20781, 10781, 'Vivaan Rana', 37, 1, 1, 1, 1);
INSERT INTO Victim VALUES (30781, 10781, 'Damini Lal', 38, 1, '0');
INSERT INTO Accused VALUES (40781, 10781, 'Naveen Saini', 43, 1, 'A1');
INSERT INTO ActSectionAssociation VALUES (10781, 'IPC', '302', 1, 1);
INSERT INTO ArrestSurrender VALUES (50781, 10781, 1, '2024-08-12', 29, 444, 1006, 5045, 454, 40781, 1, 0);
INSERT INTO CaseMaster VALUES (10782, '304431007202600782', '202600782', '2024-11-18', 5035, 1007, 3, 1, 101, 201, 1, 453, '2024-11-16 10:00:00', '2024-11-16 11:00:00', '2024-11-18 09:00:00', 17.830739, 75.541228, 'Exercitationem fugiat saepe perferendis nulla ab quibusdam eveniet explicabo praesentium dolor qui voluptatem harum laborum.');
INSERT INTO ComplainantDetails VALUES (20782, 10782, 'Jackson Sheth', 39, 1, 1, 1, 1);
INSERT INTO Victim VALUES (30782, 10782, 'Lekha Nagi', 59, 1, '0');
INSERT INTO Accused VALUES (40782, 10782, 'Bhavani Dora', 54, 1, 'A1');
INSERT INTO ActSectionAssociation VALUES (10782, 'IPC', '302', 1, 1);
INSERT INTO CaseMaster VALUES (10783, '104431004202600783', '202600783', '2024-09-13', 5018, 1004, 1, 1, 101, 201, 1, 453, '2024-09-08 10:00:00', '2024-09-08 11:00:00', '2024-09-13 09:00:00', 14.965695, 75.853415, 'Ab error aspernatur reprehenderit ex asperiores ab omnis repellendus quaerat minus placeat nostrum pariatur explicabo porro nam deleniti cupiditate quae.');
INSERT INTO ComplainantDetails VALUES (20783, 10783, 'Jagdish Taneja', 25, 1, 1, 1, 1);
INSERT INTO Victim VALUES (30783, 10783, 'Veer Randhawa', 49, 1, '0');
INSERT INTO Accused VALUES (40783, 10783, 'Yagnesh Chahal', 35, 1, 'A1');
INSERT INTO ActSectionAssociation VALUES (10783, 'IPC', '302', 1, 1);
INSERT INTO CaseMaster VALUES (10784, '104451002202400784', '202400784', '2025-02-03', 5029, 1002, 1, 1, 101, 201, 1, 455, '2025-02-02 10:00:00', '2025-02-02 11:00:00', '2025-02-03 09:00:00', 16.104576, 77.939582, 'Esse fugit sapiente ipsa voluptatibus quidem laboriosam deserunt quaerat sit commodi molestias magnam omnis enim corrupti consectetur aperiam ad doloribus.');
INSERT INTO ComplainantDetails VALUES (20784, 10784, 'Mitali Lata', 31, 1, 1, 1, 1);
INSERT INTO Victim VALUES (30784, 10784, 'Krishna Sama', 54, 1, '0');
INSERT INTO Accused VALUES (40784, 10784, 'Vyanjana Dhillon', 19, 1, 'A1');
INSERT INTO ActSectionAssociation VALUES (10784, 'IPC', '302', 1, 1);
INSERT INTO ArrestSurrender VALUES (50784, 10784, 1, '2025-02-03', 29, 445, 1002, 5029, 455, 40784, 1, 0);
INSERT INTO CaseMaster VALUES (10785, '104431007202500785', '202500785', '2024-12-06', 5035, 1007, 1, 1, 101, 201, 1, 453, '2024-12-06 10:00:00', '2024-12-06 11:00:00', '2024-12-06 09:00:00', 16.048156, 74.184301, 'Modi iure quae quasi aliquam aliquid aspernatur quo neque aut harum perferendis maiores officia explicabo perspiciatis ex aut ipsa.');
INSERT INTO ComplainantDetails VALUES (20785, 10785, 'Harish Kala', 23, 1, 1, 1, 1);
INSERT INTO Victim VALUES (30785, 10785, 'Abha Bahl', 51, 1, '0');
INSERT INTO Accused VALUES (40785, 10785, 'Dalbir Srinivasan', 39, 1, 'A1');
INSERT INTO ActSectionAssociation VALUES (10785, 'IPC', '302', 1, 1);
INSERT INTO CaseMaster VALUES (10786, '104451010202300786', '202300786', '2023-07-25', 5035, 1010, 1, 1, 101, 201, 1, 455, '2023-07-24 10:00:00', '2023-07-24 11:00:00', '2023-07-25 09:00:00', 13.023887, 75.282031, 'Dolorem adipisci consequuntur incidunt tempore inventore amet exercitationem quia expedita illum.');
INSERT INTO ComplainantDetails VALUES (20786, 10786, 'Sathvik Radhakrishnan', 59, 1, 1, 1, 1);
INSERT INTO Victim VALUES (30786, 10786, 'Warhi Sharaf', 32, 1, '0');
INSERT INTO Accused VALUES (40786, 10786, 'Advaith Kulkarni', 35, 1, 'A1');
INSERT INTO ActSectionAssociation VALUES (10786, 'IPC', '302', 1, 1);
INSERT INTO CaseMaster VALUES (10787, '104441006202600787', '202600787', '2024-09-26', 5006, 1006, 1, 1, 101, 201, 1, 454, '2024-09-24 10:00:00', '2024-09-24 11:00:00', '2024-09-26 09:00:00', 17.548664, 74.210664, 'Soluta omnis quae sequi maxime corrupti ab quis porro repellendus.');
INSERT INTO ComplainantDetails VALUES (20787, 10787, 'Waida Patla', 60, 1, 1, 1, 1);
INSERT INTO Victim VALUES (30787, 10787, 'Leela Sura', 56, 1, '0');
INSERT INTO Accused VALUES (40787, 10787, 'Omaja Arora', 49, 1, 'A1');
INSERT INTO ActSectionAssociation VALUES (10787, 'IPC', '302', 1, 1);
INSERT INTO ArrestSurrender VALUES (50787, 10787, 1, '2024-09-26', 29, 444, 1006, 5006, 454, 40787, 1, 0);
INSERT INTO CaseMaster VALUES (10788, '104451003202400788', '202400788', '2026-04-05', 5041, 1003, 1, 1, 101, 201, 1, 455, '2026-04-03 10:00:00', '2026-04-03 11:00:00', '2026-04-05 09:00:00', 15.031329, 75.783423, 'Dolorum laudantium tempore unde voluptas possimus iure consequatur sint eum ipsa neque vitae non voluptate vitae nam eius optio unde.');
INSERT INTO ComplainantDetails VALUES (20788, 10788, 'Indira Parekh', 29, 1, 1, 1, 1);
INSERT INTO Victim VALUES (30788, 10788, 'Indira Chowdhury', 22, 1, '0');
INSERT INTO Accused VALUES (40788, 10788, 'Keya Ghosh', 32, 1, 'A1');
INSERT INTO ActSectionAssociation VALUES (10788, 'IPC', '302', 1, 1);
INSERT INTO CaseMaster VALUES (10789, '104451003202600789', '202600789', '2023-10-13', 5023, 1003, 1, 1, 101, 201, 1, 455, '2023-10-10 10:00:00', '2023-10-10 11:00:00', '2023-10-13 09:00:00', 14.879792, 77.193081, 'Consequuntur quia dolorem dignissimos cum quae odit a laboriosam quasi necessitatibus cum nihil sed.');
INSERT INTO ComplainantDetails VALUES (20789, 10789, 'Ekantika Nagar', 47, 1, 1, 1, 1);
INSERT INTO Victim VALUES (30789, 10789, 'Abhimanyu Kalla', 36, 1, '0');
INSERT INTO Accused VALUES (40789, 10789, 'Dalbir Bhavsar', 41, 1, 'A1');
INSERT INTO ActSectionAssociation VALUES (10789, 'IPC', '302', 1, 1);
INSERT INTO CaseMaster VALUES (10790, '304431005202600790', '202600790', '2025-11-06', 5002, 1005, 3, 1, 101, 201, 1, 453, '2025-11-06 10:00:00', '2025-11-06 11:00:00', '2025-11-06 09:00:00', 14.594356, 77.506822, 'Similique quibusdam assumenda cumque necessitatibus dolorem at harum praesentium.');
INSERT INTO ComplainantDetails VALUES (20790, 10790, 'Oviya Kakar', 38, 1, 1, 1, 1);
INSERT INTO Victim VALUES (30790, 10790, 'Chandran Sehgal', 45, 1, '0');
INSERT INTO Accused VALUES (40790, 10790, 'Kashvi Bawa', 54, 1, 'A1');
INSERT INTO ActSectionAssociation VALUES (10790, 'IPC', '302', 1, 1);
INSERT INTO ArrestSurrender VALUES (50790, 10790, 1, '2025-11-06', 29, 443, 1005, 5002, 453, 40790, 1, 0);
INSERT INTO CaseMaster VALUES (10791, '104441008202300791', '202300791', '2025-02-26', 5004, 1008, 1, 1, 101, 201, 1, 454, '2025-02-23 10:00:00', '2025-02-23 11:00:00', '2025-02-26 09:00:00', 15.942719, 75.504388, 'Aspernatur maiores incidunt odio eveniet laboriosam quam aut enim est fugiat fuga autem.');
INSERT INTO ComplainantDetails VALUES (20791, 10791, 'Falguni Mane', 60, 1, 1, 1, 1);
INSERT INTO Victim VALUES (30791, 10791, 'Abdul Balan', 31, 1, '0');
INSERT INTO Accused VALUES (40791, 10791, 'Zinal Mall', 53, 1, 'A1');
INSERT INTO ActSectionAssociation VALUES (10791, 'IPC', '302', 1, 1);
INSERT INTO ArrestSurrender VALUES (50791, 10791, 1, '2025-02-26', 29, 444, 1008, 5004, 454, 40791, 1, 0);
INSERT INTO CaseMaster VALUES (10792, '104441008202300792', '202300792', '2025-01-24', 5034, 1008, 1, 1, 101, 201, 1, 454, '2025-01-22 10:00:00', '2025-01-22 11:00:00', '2025-01-24 09:00:00', 14.632306, 77.309901, 'Veritatis molestiae et veniam unde consequuntur suscipit sequi sequi.');
INSERT INTO ComplainantDetails VALUES (20792, 10792, 'Warinder Suresh', 52, 1, 1, 1, 1);
INSERT INTO Victim VALUES (30792, 10792, 'Neha Pal', 66, 1, '0');
INSERT INTO Accused VALUES (40792, 10792, 'Bhavani Ben', 37, 1, 'A1');
INSERT INTO ActSectionAssociation VALUES (10792, 'IPC', '302', 1, 1);
INSERT INTO ArrestSurrender VALUES (50792, 10792, 1, '2025-01-24', 29, 444, 1008, 5034, 454, 40792, 1, 0);
INSERT INTO CaseMaster VALUES (10793, '304431007202400793', '202400793', '2023-12-09', 5019, 1007, 3, 1, 101, 201, 1, 453, '2023-12-09 10:00:00', '2023-12-09 11:00:00', '2023-12-09 09:00:00', 12.236331, 77.28489, 'Adipisci illo sequi illum atque consectetur nisi possimus aspernatur animi ut accusantium ut laboriosam quis eaque inventore culpa facere.');
INSERT INTO ComplainantDetails VALUES (20793, 10793, 'Onveer Seth', 58, 1, 1, 1, 1);
INSERT INTO Victim VALUES (30793, 10793, 'Ekaraj Rajagopal', 47, 1, '0');
INSERT INTO Accused VALUES (40793, 10793, 'Chaitanya More', 38, 1, 'A1');
INSERT INTO ActSectionAssociation VALUES (10793, 'IPC', '302', 1, 1);
INSERT INTO ArrestSurrender VALUES (50793, 10793, 1, '2023-12-09', 29, 443, 1007, 5019, 453, 40793, 1, 0);
INSERT INTO CaseMaster VALUES (10794, '104431004202300794', '202300794', '2024-08-15', 5008, 1004, 1, 1, 101, 201, 1, 453, '2024-08-14 10:00:00', '2024-08-14 11:00:00', '2024-08-15 09:00:00', 17.419987, 75.635862, 'Laboriosam consequatur corrupti rerum occaecati voluptas quam laudantium nulla quod quas officiis aut accusamus nam voluptatem.');
INSERT INTO ComplainantDetails VALUES (20794, 10794, 'Yash Rout', 20, 1, 1, 1, 1);
INSERT INTO Victim VALUES (30794, 10794, 'Yashodhara Tandon', 60, 1, '0');
INSERT INTO Accused VALUES (40794, 10794, 'Reva Bawa', 46, 1, 'A1');
INSERT INTO ActSectionAssociation VALUES (10794, 'IPC', '302', 1, 1);
INSERT INTO CaseMaster VALUES (10795, '304431004202600795', '202600795', '2026-01-31', 5018, 1004, 3, 1, 101, 201, 1, 453, '2026-01-31 10:00:00', '2026-01-31 11:00:00', '2026-01-31 09:00:00', 16.617612, 76.881873, 'Veniam iure illum iste vel rem sequi consequatur consequatur iure necessitatibus modi fugit eos.');
INSERT INTO ComplainantDetails VALUES (20795, 10795, 'Teerth Nayar', 52, 1, 1, 1, 1);
INSERT INTO Victim VALUES (30795, 10795, 'Rushil Srinivasan', 33, 1, '0');
INSERT INTO Accused VALUES (40795, 10795, 'Warinder Yadav', 48, 1, 'A1');
INSERT INTO ActSectionAssociation VALUES (10795, 'IPC', '302', 1, 1);
INSERT INTO CaseMaster VALUES (10796, '304431007202600796', '202600796', '2025-11-18', 5047, 1007, 3, 1, 101, 201, 1, 453, '2025-11-16 10:00:00', '2025-11-16 11:00:00', '2025-11-18 09:00:00', 16.058621, 74.584015, 'Corporis rem deleniti nihil quidem dignissimos rerum aliquam eligendi rem.');
INSERT INTO ComplainantDetails VALUES (20796, 10796, 'Mason Bakshi', 59, 1, 1, 1, 1);
INSERT INTO Victim VALUES (30796, 10796, 'Ikshita Gokhale', 63, 1, '0');
INSERT INTO Accused VALUES (40796, 10796, 'Yashodhara Chaudhary', 48, 1, 'A1');
INSERT INTO ActSectionAssociation VALUES (10796, 'IPC', '302', 1, 1);
INSERT INTO CaseMaster VALUES (10797, '104431007202300797', '202300797', '2025-12-13', 5010, 1007, 1, 1, 101, 201, 1, 453, '2025-12-09 10:00:00', '2025-12-09 11:00:00', '2025-12-13 09:00:00', 17.857347, 77.887565, 'Alias voluptates consequatur aliquid id laudantium et odio ipsum incidunt quos sunt dicta quae rerum nostrum architecto ipsum possimus.');
INSERT INTO ComplainantDetails VALUES (20797, 10797, 'Aarush Rana', 47, 1, 1, 1, 1);
INSERT INTO Victim VALUES (30797, 10797, 'Nidra Som', 55, 1, '0');
INSERT INTO Accused VALUES (40797, 10797, 'Lopa Sami', 52, 1, 'A1');
INSERT INTO ActSectionAssociation VALUES (10797, 'IPC', '302', 1, 1);
INSERT INTO CaseMaster VALUES (10798, '104451001202400798', '202400798', '2025-12-13', 5003, 1001, 1, 1, 101, 201, 1, 455, '2025-12-11 10:00:00', '2025-12-11 11:00:00', '2025-12-13 09:00:00', 13.869512, 75.95559, 'Ipsum placeat modi assumenda non aut quibusdam non corrupti impedit corporis ad rem voluptate minima possimus occaecati.');
INSERT INTO ComplainantDetails VALUES (20798, 10798, 'Dakshesh Gill', 34, 1, 1, 1, 1);
INSERT INTO Victim VALUES (30798, 10798, 'Rachit Kala', 53, 1, '0');
INSERT INTO Accused VALUES (40798, 10798, 'Banjeet Dua', 40, 1, 'A1');
INSERT INTO ActSectionAssociation VALUES (10798, 'IPC', '302', 1, 1);
INSERT INTO ArrestSurrender VALUES (50798, 10798, 1, '2025-12-13', 29, 445, 1001, 5003, 455, 40798, 1, 0);
INSERT INTO CaseMaster VALUES (10799, '304441009202600799', '202600799', '2026-04-23', 5035, 1009, 3, 1, 101, 201, 1, 454, '2026-04-23 10:00:00', '2026-04-23 11:00:00', '2026-04-23 09:00:00', 17.417808, 75.521096, 'Ullam ab officia minus voluptatibus ad tenetur ea velit excepturi dolor ut facilis rem est dicta.');
INSERT INTO ComplainantDetails VALUES (20799, 10799, 'Barkha Borde', 31, 1, 1, 1, 1);
INSERT INTO Victim VALUES (30799, 10799, 'Omaja Khosla', 55, 1, '0');
INSERT INTO Accused VALUES (40799, 10799, 'Omaja Gade', 53, 1, 'A1');
INSERT INTO ActSectionAssociation VALUES (10799, 'IPC', '302', 1, 1);
INSERT INTO ArrestSurrender VALUES (50799, 10799, 1, '2026-04-23', 29, 444, 1009, 5035, 454, 40799, 1, 0);
INSERT INTO CaseMaster VALUES (10800, '304451003202600800', '202600800', '2025-06-08', 5014, 1003, 3, 1, 101, 201, 1, 455, '2025-06-07 10:00:00', '2025-06-07 11:00:00', '2025-06-08 09:00:00', 17.958052, 75.729694, 'Quam aliquid aut in quisquam molestiae commodi perspiciatis consequatur debitis natus ut facilis ex totam omnis voluptates asperiores neque.');
INSERT INTO ComplainantDetails VALUES (20800, 10800, 'Rudra Sami', 37, 1, 1, 1, 1);
INSERT INTO Victim VALUES (30800, 10800, 'Anamika Dave', 32, 1, '0');
INSERT INTO Accused VALUES (40800, 10800, 'Azaan Bhatt', 21, 1, 'A1');
INSERT INTO ActSectionAssociation VALUES (10800, 'IPC', '302', 1, 1);
INSERT INTO ArrestSurrender VALUES (50800, 10800, 1, '2025-06-08', 29, 445, 1003, 5014, 455, 40800, 1, 0);
INSERT INTO CaseMaster VALUES (10801, '104441006202300801', '202300801', '2026-03-10', 5003, 1006, 1, 1, 101, 201, 1, 454, '2026-03-10 10:00:00', '2026-03-10 11:00:00', '2026-03-10 09:00:00', 14.515281, 75.076219, 'Omnis corrupti accusantium nobis libero minus ea non magnam molestias cupiditate.');
INSERT INTO ComplainantDetails VALUES (20801, 10801, 'Aadi Iyengar', 21, 1, 1, 1, 1);
INSERT INTO Victim VALUES (30801, 10801, 'Darpan Rai', 68, 1, '0');
INSERT INTO Accused VALUES (40801, 10801, 'Anthony Agarwal', 37, 1, 'A1');
INSERT INTO ActSectionAssociation VALUES (10801, 'IPC', '302', 1, 1);
INSERT INTO ArrestSurrender VALUES (50801, 10801, 1, '2026-03-10', 29, 444, 1006, 5003, 454, 40801, 1, 0);
INSERT INTO CaseMaster VALUES (10802, '304451003202600802', '202600802', '2025-12-11', 5010, 1003, 3, 1, 101, 201, 1, 455, '2025-12-09 10:00:00', '2025-12-09 11:00:00', '2025-12-11 09:00:00', 14.355386, 74.374217, 'Sed recusandae harum et architecto quidem pariatur expedita ab veniam.');
INSERT INTO ComplainantDetails VALUES (20802, 10802, 'Aayush Bumb', 24, 1, 1, 1, 1);
INSERT INTO Victim VALUES (30802, 10802, 'Shivani Garg', 62, 1, '0');
INSERT INTO Accused VALUES (40802, 10802, 'Yashodhara Bains', 30, 1, 'A1');
INSERT INTO ActSectionAssociation VALUES (10802, 'IPC', '302', 1, 1);
INSERT INTO CaseMaster VALUES (10803, '304431004202500803', '202500803', '2026-04-30', 5041, 1004, 3, 1, 101, 201, 1, 453, '2026-04-30 10:00:00', '2026-04-30 11:00:00', '2026-04-30 09:00:00', 17.920942, 76.051409, 'Earum facere quae esse quas saepe laudantium veritatis facere mollitia earum ea magnam sapiente numquam dolore non ullam.');
INSERT INTO ComplainantDetails VALUES (20803, 10803, 'Radhika Peri', 59, 1, 1, 1, 1);
INSERT INTO Victim VALUES (30803, 10803, 'Mahika Bandi', 66, 1, '0');
INSERT INTO Accused VALUES (40803, 10803, 'Aahana Kaul', 44, 1, 'A1');
INSERT INTO ActSectionAssociation VALUES (10803, 'IPC', '302', 1, 1);
INSERT INTO ArrestSurrender VALUES (50803, 10803, 1, '2026-04-30', 29, 443, 1004, 5041, 453, 40803, 1, 0);
INSERT INTO CaseMaster VALUES (10804, '104451002202300804', '202300804', '2024-07-01', 5023, 1002, 1, 1, 101, 201, 1, 455, '2024-06-29 10:00:00', '2024-06-29 11:00:00', '2024-07-01 09:00:00', 16.217208, 76.633278, 'Et eligendi repellendus porro rem quae ratione eligendi nulla quae sapiente cum maiores excepturi alias velit fugiat.');
INSERT INTO ComplainantDetails VALUES (20804, 10804, 'Chandran Talwar', 51, 1, 1, 1, 1);
INSERT INTO Victim VALUES (30804, 10804, 'Girindra Lad', 42, 1, '0');
INSERT INTO Accused VALUES (40804, 10804, 'Inaya Radhakrishnan', 23, 1, 'A1');
INSERT INTO ActSectionAssociation VALUES (10804, 'IPC', '302', 1, 1);
INSERT INTO ArrestSurrender VALUES (50804, 10804, 1, '2024-07-01', 29, 445, 1002, 5023, 455, 40804, 1, 0);
INSERT INTO CaseMaster VALUES (10805, '104451002202300805', '202300805', '2024-12-02', 5010, 1002, 1, 1, 101, 201, 1, 455, '2024-12-01 10:00:00', '2024-12-01 11:00:00', '2024-12-02 09:00:00', 14.773637, 76.35853, 'Quod soluta illum veritatis quam a excepturi voluptas enim illo ea hic qui dolore iusto molestias praesentium eveniet voluptates.');
INSERT INTO ComplainantDetails VALUES (20805, 10805, 'Finn Walia', 60, 1, 1, 1, 1);
INSERT INTO Victim VALUES (30805, 10805, 'Karan Roy', 64, 1, '0');
INSERT INTO Accused VALUES (40805, 10805, 'Sanya Sandhu', 53, 1, 'A1');
INSERT INTO ActSectionAssociation VALUES (10805, 'IPC', '302', 1, 1);
INSERT INTO ArrestSurrender VALUES (50805, 10805, 1, '2024-12-02', 29, 445, 1002, 5010, 455, 40805, 1, 0);
INSERT INTO CaseMaster VALUES (10806, '104441006202300806', '202300806', '2024-05-23', 5044, 1006, 1, 1, 101, 201, 1, 454, '2024-05-22 10:00:00', '2024-05-22 11:00:00', '2024-05-23 09:00:00', 14.968608, 77.486401, 'Enim quis expedita occaecati aliquid quas nemo voluptatum molestias impedit nisi quas consequuntur exercitationem nulla ipsum accusantium vel.');
INSERT INTO ComplainantDetails VALUES (20806, 10806, 'Balveer Cherian', 33, 1, 1, 1, 1);
INSERT INTO Victim VALUES (30806, 10806, 'Janya Kala', 54, 1, '0');
INSERT INTO Accused VALUES (40806, 10806, 'Yahvi Naik', 23, 1, 'A1');
INSERT INTO ActSectionAssociation VALUES (10806, 'IPC', '302', 1, 1);
INSERT INTO CaseMaster VALUES (10807, '104451001202300807', '202300807', '2025-09-04', 5042, 1001, 1, 1, 101, 201, 1, 455, '2025-09-04 10:00:00', '2025-09-04 11:00:00', '2025-09-04 09:00:00', 14.323537, 77.988343, 'Omnis mollitia harum deleniti praesentium illum nemo sunt suscipit voluptates ipsam cupiditate.');
INSERT INTO ComplainantDetails VALUES (20807, 10807, 'Tanmayi Kumar', 20, 1, 1, 1, 1);
INSERT INTO Victim VALUES (30807, 10807, 'Rachana Borah', 62, 1, '0');
INSERT INTO Accused VALUES (40807, 10807, 'Shravya Lanka', 27, 1, 'A1');
INSERT INTO ActSectionAssociation VALUES (10807, 'IPC', '302', 1, 1);
INSERT INTO ArrestSurrender VALUES (50807, 10807, 1, '2025-09-04', 29, 445, 1001, 5042, 455, 40807, 1, 0);
INSERT INTO CaseMaster VALUES (10808, '104451002202300808', '202300808', '2025-01-02', 5030, 1002, 1, 1, 101, 201, 1, 455, '2024-12-29 10:00:00', '2024-12-29 11:00:00', '2025-01-02 09:00:00', 14.706865, 76.515233, 'Ratione fuga iure laborum nam illum incidunt nesciunt consectetur laudantium blanditiis rerum eius aut.');
INSERT INTO ComplainantDetails VALUES (20808, 10808, 'Aachal Varghese', 55, 1, 1, 1, 1);
INSERT INTO Victim VALUES (30808, 10808, 'Samarth Bava', 69, 1, '0');
INSERT INTO Accused VALUES (40808, 10808, 'Harita Bumb', 20, 1, 'A1');
INSERT INTO ActSectionAssociation VALUES (10808, 'IPC', '302', 1, 1);
INSERT INTO CaseMaster VALUES (10809, '304431007202300809', '202300809', '2025-05-13', 5037, 1007, 3, 1, 101, 201, 1, 453, '2025-05-09 10:00:00', '2025-05-09 11:00:00', '2025-05-13 09:00:00', 12.146, 77.414138, 'Quisquam earum aperiam iure sunt quia dolores dolorum maxime sapiente voluptatum repellendus laudantium.');
INSERT INTO ComplainantDetails VALUES (20809, 10809, 'Bhavika Gala', 32, 1, 1, 1, 1);
INSERT INTO Victim VALUES (30809, 10809, 'Mitali Sangha', 48, 1, '0');
INSERT INTO Accused VALUES (40809, 10809, 'Zansi Padmanabhan', 23, 1, 'A1');
INSERT INTO ActSectionAssociation VALUES (10809, 'IPC', '302', 1, 1);
INSERT INTO ArrestSurrender VALUES (50809, 10809, 1, '2025-05-13', 29, 443, 1007, 5037, 453, 40809, 1, 0);
INSERT INTO CaseMaster VALUES (10810, '104451003202600810', '202600810', '2024-05-05', 5003, 1003, 1, 1, 101, 201, 1, 455, '2024-05-04 10:00:00', '2024-05-04 11:00:00', '2024-05-05 09:00:00', 16.337178, 76.68921, 'Necessitatibus hic labore eligendi dignissimos vero id natus odit officiis suscipit eos.');
INSERT INTO ComplainantDetails VALUES (20810, 10810, 'Edhitha Chatterjee', 32, 1, 1, 1, 1);
INSERT INTO Victim VALUES (30810, 10810, 'Bina Rajagopalan', 61, 1, '0');
INSERT INTO Accused VALUES (40810, 10810, 'Qushi Deol', 30, 1, 'A1');
INSERT INTO ActSectionAssociation VALUES (10810, 'IPC', '302', 1, 1);
INSERT INTO CaseMaster VALUES (10811, '104441008202500811', '202500811', '2024-08-12', 5041, 1008, 1, 1, 101, 201, 1, 454, '2024-08-12 10:00:00', '2024-08-12 11:00:00', '2024-08-12 09:00:00', 16.167681, 77.590394, 'Corrupti reiciendis possimus eius eaque dignissimos corrupti doloremque similique quaerat architecto consequatur reiciendis ex.');
INSERT INTO ComplainantDetails VALUES (20811, 10811, 'Harrison Chowdhury', 29, 1, 1, 1, 1);
INSERT INTO Victim VALUES (30811, 10811, 'Gaurika Menon', 49, 1, '0');
INSERT INTO Accused VALUES (40811, 10811, 'Orinder Shere', 53, 1, 'A1');
INSERT INTO ActSectionAssociation VALUES (10811, 'IPC', '302', 1, 1);
INSERT INTO ArrestSurrender VALUES (50811, 10811, 1, '2024-08-12', 29, 444, 1008, 5041, 454, 40811, 1, 0);
INSERT INTO CaseMaster VALUES (10812, '104431004202600812', '202600812', '2025-05-25', 5002, 1004, 1, 1, 101, 201, 1, 453, '2025-05-23 10:00:00', '2025-05-23 11:00:00', '2025-05-25 09:00:00', 15.319703, 76.806974, 'Et dicta dolorum earum doloribus odio quod eum adipisci dolorem ratione nam quo dolor temporibus reprehenderit.');
INSERT INTO ComplainantDetails VALUES (20812, 10812, 'Anita Ganesh', 59, 1, 1, 1, 1);
INSERT INTO Victim VALUES (30812, 10812, 'Wakeeta Kashyap', 64, 1, '0');
INSERT INTO Accused VALUES (40812, 10812, 'Pallavi Keer', 55, 1, 'A1');
INSERT INTO ActSectionAssociation VALUES (10812, 'IPC', '302', 1, 1);
INSERT INTO ArrestSurrender VALUES (50812, 10812, 1, '2025-05-25', 29, 443, 1004, 5002, 453, 40812, 1, 0);
INSERT INTO CaseMaster VALUES (10813, '104451010202600813', '202600813', '2026-07-04', 5005, 1010, 1, 1, 101, 201, 1, 455, '2026-07-02 10:00:00', '2026-07-02 11:00:00', '2026-07-04 09:00:00', 16.940487, 77.602496, 'Quo libero voluptas sequi assumenda debitis nam necessitatibus est.');
INSERT INTO ComplainantDetails VALUES (20813, 10813, 'Amruta Gera', 37, 1, 1, 1, 1);
INSERT INTO Victim VALUES (30813, 10813, 'Unni Randhawa', 22, 1, '0');
INSERT INTO Accused VALUES (40813, 10813, 'Zayan Toor', 25, 1, 'A1');
INSERT INTO ActSectionAssociation VALUES (10813, 'IPC', '302', 1, 1);
INSERT INTO CaseMaster VALUES (10814, '304431007202600814', '202600814', '2025-11-24', 5042, 1007, 3, 1, 101, 201, 1, 453, '2025-11-19 10:00:00', '2025-11-19 11:00:00', '2025-11-24 09:00:00', 12.452266, 75.964217, 'Voluptas non libero quasi nulla at sint nostrum reiciendis earum debitis reiciendis animi vel cumque.');
INSERT INTO ComplainantDetails VALUES (20814, 10814, 'Upkaar Modi', 37, 1, 1, 1, 1);
INSERT INTO Victim VALUES (30814, 10814, 'Ubika Devan', 61, 1, '0');
INSERT INTO Accused VALUES (40814, 10814, 'Ira Vora', 39, 1, 'A1');
INSERT INTO ActSectionAssociation VALUES (10814, 'IPC', '302', 1, 1);
INSERT INTO ArrestSurrender VALUES (50814, 10814, 1, '2025-11-24', 29, 443, 1007, 5042, 453, 40814, 1, 0);
INSERT INTO CaseMaster VALUES (10815, '304431004202500815', '202500815', '2023-07-17', 5029, 1004, 3, 1, 101, 201, 1, 453, '2023-07-13 10:00:00', '2023-07-13 11:00:00', '2023-07-17 09:00:00', 13.234178, 74.657645, 'Harum ea iure at accusamus voluptas commodi et distinctio reprehenderit odio iusto veniam.');
INSERT INTO ComplainantDetails VALUES (20815, 10815, 'Aashi Chacko', 40, 1, 1, 1, 1);
INSERT INTO Victim VALUES (30815, 10815, 'Ansh Bahri', 70, 1, '0');
INSERT INTO Accused VALUES (40815, 10815, 'Dalbir Master', 42, 1, 'A1');
INSERT INTO ActSectionAssociation VALUES (10815, 'IPC', '302', 1, 1);
INSERT INTO CaseMaster VALUES (10816, '304431007202300816', '202300816', '2026-03-20', 5050, 1007, 3, 1, 101, 201, 1, 453, '2026-03-15 10:00:00', '2026-03-15 11:00:00', '2026-03-20 09:00:00', 17.558066, 77.435762, 'Rerum magni voluptatum accusantium architecto adipisci aut quos et eaque perferendis totam perspiciatis perferendis ipsum.');
INSERT INTO ComplainantDetails VALUES (20816, 10816, 'Janaki Aurora', 60, 1, 1, 1, 1);
INSERT INTO Victim VALUES (30816, 10816, 'Abeer Nath', 48, 1, '0');
INSERT INTO Accused VALUES (40816, 10816, 'Abha Lanka', 28, 1, 'A1');
INSERT INTO ActSectionAssociation VALUES (10816, 'IPC', '302', 1, 1);
INSERT INTO ArrestSurrender VALUES (50816, 10816, 1, '2026-03-20', 29, 443, 1007, 5050, 453, 40816, 1, 0);
INSERT INTO CaseMaster VALUES (10817, '104451002202600817', '202600817', '2025-08-26', 5012, 1002, 1, 1, 101, 201, 1, 455, '2025-08-23 10:00:00', '2025-08-23 11:00:00', '2025-08-26 09:00:00', 15.822245, 75.528088, 'Dicta omnis explicabo nam dolore cumque deserunt tempore nulla.');
INSERT INTO ComplainantDetails VALUES (20817, 10817, 'Ekaja Modi', 34, 1, 1, 1, 1);
INSERT INTO Victim VALUES (30817, 10817, 'Mekhala Basak', 54, 1, '0');
INSERT INTO Accused VALUES (40817, 10817, 'Lavanya Babu', 52, 1, 'A1');
INSERT INTO ActSectionAssociation VALUES (10817, 'IPC', '302', 1, 1);
INSERT INTO ArrestSurrender VALUES (50817, 10817, 1, '2025-08-26', 29, 445, 1002, 5012, 455, 40817, 1, 0);
INSERT INTO CaseMaster VALUES (10818, '304451010202500818', '202500818', '2024-11-19', 5001, 1010, 3, 1, 101, 201, 1, 455, '2024-11-14 10:00:00', '2024-11-14 11:00:00', '2024-11-19 09:00:00', 15.457484, 75.940928, 'Libero modi delectus similique ut quo exercitationem placeat consequuntur.');
INSERT INTO ComplainantDetails VALUES (20818, 10818, 'Udarsh Boase', 53, 1, 1, 1, 1);
INSERT INTO Victim VALUES (30818, 10818, 'Vanya Vohra', 33, 1, '0');
INSERT INTO Accused VALUES (40818, 10818, 'Ranbir Bahri', 30, 1, 'A1');
INSERT INTO ActSectionAssociation VALUES (10818, 'IPC', '302', 1, 1);
INSERT INTO CaseMaster VALUES (10819, '104451003202600819', '202600819', '2026-05-04', 5042, 1003, 1, 1, 101, 201, 1, 455, '2026-05-04 10:00:00', '2026-05-04 11:00:00', '2026-05-04 09:00:00', 15.672888, 77.766723, 'Nostrum nulla eaque ipsa iusto eveniet facere tenetur expedita laudantium veritatis ratione exercitationem fugiat adipisci nisi iure quis perferendis magnam.');
INSERT INTO ComplainantDetails VALUES (20819, 10819, 'Anvi Prabhakar', 43, 1, 1, 1, 1);
INSERT INTO Victim VALUES (30819, 10819, 'Damyanti Sama', 51, 1, '0');
INSERT INTO Accused VALUES (40819, 10819, 'Aayush Chokshi', 43, 1, 'A1');
INSERT INTO ActSectionAssociation VALUES (10819, 'IPC', '302', 1, 1);
INSERT INTO ArrestSurrender VALUES (50819, 10819, 1, '2026-05-04', 29, 445, 1003, 5042, 455, 40819, 1, 0);
INSERT INTO CaseMaster VALUES (10820, '104431005202300820', '202300820', '2023-11-14', 5032, 1005, 1, 1, 101, 201, 1, 453, '2023-11-10 10:00:00', '2023-11-10 11:00:00', '2023-11-14 09:00:00', 15.154134, 76.401748, 'Voluptates in totam laudantium placeat necessitatibus animi facere voluptate nihil veritatis alias quia inventore accusantium.');
INSERT INTO ComplainantDetails VALUES (20820, 10820, 'Abdul Dave', 23, 1, 1, 1, 1);
INSERT INTO Victim VALUES (30820, 10820, 'Chanakya Palla', 38, 1, '0');
INSERT INTO Accused VALUES (40820, 10820, 'Zaitra Rai', 52, 1, 'A1');
INSERT INTO ActSectionAssociation VALUES (10820, 'IPC', '302', 1, 1);
INSERT INTO ArrestSurrender VALUES (50820, 10820, 1, '2023-11-14', 29, 443, 1005, 5032, 453, 40820, 1, 0);
INSERT INTO CaseMaster VALUES (10821, '304431007202600821', '202600821', '2025-06-03', 5044, 1007, 3, 1, 101, 201, 1, 453, '2025-05-31 10:00:00', '2025-05-31 11:00:00', '2025-06-03 09:00:00', 17.185962, 74.27481, 'Dolor dolorem quisquam dolores est voluptate repellendus atque natus quidem alias natus saepe nobis aut debitis sequi corporis repellendus eius.');
INSERT INTO ComplainantDetails VALUES (20821, 10821, 'Om Dani', 36, 1, 1, 1, 1);
INSERT INTO Victim VALUES (30821, 10821, 'Dev Bhatnagar', 64, 1, '0');
INSERT INTO Accused VALUES (40821, 10821, 'Yutika Cherian', 32, 1, 'A1');
INSERT INTO ActSectionAssociation VALUES (10821, 'IPC', '302', 1, 1);
INSERT INTO ArrestSurrender VALUES (50821, 10821, 1, '2025-06-03', 29, 443, 1007, 5044, 453, 40821, 1, 0);
INSERT INTO CaseMaster VALUES (10822, '104441009202300822', '202300822', '2024-11-04', 5005, 1009, 1, 1, 101, 201, 1, 454, '2024-10-30 10:00:00', '2024-10-30 11:00:00', '2024-11-04 09:00:00', 16.567599, 76.474256, 'Quisquam explicabo delectus alias soluta cum sequi illum aperiam blanditiis voluptates quasi sunt fuga asperiores quos recusandae minima maiores.');
INSERT INTO ComplainantDetails VALUES (20822, 10822, 'Ishaan Sheth', 59, 1, 1, 1, 1);
INSERT INTO Victim VALUES (30822, 10822, 'Pavani Brahmbhatt', 47, 1, '0');
INSERT INTO Accused VALUES (40822, 10822, 'Advay Prabhu', 30, 1, 'A1');
INSERT INTO ActSectionAssociation VALUES (10822, 'IPC', '302', 1, 1);
INSERT INTO ArrestSurrender VALUES (50822, 10822, 1, '2024-11-04', 29, 444, 1009, 5005, 454, 40822, 1, 0);
INSERT INTO CaseMaster VALUES (10823, '104431007202600823', '202600823', '2023-10-05', 5009, 1007, 1, 1, 101, 201, 1, 453, '2023-10-05 10:00:00', '2023-10-05 11:00:00', '2023-10-05 09:00:00', 13.325014, 74.021573, 'Natus assumenda quia non earum aliquid illo occaecati animi qui mollitia.');
INSERT INTO ComplainantDetails VALUES (20823, 10823, 'Ekaja Boase', 58, 1, 1, 1, 1);
INSERT INTO Victim VALUES (30823, 10823, 'Anay Bala', 64, 1, '0');
INSERT INTO Accused VALUES (40823, 10823, 'Mekhala Contractor', 23, 1, 'A1');
INSERT INTO ActSectionAssociation VALUES (10823, 'IPC', '302', 1, 1);
INSERT INTO ArrestSurrender VALUES (50823, 10823, 1, '2023-10-05', 29, 443, 1007, 5009, 453, 40823, 1, 0);
INSERT INTO CaseMaster VALUES (10824, '104431007202400824', '202400824', '2024-05-12', 5037, 1007, 1, 1, 101, 201, 1, 453, '2024-05-11 10:00:00', '2024-05-11 11:00:00', '2024-05-12 09:00:00', 17.607805, 74.315041, 'Non eaque quaerat in libero doloribus rem voluptates tempora laudantium doloribus velit ipsa dolorem excepturi doloribus adipisci unde est illo.');
INSERT INTO ComplainantDetails VALUES (20824, 10824, 'Bina Bhasin', 22, 1, 1, 1, 1);
INSERT INTO Victim VALUES (30824, 10824, 'Yasti Modi', 44, 1, '0');
INSERT INTO Accused VALUES (40824, 10824, 'Shaurya Taneja', 30, 1, 'A1');
INSERT INTO ActSectionAssociation VALUES (10824, 'IPC', '302', 1, 1);
INSERT INTO CaseMaster VALUES (10825, '304441009202600825', '202600825', '2025-05-24', 5004, 1009, 3, 1, 101, 201, 1, 454, '2025-05-21 10:00:00', '2025-05-21 11:00:00', '2025-05-24 09:00:00', 12.562825, 77.952677, 'Minima at aut natus sunt accusantium adipisci temporibus distinctio ea laborum eveniet inventore earum harum.');
INSERT INTO ComplainantDetails VALUES (20825, 10825, 'Kala Palla', 51, 1, 1, 1, 1);
INSERT INTO Victim VALUES (30825, 10825, 'Mekhala Rattan', 35, 1, '0');
INSERT INTO Accused VALUES (40825, 10825, 'Mekhala Golla', 51, 1, 'A1');
INSERT INTO ActSectionAssociation VALUES (10825, 'IPC', '302', 1, 1);
INSERT INTO CaseMaster VALUES (10826, '304451003202600826', '202600826', '2024-02-06', 5017, 1003, 3, 1, 101, 201, 1, 455, '2024-02-01 10:00:00', '2024-02-01 11:00:00', '2024-02-06 09:00:00', 15.356205, 74.47714, 'Nisi nisi dolore sapiente sapiente accusamus quia est harum odio repellat repellat vero quae.');
INSERT INTO ComplainantDetails VALUES (20826, 10826, 'Sai Gole', 47, 1, 1, 1, 1);
INSERT INTO Victim VALUES (30826, 10826, 'Patrick Bava', 52, 1, '0');
INSERT INTO Accused VALUES (40826, 10826, 'Zansi Kant', 28, 1, 'A1');
INSERT INTO ActSectionAssociation VALUES (10826, 'IPC', '302', 1, 1);
INSERT INTO ArrestSurrender VALUES (50826, 10826, 1, '2024-02-06', 29, 445, 1003, 5017, 455, 40826, 1, 0);
INSERT INTO CaseMaster VALUES (10827, '104431004202400827', '202400827', '2024-01-14', 5041, 1004, 1, 1, 101, 201, 1, 453, '2024-01-13 10:00:00', '2024-01-13 11:00:00', '2024-01-14 09:00:00', 12.816073, 74.032701, 'Corrupti illum aliquam accusamus reprehenderit praesentium nobis sit amet dicta.');
INSERT INTO ComplainantDetails VALUES (20827, 10827, 'Irya Bava', 42, 1, 1, 1, 1);
INSERT INTO Victim VALUES (30827, 10827, 'Parth Kari', 23, 1, '0');
INSERT INTO Accused VALUES (40827, 10827, 'Deepa Sheth', 53, 1, 'A1');
INSERT INTO ActSectionAssociation VALUES (10827, 'IPC', '302', 1, 1);
INSERT INTO CaseMaster VALUES (10828, '304451010202300828', '202300828', '2024-01-17', 5019, 1010, 3, 1, 101, 201, 1, 455, '2024-01-14 10:00:00', '2024-01-14 11:00:00', '2024-01-17 09:00:00', 15.555887, 75.150425, 'Labore et laborum in id voluptates voluptates quia tempore consequatur.');
INSERT INTO ComplainantDetails VALUES (20828, 10828, 'Lekha Sachar', 20, 1, 1, 1, 1);
INSERT INTO Victim VALUES (30828, 10828, 'Veda Dhawan', 63, 1, '0');
INSERT INTO Accused VALUES (40828, 10828, 'Chandran Walla', 50, 1, 'A1');
INSERT INTO ActSectionAssociation VALUES (10828, 'IPC', '302', 1, 1);
INSERT INTO CaseMaster VALUES (10829, '304451003202600829', '202600829', '2025-10-19', 5040, 1003, 3, 1, 101, 201, 1, 455, '2025-10-15 10:00:00', '2025-10-15 11:00:00', '2025-10-19 09:00:00', 12.890075, 77.57476, 'Amet error nobis ducimus provident consequatur facere nostrum iusto.');
INSERT INTO ComplainantDetails VALUES (20829, 10829, 'Dipta Tank', 26, 1, 1, 1, 1);
INSERT INTO Victim VALUES (30829, 10829, 'Ira Thakur', 60, 1, '0');
INSERT INTO Accused VALUES (40829, 10829, 'Zansi Warrior', 53, 1, 'A1');
INSERT INTO ActSectionAssociation VALUES (10829, 'IPC', '302', 1, 1);
INSERT INTO CaseMaster VALUES (10830, '104441009202400830', '202400830', '2024-01-27', 5031, 1009, 1, 1, 101, 201, 1, 454, '2024-01-23 10:00:00', '2024-01-23 11:00:00', '2024-01-27 09:00:00', 17.072472, 76.917572, 'Error quasi soluta non eius rem excepturi architecto enim.');
INSERT INTO ComplainantDetails VALUES (20830, 10830, 'Utkarsh Din', 42, 1, 1, 1, 1);
INSERT INTO Victim VALUES (30830, 10830, 'Balendra Guha', 54, 1, '0');
INSERT INTO Accused VALUES (40830, 10830, 'Zaid Verma', 30, 1, 'A1');
INSERT INTO ActSectionAssociation VALUES (10830, 'IPC', '302', 1, 1);
INSERT INTO CaseMaster VALUES (10831, '104431005202600831', '202600831', '2025-09-12', 5043, 1005, 1, 1, 101, 201, 1, 453, '2025-09-10 10:00:00', '2025-09-10 11:00:00', '2025-09-12 09:00:00', 14.638828, 75.480197, 'Et repudiandae beatae nihil voluptatibus modi libero ut occaecati dolorem in ab praesentium reprehenderit perferendis rem iste amet reiciendis consequatur.');
INSERT INTO ComplainantDetails VALUES (20831, 10831, 'Veda Dhaliwal', 22, 1, 1, 1, 1);
INSERT INTO Victim VALUES (30831, 10831, 'Harinakshi Rama', 28, 1, '0');
INSERT INTO Accused VALUES (40831, 10831, 'Kritika Sangha', 40, 1, 'A1');
INSERT INTO ActSectionAssociation VALUES (10831, 'IPC', '302', 1, 1);
INSERT INTO ArrestSurrender VALUES (50831, 10831, 1, '2025-09-12', 29, 443, 1005, 5043, 453, 40831, 1, 0);
INSERT INTO CaseMaster VALUES (10832, '104431005202300832', '202300832', '2025-03-27', 5027, 1005, 1, 1, 101, 201, 1, 453, '2025-03-24 10:00:00', '2025-03-24 11:00:00', '2025-03-27 09:00:00', 15.055975, 75.89335, 'Eius numquam tenetur recusandae maiores consequuntur minima maxime reiciendis eaque aliquam optio facilis corporis recusandae eum odit laborum tempore saepe praesentium.');
INSERT INTO ComplainantDetails VALUES (20832, 10832, 'Jason Roy', 31, 1, 1, 1, 1);
INSERT INTO Victim VALUES (30832, 10832, 'Abha Shenoy', 45, 1, '0');
INSERT INTO Accused VALUES (40832, 10832, 'Hema Sekhon', 41, 1, 'A1');
INSERT INTO ActSectionAssociation VALUES (10832, 'IPC', '302', 1, 1);
INSERT INTO CaseMaster VALUES (10833, '104441008202300833', '202300833', '2024-10-13', 5005, 1008, 1, 1, 101, 201, 1, 454, '2024-10-12 10:00:00', '2024-10-12 11:00:00', '2024-10-13 09:00:00', 17.348102, 77.737329, 'Atque laudantium sint quidem repudiandae animi culpa aperiam id quo id quidem facilis ipsam odit exercitationem.');
INSERT INTO ComplainantDetails VALUES (20833, 10833, 'Ganga Biswas', 48, 1, 1, 1, 1);
INSERT INTO Victim VALUES (30833, 10833, 'Ranveer Bhakta', 33, 1, '0');
INSERT INTO Accused VALUES (40833, 10833, 'Isaiah Shetty', 34, 1, 'A1');
INSERT INTO ActSectionAssociation VALUES (10833, 'IPC', '302', 1, 1);
INSERT INTO CaseMaster VALUES (10834, '104451002202500834', '202500834', '2023-10-13', 5016, 1002, 1, 1, 101, 201, 1, 455, '2023-10-11 10:00:00', '2023-10-11 11:00:00', '2023-10-13 09:00:00', 17.181106, 75.839151, 'Quam molestiae soluta libero harum itaque similique fugiat omnis provident ducimus voluptatibus beatae.');
INSERT INTO ComplainantDetails VALUES (20834, 10834, 'Amaira Yogi', 36, 1, 1, 1, 1);
INSERT INTO Victim VALUES (30834, 10834, 'Oliver Bawa', 19, 1, '0');
INSERT INTO Accused VALUES (40834, 10834, 'Bhavika Ranganathan', 47, 1, 'A1');
INSERT INTO ActSectionAssociation VALUES (10834, 'IPC', '302', 1, 1);
INSERT INTO CaseMaster VALUES (10835, '304431005202600835', '202600835', '2024-04-27', 5004, 1005, 3, 1, 101, 201, 1, 453, '2024-04-22 10:00:00', '2024-04-22 11:00:00', '2024-04-27 09:00:00', 14.236139, 75.464468, 'Sit ab at recusandae iure ducimus possimus fugiat qui atque accusamus occaecati in velit.');
INSERT INTO ComplainantDetails VALUES (20835, 10835, 'Mason De', 24, 1, 1, 1, 1);
INSERT INTO Victim VALUES (30835, 10835, 'Zaitra Kamdar', 22, 1, '0');
INSERT INTO Accused VALUES (40835, 10835, 'Eta Prabhakar', 29, 1, 'A1');
INSERT INTO ActSectionAssociation VALUES (10835, 'IPC', '302', 1, 1);
INSERT INTO ArrestSurrender VALUES (50835, 10835, 1, '2024-04-27', 29, 443, 1005, 5004, 453, 40835, 1, 0);
INSERT INTO CaseMaster VALUES (10836, '304431007202600836', '202600836', '2025-06-15', 5046, 1007, 3, 1, 101, 201, 1, 453, '2025-06-13 10:00:00', '2025-06-13 11:00:00', '2025-06-15 09:00:00', 16.585432, 74.382443, 'Labore unde ea nam officiis blanditiis animi eius modi quasi laboriosam perspiciatis provident incidunt dignissimos nulla nihil aperiam.');
INSERT INTO ComplainantDetails VALUES (20836, 10836, 'Raghav Bala', 21, 1, 1, 1, 1);
INSERT INTO Victim VALUES (30836, 10836, 'Frado Chakraborty', 47, 1, '0');
INSERT INTO Accused VALUES (40836, 10836, 'Yasti Baral', 40, 1, 'A1');
INSERT INTO ActSectionAssociation VALUES (10836, 'IPC', '302', 1, 1);
INSERT INTO CaseMaster VALUES (10837, '304451001202400837', '202400837', '2025-02-15', 5042, 1001, 3, 1, 101, 201, 1, 455, '2025-02-15 10:00:00', '2025-02-15 11:00:00', '2025-02-15 09:00:00', 12.868391, 77.90882, 'Placeat eos quidem consequuntur rem reprehenderit molestiae laudantium dignissimos nulla.');
INSERT INTO ComplainantDetails VALUES (20837, 10837, 'Ishita Bali', 41, 1, 1, 1, 1);
INSERT INTO Victim VALUES (30837, 10837, 'Nathan Cheema', 50, 1, '0');
INSERT INTO Accused VALUES (40837, 10837, 'Amruta Samra', 29, 1, 'A1');
INSERT INTO ActSectionAssociation VALUES (10837, 'IPC', '302', 1, 1);
INSERT INTO ArrestSurrender VALUES (50837, 10837, 1, '2025-02-15', 29, 445, 1001, 5042, 455, 40837, 1, 0);
INSERT INTO CaseMaster VALUES (10838, '304431004202500838', '202500838', '2024-01-18', 5008, 1004, 3, 1, 101, 201, 1, 453, '2024-01-14 10:00:00', '2024-01-14 11:00:00', '2024-01-18 09:00:00', 16.200904, 74.63044, 'In optio hic sapiente nesciunt dicta voluptatum minima amet quas eum eveniet temporibus porro quidem libero vel possimus.');
INSERT INTO ComplainantDetails VALUES (20838, 10838, 'Fariq Nanda', 52, 1, 1, 1, 1);
INSERT INTO Victim VALUES (30838, 10838, 'Bhavini Venkataraman', 36, 1, '0');
INSERT INTO Accused VALUES (40838, 10838, 'Radhika Bora', 45, 1, 'A1');
INSERT INTO ActSectionAssociation VALUES (10838, 'IPC', '302', 1, 1);
INSERT INTO ArrestSurrender VALUES (50838, 10838, 1, '2024-01-18', 29, 443, 1004, 5008, 453, 40838, 1, 0);
INSERT INTO CaseMaster VALUES (10839, '104431005202300839', '202300839', '2026-01-16', 5004, 1005, 1, 1, 101, 201, 1, 453, '2026-01-12 10:00:00', '2026-01-12 11:00:00', '2026-01-16 09:00:00', 12.665785, 74.403737, 'Impedit praesentium sapiente cupiditate aliquam impedit magni sint non ipsa assumenda vitae expedita adipisci.');
INSERT INTO ComplainantDetails VALUES (20839, 10839, 'Tamanna Chokshi', 21, 1, 1, 1, 1);
INSERT INTO Victim VALUES (30839, 10839, 'Riya Mishra', 25, 1, '0');
INSERT INTO Accused VALUES (40839, 10839, 'Chakradev Sekhon', 36, 1, 'A1');
INSERT INTO ActSectionAssociation VALUES (10839, 'IPC', '302', 1, 1);
INSERT INTO ArrestSurrender VALUES (50839, 10839, 1, '2026-01-16', 29, 443, 1005, 5004, 453, 40839, 1, 0);
INSERT INTO CaseMaster VALUES (10840, '104431007202400840', '202400840', '2026-01-20', 5009, 1007, 1, 1, 101, 201, 1, 453, '2026-01-18 10:00:00', '2026-01-18 11:00:00', '2026-01-20 09:00:00', 13.206668, 76.385782, 'Minima officia accusamus beatae delectus accusamus saepe deleniti consectetur et eaque sint ratione inventore eos id esse exercitationem quis nulla.');
INSERT INTO ComplainantDetails VALUES (20840, 10840, 'Leela Rajagopalan', 35, 1, 1, 1, 1);
INSERT INTO Victim VALUES (30840, 10840, 'Nitesh Ganguly', 38, 1, '0');
INSERT INTO Accused VALUES (40840, 10840, 'David Kata', 45, 1, 'A1');
INSERT INTO ActSectionAssociation VALUES (10840, 'IPC', '302', 1, 1);
INSERT INTO ArrestSurrender VALUES (50840, 10840, 1, '2026-01-20', 29, 443, 1007, 5009, 453, 40840, 1, 0);
INSERT INTO CaseMaster VALUES (10841, '104431005202400841', '202400841', '2024-12-31', 5026, 1005, 1, 1, 101, 201, 1, 453, '2024-12-31 10:00:00', '2024-12-31 11:00:00', '2024-12-31 09:00:00', 16.693453, 74.717919, 'Cum totam voluptatibus ex vel quos sunt sint at sequi aliquam laboriosam repudiandae odio possimus quae quis quis.');
INSERT INTO ComplainantDetails VALUES (20841, 10841, 'Sachi Dayal', 34, 1, 1, 1, 1);
INSERT INTO Victim VALUES (30841, 10841, 'Chasmum Pandey', 42, 1, '0');
INSERT INTO Accused VALUES (40841, 10841, 'Rachit Desai', 39, 1, 'A1');
INSERT INTO ActSectionAssociation VALUES (10841, 'IPC', '302', 1, 1);
INSERT INTO CaseMaster VALUES (10842, '104451002202600842', '202600842', '2024-07-21', 5014, 1002, 1, 1, 101, 201, 1, 455, '2024-07-18 10:00:00', '2024-07-18 11:00:00', '2024-07-21 09:00:00', 16.926832, 76.528238, 'Occaecati architecto fugiat quibusdam repudiandae quasi dolorem numquam labore expedita commodi consectetur aliquid suscipit rerum asperiores.');
INSERT INTO ComplainantDetails VALUES (20842, 10842, 'Samaksh Raja', 35, 1, 1, 1, 1);
INSERT INTO Victim VALUES (30842, 10842, 'Watika Saran', 24, 1, '0');
INSERT INTO Accused VALUES (40842, 10842, 'Dayamai Munshi', 50, 1, 'A1');
INSERT INTO ActSectionAssociation VALUES (10842, 'IPC', '302', 1, 1);
INSERT INTO ArrestSurrender VALUES (50842, 10842, 1, '2024-07-21', 29, 445, 1002, 5014, 455, 40842, 1, 0);
INSERT INTO CaseMaster VALUES (10843, '104441006202300843', '202300843', '2025-02-07', 5010, 1006, 1, 1, 101, 201, 1, 454, '2025-02-03 10:00:00', '2025-02-03 11:00:00', '2025-02-07 09:00:00', 12.596193, 75.049272, 'Cupiditate illo voluptate maiores eveniet dolores est ea adipisci libero doloribus ea enim minima voluptates fugit dolore nisi.');
INSERT INTO ComplainantDetails VALUES (20843, 10843, 'Kiaan Uppal', 20, 1, 1, 1, 1);
INSERT INTO Victim VALUES (30843, 10843, 'Saksham Ahluwalia', 61, 1, '0');
INSERT INTO Accused VALUES (40843, 10843, 'Eshana Kakar', 41, 1, 'A1');
INSERT INTO ActSectionAssociation VALUES (10843, 'IPC', '302', 1, 1);
INSERT INTO ArrestSurrender VALUES (50843, 10843, 1, '2025-02-07', 29, 444, 1006, 5010, 454, 40843, 1, 0);
INSERT INTO CaseMaster VALUES (10844, '104451010202500844', '202500844', '2026-07-08', 5044, 1010, 1, 1, 101, 201, 1, 455, '2026-07-06 10:00:00', '2026-07-06 11:00:00', '2026-07-08 09:00:00', 13.323633, 75.549054, 'Libero nobis aut aut sint et nesciunt natus quis aperiam doloribus quam corporis.');
INSERT INTO ComplainantDetails VALUES (20844, 10844, 'Rachita Bhalla', 34, 1, 1, 1, 1);
INSERT INTO Victim VALUES (30844, 10844, 'Laban Gade', 19, 1, '0');
INSERT INTO Accused VALUES (40844, 10844, 'Victor Om', 48, 1, 'A1');
INSERT INTO ActSectionAssociation VALUES (10844, 'IPC', '302', 1, 1);
INSERT INTO CaseMaster VALUES (10845, '304451010202400845', '202400845', '2025-12-05', 5013, 1010, 3, 1, 101, 201, 1, 455, '2025-11-30 10:00:00', '2025-11-30 11:00:00', '2025-12-05 09:00:00', 16.347689, 75.464921, 'Dicta eligendi autem officia explicabo aliquam ratione voluptatem numquam fugit pariatur temporibus cumque ex error vel ad.');
INSERT INTO ComplainantDetails VALUES (20845, 10845, 'Kavya Nagy', 43, 1, 1, 1, 1);
INSERT INTO Victim VALUES (30845, 10845, 'Fiyaz Thaker', 29, 1, '0');
INSERT INTO Accused VALUES (40845, 10845, 'Mason Mane', 28, 1, 'A1');
INSERT INTO ActSectionAssociation VALUES (10845, 'IPC', '302', 1, 1);
INSERT INTO CaseMaster VALUES (10846, '104441008202600846', '202600846', '2024-11-28', 5042, 1008, 1, 1, 101, 201, 1, 454, '2024-11-23 10:00:00', '2024-11-23 11:00:00', '2024-11-28 09:00:00', 12.628219, 75.207385, 'Voluptatum quasi explicabo cupiditate minima at eum hic quis ratione exercitationem tenetur.');
INSERT INTO ComplainantDetails VALUES (20846, 10846, 'Fiyaz Krishnan', 45, 1, 1, 1, 1);
INSERT INTO Victim VALUES (30846, 10846, 'Tanvi Gera', 57, 1, '0');
INSERT INTO Accused VALUES (40846, 10846, 'Anirudh Banerjee', 45, 1, 'A1');
INSERT INTO ActSectionAssociation VALUES (10846, 'IPC', '302', 1, 1);
INSERT INTO CaseMaster VALUES (10847, '104431004202500847', '202500847', '2025-02-02', 5022, 1004, 1, 1, 101, 201, 1, 453, '2025-02-02 10:00:00', '2025-02-02 11:00:00', '2025-02-02 09:00:00', 16.053603, 75.715382, 'Ad nostrum assumenda occaecati unde repellat laborum autem quam atque similique.');
INSERT INTO ComplainantDetails VALUES (20847, 10847, 'Aarini Bhardwaj', 37, 1, 1, 1, 1);
INSERT INTO Victim VALUES (30847, 10847, 'Aarna Master', 50, 1, '0');
INSERT INTO Accused VALUES (40847, 10847, 'Baghyawati Iyer', 54, 1, 'A1');
INSERT INTO ActSectionAssociation VALUES (10847, 'IPC', '302', 1, 1);
INSERT INTO ArrestSurrender VALUES (50847, 10847, 1, '2025-02-02', 29, 443, 1004, 5022, 453, 40847, 1, 0);
INSERT INTO CaseMaster VALUES (10848, '104431007202400848', '202400848', '2025-02-11', 5040, 1007, 1, 1, 101, 201, 1, 453, '2025-02-10 10:00:00', '2025-02-10 11:00:00', '2025-02-11 09:00:00', 13.206988, 74.634358, 'Et provident ab enim voluptatum id ad fugiat accusantium excepturi labore consectetur cumque doloribus eius.');
INSERT INTO ComplainantDetails VALUES (20848, 10848, 'Janaki Jayaraman', 49, 1, 1, 1, 1);
INSERT INTO Victim VALUES (30848, 10848, 'Lakshmi Rege', 31, 1, '0');
INSERT INTO Accused VALUES (40848, 10848, 'Tarak De', 27, 1, 'A1');
INSERT INTO ActSectionAssociation VALUES (10848, 'IPC', '302', 1, 1);
INSERT INTO CaseMaster VALUES (10849, '104451010202400849', '202400849', '2026-04-18', 5047, 1010, 1, 1, 101, 201, 1, 455, '2026-04-13 10:00:00', '2026-04-13 11:00:00', '2026-04-18 09:00:00', 17.348745, 74.924356, 'Molestiae maxime eveniet ipsa eaque earum repellendus occaecati tempore quam officia veniam dolorem quidem sit odit consectetur quasi adipisci.');
INSERT INTO ComplainantDetails VALUES (20849, 10849, 'Xalak Sarma', 29, 1, 1, 1, 1);
INSERT INTO Victim VALUES (30849, 10849, 'Jason Dugar', 64, 1, '0');
INSERT INTO Accused VALUES (40849, 10849, 'Darika Yohannan', 32, 1, 'A1');
INSERT INTO ActSectionAssociation VALUES (10849, 'IPC', '302', 1, 1);
INSERT INTO ArrestSurrender VALUES (50849, 10849, 1, '2026-04-18', 29, 445, 1010, 5047, 455, 40849, 1, 0);
INSERT INTO CaseMaster VALUES (10850, '304441006202400850', '202400850', '2023-09-01', 5009, 1006, 3, 1, 101, 201, 1, 454, '2023-08-31 10:00:00', '2023-08-31 11:00:00', '2023-09-01 09:00:00', 16.443952, 75.969771, 'Numquam sit placeat error quisquam numquam at laudantium placeat consequatur ipsa architecto dolore placeat est ipsam nulla fuga error.');
INSERT INTO ComplainantDetails VALUES (20850, 10850, 'Bhavika Varty', 24, 1, 1, 1, 1);
INSERT INTO Victim VALUES (30850, 10850, 'Ekta Mitra', 43, 1, '0');
INSERT INTO Accused VALUES (40850, 10850, 'Yashvi Sami', 42, 1, 'A1');
INSERT INTO ActSectionAssociation VALUES (10850, 'IPC', '302', 1, 1);
INSERT INTO ArrestSurrender VALUES (50850, 10850, 1, '2023-09-01', 29, 444, 1006, 5009, 454, 40850, 1, 0);
INSERT INTO CaseMaster VALUES (10851, '104431007202600851', '202600851', '2024-07-14', 5034, 1007, 1, 1, 101, 201, 1, 453, '2024-07-09 10:00:00', '2024-07-09 11:00:00', '2024-07-14 09:00:00', 17.682238, 76.38874, 'Beatae quos sunt ipsum aperiam nisi nulla accusantium reiciendis animi molestiae quod.');
INSERT INTO ComplainantDetails VALUES (20851, 10851, 'Jeet Naik', 25, 1, 1, 1, 1);
INSERT INTO Victim VALUES (30851, 10851, 'Rudra Reddy', 26, 1, '0');
INSERT INTO Accused VALUES (40851, 10851, 'Alka Bains', 51, 1, 'A1');
INSERT INTO ActSectionAssociation VALUES (10851, 'IPC', '302', 1, 1);
INSERT INTO ArrestSurrender VALUES (50851, 10851, 1, '2024-07-14', 29, 443, 1007, 5034, 453, 40851, 1, 0);
INSERT INTO CaseMaster VALUES (10852, '304431005202600852', '202600852', '2024-12-18', 5040, 1005, 3, 1, 101, 201, 1, 453, '2024-12-15 10:00:00', '2024-12-15 11:00:00', '2024-12-18 09:00:00', 13.661408, 76.25037, 'Dolorem suscipit nam dolorum sequi aperiam dignissimos itaque veritatis officiis excepturi iure ex cupiditate ullam numquam dolorum quae qui.');
INSERT INTO ComplainantDetails VALUES (20852, 10852, 'Baghyawati Rout', 47, 1, 1, 1, 1);
INSERT INTO Victim VALUES (30852, 10852, 'Yashawini Nath', 28, 1, '0');
INSERT INTO Accused VALUES (40852, 10852, 'Anamika Grover', 44, 1, 'A1');
INSERT INTO ActSectionAssociation VALUES (10852, 'IPC', '302', 1, 1);
INSERT INTO ArrestSurrender VALUES (50852, 10852, 1, '2024-12-18', 29, 443, 1005, 5040, 453, 40852, 1, 0);
INSERT INTO CaseMaster VALUES (10853, '104451001202300853', '202300853', '2026-03-27', 5032, 1001, 1, 1, 101, 201, 1, 455, '2026-03-22 10:00:00', '2026-03-22 11:00:00', '2026-03-27 09:00:00', 14.569227, 77.941156, 'Doloremque dolorum assumenda voluptatem accusamus unde neque aperiam impedit repellat exercitationem nostrum ducimus.');
INSERT INTO ComplainantDetails VALUES (20853, 10853, 'Jeremiah Zacharia', 31, 1, 1, 1, 1);
INSERT INTO Victim VALUES (30853, 10853, 'Megha Swaminathan', 49, 1, '0');
INSERT INTO Accused VALUES (40853, 10853, 'Krish Morar', 18, 1, 'A1');
INSERT INTO ActSectionAssociation VALUES (10853, 'IPC', '302', 1, 1);
INSERT INTO ArrestSurrender VALUES (50853, 10853, 1, '2026-03-27', 29, 445, 1001, 5032, 455, 40853, 1, 0);
INSERT INTO CaseMaster VALUES (10854, '104431005202500854', '202500854', '2023-12-19', 5027, 1005, 1, 1, 101, 201, 1, 453, '2023-12-18 10:00:00', '2023-12-18 11:00:00', '2023-12-19 09:00:00', 15.620167, 77.259401, 'Veniam quas veniam occaecati nostrum animi incidunt aliquid excepturi repellendus eum voluptates dolor accusamus reprehenderit.');
INSERT INTO ComplainantDetails VALUES (20854, 10854, 'Tanveer Lal', 39, 1, 1, 1, 1);
INSERT INTO Victim VALUES (30854, 10854, 'Chaaya Bhatt', 61, 1, '0');
INSERT INTO Accused VALUES (40854, 10854, 'Faras Aurora', 19, 1, 'A1');
INSERT INTO ActSectionAssociation VALUES (10854, 'IPC', '302', 1, 1);
INSERT INTO CaseMaster VALUES (10855, '304431004202300855', '202300855', '2025-07-31', 5017, 1004, 3, 1, 101, 201, 1, 453, '2025-07-31 10:00:00', '2025-07-31 11:00:00', '2025-07-31 09:00:00', 12.933741, 74.130739, 'Quo exercitationem velit quo sapiente excepturi sapiente itaque excepturi in accusantium non consequatur porro dignissimos quis architecto aliquam qui.');
INSERT INTO ComplainantDetails VALUES (20855, 10855, 'Radhika Goswami', 50, 1, 1, 1, 1);
INSERT INTO Victim VALUES (30855, 10855, 'Gaurang Saraf', 61, 1, '0');
INSERT INTO Accused VALUES (40855, 10855, 'Unnati Bhardwaj', 54, 1, 'A1');
INSERT INTO ActSectionAssociation VALUES (10855, 'IPC', '302', 1, 1);
INSERT INTO CaseMaster VALUES (10856, '304431004202300856', '202300856', '2025-06-20', 5016, 1004, 3, 1, 101, 201, 1, 453, '2025-06-17 10:00:00', '2025-06-17 11:00:00', '2025-06-20 09:00:00', 17.821004, 74.600308, 'Impedit minima nobis commodi inventore illo sunt nihil ea eum voluptates saepe qui ex.');
INSERT INTO ComplainantDetails VALUES (20856, 10856, 'Adya Mand', 20, 1, 1, 1, 1);
INSERT INTO Victim VALUES (30856, 10856, 'Reva Raman', 41, 1, '0');
INSERT INTO Accused VALUES (40856, 10856, 'Udyati Kothari', 38, 1, 'A1');
INSERT INTO ActSectionAssociation VALUES (10856, 'IPC', '302', 1, 1);
INSERT INTO CaseMaster VALUES (10857, '104431005202500857', '202500857', '2023-12-01', 5046, 1005, 1, 1, 101, 201, 1, 453, '2023-11-30 10:00:00', '2023-11-30 11:00:00', '2023-12-01 09:00:00', 16.526577, 75.245485, 'Temporibus ab placeat natus fugiat repellendus ipsum dolores eveniet doloremque sit quos consequatur eos.');
INSERT INTO ComplainantDetails VALUES (20857, 10857, 'Yuvraj Pant', 38, 1, 1, 1, 1);
INSERT INTO Victim VALUES (30857, 10857, 'Daniel Kaul', 66, 1, '0');
INSERT INTO Accused VALUES (40857, 10857, 'Irya Prakash', 24, 1, 'A1');
INSERT INTO ActSectionAssociation VALUES (10857, 'IPC', '302', 1, 1);
INSERT INTO ArrestSurrender VALUES (50857, 10857, 1, '2023-12-01', 29, 443, 1005, 5046, 453, 40857, 1, 0);
INSERT INTO CaseMaster VALUES (10858, '304441008202600858', '202600858', '2024-01-09', 5028, 1008, 3, 1, 101, 201, 1, 454, '2024-01-04 10:00:00', '2024-01-04 11:00:00', '2024-01-09 09:00:00', 13.638358, 74.657132, 'Consectetur nemo eos placeat temporibus laborum eum omnis porro odio ducimus.');
INSERT INTO ComplainantDetails VALUES (20858, 10858, 'Anthony Varkey', 52, 1, 1, 1, 1);
INSERT INTO Victim VALUES (30858, 10858, 'Elijah Pandya', 47, 1, '0');
INSERT INTO Accused VALUES (40858, 10858, 'Andrew Sidhu', 19, 1, 'A1');
INSERT INTO ActSectionAssociation VALUES (10858, 'IPC', '302', 1, 1);
INSERT INTO CaseMaster VALUES (10859, '304451001202600859', '202600859', '2025-08-08', 5019, 1001, 3, 1, 101, 201, 1, 455, '2025-08-06 10:00:00', '2025-08-06 11:00:00', '2025-08-08 09:00:00', 14.61638, 74.358021, 'Quae facere eius ad aliquid voluptatem aliquam quo magnam molestias tempore sit.');
INSERT INTO ComplainantDetails VALUES (20859, 10859, 'Neel Nayar', 40, 1, 1, 1, 1);
INSERT INTO Victim VALUES (30859, 10859, 'Yatan Kala', 35, 1, '0');
INSERT INTO Accused VALUES (40859, 10859, 'Indali Manda', 42, 1, 'A1');
INSERT INTO ActSectionAssociation VALUES (10859, 'IPC', '302', 1, 1);
INSERT INTO CaseMaster VALUES (10860, '104431004202600860', '202600860', '2025-08-25', 5034, 1004, 1, 1, 101, 201, 1, 453, '2025-08-23 10:00:00', '2025-08-23 11:00:00', '2025-08-25 09:00:00', 13.100126, 77.767078, 'Nisi reprehenderit recusandae provident earum repellat quisquam inventore et saepe nostrum explicabo impedit modi aperiam ipsa iste tempora expedita excepturi.');
INSERT INTO ComplainantDetails VALUES (20860, 10860, 'Aarna Lalla', 48, 1, 1, 1, 1);
INSERT INTO Victim VALUES (30860, 10860, 'Mohini Aggarwal', 43, 1, '0');
INSERT INTO Accused VALUES (40860, 10860, 'Jairaj Kakar', 24, 1, 'A1');
INSERT INTO ActSectionAssociation VALUES (10860, 'IPC', '302', 1, 1);
INSERT INTO CaseMaster VALUES (10861, '304441008202300861', '202300861', '2024-01-06', 5002, 1008, 3, 1, 101, 201, 1, 454, '2024-01-06 10:00:00', '2024-01-06 11:00:00', '2024-01-06 09:00:00', 14.314581, 74.130135, 'Officiis illo numquam est laborum occaecati quia atque quas.');
INSERT INTO ComplainantDetails VALUES (20861, 10861, 'Vidhi Morar', 40, 1, 1, 1, 1);
INSERT INTO Victim VALUES (30861, 10861, 'Aayush Dey', 59, 1, '0');
INSERT INTO Accused VALUES (40861, 10861, 'Omkaar Dhillon', 26, 1, 'A1');
INSERT INTO ActSectionAssociation VALUES (10861, 'IPC', '302', 1, 1);
INSERT INTO ArrestSurrender VALUES (50861, 10861, 1, '2024-01-06', 29, 444, 1008, 5002, 454, 40861, 1, 0);
INSERT INTO CaseMaster VALUES (10862, '304451001202600862', '202600862', '2026-02-26', 5024, 1001, 3, 1, 101, 201, 1, 455, '2026-02-24 10:00:00', '2026-02-24 11:00:00', '2026-02-26 09:00:00', 14.178927, 77.764822, 'Consequatur porro dolorem non hic aspernatur esse ullam iste itaque facere vero ut dolor eaque voluptatibus illo.');
INSERT INTO ComplainantDetails VALUES (20862, 10862, 'Yashica Verma', 24, 1, 1, 1, 1);
INSERT INTO Victim VALUES (30862, 10862, 'George Gupta', 69, 1, '0');
INSERT INTO Accused VALUES (40862, 10862, 'Ekavir Sandhu', 55, 1, 'A1');
INSERT INTO ActSectionAssociation VALUES (10862, 'IPC', '302', 1, 1);
INSERT INTO ArrestSurrender VALUES (50862, 10862, 1, '2026-02-26', 29, 445, 1001, 5024, 455, 40862, 1, 0);
INSERT INTO CaseMaster VALUES (10863, '304451002202400863', '202400863', '2025-01-29', 5015, 1002, 3, 1, 101, 201, 1, 455, '2025-01-27 10:00:00', '2025-01-27 11:00:00', '2025-01-29 09:00:00', 16.428832, 76.611522, 'Porro distinctio autem repudiandae non laboriosam expedita suscipit repudiandae ipsam.');
INSERT INTO ComplainantDetails VALUES (20863, 10863, 'Patrick Deo', 33, 1, 1, 1, 1);
INSERT INTO Victim VALUES (30863, 10863, 'Nisha Dube', 23, 1, '0');
INSERT INTO Accused VALUES (40863, 10863, 'Krish Pandey', 54, 1, 'A1');
INSERT INTO ActSectionAssociation VALUES (10863, 'IPC', '302', 1, 1);
INSERT INTO ArrestSurrender VALUES (50863, 10863, 1, '2025-01-29', 29, 445, 1002, 5015, 455, 40863, 1, 0);
INSERT INTO CaseMaster VALUES (10864, '104441008202500864', '202500864', '2025-09-18', 5044, 1008, 1, 1, 101, 201, 1, 454, '2025-09-18 10:00:00', '2025-09-18 11:00:00', '2025-09-18 09:00:00', 13.862997, 76.480463, 'Quam libero placeat eveniet cum officia labore natus placeat animi laudantium id ab voluptatum aut.');
INSERT INTO ComplainantDetails VALUES (20864, 10864, 'Rajata Lanka', 49, 1, 1, 1, 1);
INSERT INTO Victim VALUES (30864, 10864, 'Vinaya Goyal', 52, 1, '0');
INSERT INTO Accused VALUES (40864, 10864, 'Neelima Master', 35, 1, 'A1');
INSERT INTO ActSectionAssociation VALUES (10864, 'IPC', '302', 1, 1);
INSERT INTO ArrestSurrender VALUES (50864, 10864, 1, '2025-09-18', 29, 444, 1008, 5044, 454, 40864, 1, 0);
INSERT INTO CaseMaster VALUES (10865, '104441009202300865', '202300865', '2025-09-22', 5021, 1009, 1, 1, 101, 201, 1, 454, '2025-09-17 10:00:00', '2025-09-17 11:00:00', '2025-09-22 09:00:00', 12.901709, 75.950968, 'Error ex quaerat dicta totam officiis tempora reprehenderit omnis officiis autem tempore.');
INSERT INTO ComplainantDetails VALUES (20865, 10865, 'Aarna Hayer', 54, 1, 1, 1, 1);
INSERT INTO Victim VALUES (30865, 10865, 'Benjamin Nigam', 67, 1, '0');
INSERT INTO Accused VALUES (40865, 10865, 'Kalpit Bandi', 22, 1, 'A1');
INSERT INTO ActSectionAssociation VALUES (10865, 'IPC', '302', 1, 1);
INSERT INTO CaseMaster VALUES (10866, '104441006202300866', '202300866', '2026-03-05', 5008, 1006, 1, 1, 101, 201, 1, 454, '2026-03-03 10:00:00', '2026-03-03 11:00:00', '2026-03-05 09:00:00', 13.581476, 76.137045, 'Nisi aut error expedita molestias illo distinctio est harum.');
INSERT INTO ComplainantDetails VALUES (20866, 10866, 'Samar Sathe', 60, 1, 1, 1, 1);
INSERT INTO Victim VALUES (30866, 10866, 'Mugdha Shroff', 50, 1, '0');
INSERT INTO Accused VALUES (40866, 10866, 'William Rama', 55, 1, 'A1');
INSERT INTO ActSectionAssociation VALUES (10866, 'IPC', '302', 1, 1);
INSERT INTO CaseMaster VALUES (10867, '104451010202400867', '202400867', '2026-06-04', 5033, 1010, 1, 1, 101, 201, 1, 455, '2026-06-01 10:00:00', '2026-06-01 11:00:00', '2026-06-04 09:00:00', 15.456062, 76.36589, 'Ipsam dolor repellendus explicabo labore est vero sapiente repudiandae repudiandae.');
INSERT INTO ComplainantDetails VALUES (20867, 10867, 'Eshana Deshpande', 32, 1, 1, 1, 1);
INSERT INTO Victim VALUES (30867, 10867, 'Bhavini Thaker', 67, 1, '0');
INSERT INTO Accused VALUES (40867, 10867, 'Keya Shroff', 25, 1, 'A1');
INSERT INTO ActSectionAssociation VALUES (10867, 'IPC', '302', 1, 1);
INSERT INTO ArrestSurrender VALUES (50867, 10867, 1, '2026-06-04', 29, 445, 1010, 5033, 455, 40867, 1, 0);
INSERT INTO CaseMaster VALUES (10868, '104451002202300868', '202300868', '2023-11-02', 5037, 1002, 1, 1, 101, 201, 1, 455, '2023-10-29 10:00:00', '2023-10-29 11:00:00', '2023-11-02 09:00:00', 16.756294, 77.237425, 'Pariatur quod id at tempore voluptate quas dolorem doloribus eos aspernatur fugiat modi qui accusantium debitis harum.');
INSERT INTO ComplainantDetails VALUES (20868, 10868, 'Joshua Mohan', 25, 1, 1, 1, 1);
INSERT INTO Victim VALUES (30868, 10868, 'Sathvik Ranganathan', 45, 1, '0');
INSERT INTO Accused VALUES (40868, 10868, 'Zaid Soman', 30, 1, 'A1');
INSERT INTO ActSectionAssociation VALUES (10868, 'IPC', '302', 1, 1);
INSERT INTO ArrestSurrender VALUES (50868, 10868, 1, '2023-11-02', 29, 445, 1002, 5037, 455, 40868, 1, 0);
INSERT INTO CaseMaster VALUES (10869, '304441006202500869', '202500869', '2025-03-10', 5027, 1006, 3, 1, 101, 201, 1, 454, '2025-03-06 10:00:00', '2025-03-06 11:00:00', '2025-03-10 09:00:00', 16.214964, 76.007645, 'Sit assumenda nihil corporis ad doloremque blanditiis architecto vitae.');
INSERT INTO ComplainantDetails VALUES (20869, 10869, 'Zayyan Chaudhuri', 22, 1, 1, 1, 1);
INSERT INTO Victim VALUES (30869, 10869, 'Kavya Gokhale', 59, 1, '0');
INSERT INTO Accused VALUES (40869, 10869, 'Oliver Nath', 26, 1, 'A1');
INSERT INTO ActSectionAssociation VALUES (10869, 'IPC', '302', 1, 1);
INSERT INTO ArrestSurrender VALUES (50869, 10869, 1, '2025-03-10', 29, 444, 1006, 5027, 454, 40869, 1, 0);
INSERT INTO CaseMaster VALUES (10870, '304431005202300870', '202300870', '2025-03-30', 5004, 1005, 3, 1, 101, 201, 1, 453, '2025-03-26 10:00:00', '2025-03-26 11:00:00', '2025-03-30 09:00:00', 16.144304, 77.884457, 'Vel provident quasi magni et aliquid iste sunt quo consectetur nostrum dicta libero neque praesentium dolorum dicta.');
INSERT INTO ComplainantDetails VALUES (20870, 10870, 'Pranav Dalal', 33, 1, 1, 1, 1);
INSERT INTO Victim VALUES (30870, 10870, 'Kritika Mangal', 70, 1, '0');
INSERT INTO Accused VALUES (40870, 10870, 'Ryan Dani', 41, 1, 'A1');
INSERT INTO ActSectionAssociation VALUES (10870, 'IPC', '302', 1, 1);
INSERT INTO CaseMaster VALUES (10871, '104441009202300871', '202300871', '2025-08-27', 5004, 1009, 1, 1, 101, 201, 1, 454, '2025-08-22 10:00:00', '2025-08-22 11:00:00', '2025-08-27 09:00:00', 15.744815, 77.628078, 'Quam sapiente impedit reiciendis debitis culpa earum debitis iste qui aliquam mollitia esse inventore nam eaque consequatur eos animi.');
INSERT INTO ComplainantDetails VALUES (20871, 10871, 'Chakradhar Saini', 34, 1, 1, 1, 1);
INSERT INTO Victim VALUES (30871, 10871, 'Sai Chaudhari', 48, 1, '0');
INSERT INTO Accused VALUES (40871, 10871, 'Azad Dixit', 40, 1, 'A1');
INSERT INTO ActSectionAssociation VALUES (10871, 'IPC', '302', 1, 1);
INSERT INTO ArrestSurrender VALUES (50871, 10871, 1, '2025-08-27', 29, 444, 1009, 5004, 454, 40871, 1, 0);
INSERT INTO CaseMaster VALUES (10872, '304431007202600872', '202600872', '2024-03-27', 5032, 1007, 3, 1, 101, 201, 1, 453, '2024-03-27 10:00:00', '2024-03-27 11:00:00', '2024-03-27 09:00:00', 15.072089, 75.035072, 'Ducimus nobis quas neque totam molestiae recusandae maiores vel laudantium rem ex cumque doloribus ipsam nam non.');
INSERT INTO ComplainantDetails VALUES (20872, 10872, 'Simon Chand', 44, 1, 1, 1, 1);
INSERT INTO Victim VALUES (30872, 10872, 'Devika Hegde', 70, 1, '0');
INSERT INTO Accused VALUES (40872, 10872, 'Eshana Mohanty', 52, 1, 'A1');
INSERT INTO ActSectionAssociation VALUES (10872, 'IPC', '302', 1, 1);
INSERT INTO ArrestSurrender VALUES (50872, 10872, 1, '2024-03-27', 29, 443, 1007, 5032, 453, 40872, 1, 0);
INSERT INTO CaseMaster VALUES (10873, '304451001202300873', '202300873', '2026-06-07', 5003, 1001, 3, 1, 101, 201, 1, 455, '2026-06-06 10:00:00', '2026-06-06 11:00:00', '2026-06-07 09:00:00', 12.589407, 74.209541, 'Deserunt dicta aliquid ducimus qui inventore maxime esse voluptate commodi est placeat aperiam debitis minima repellendus impedit exercitationem.');
INSERT INTO ComplainantDetails VALUES (20873, 10873, 'Anjali Bali', 60, 1, 1, 1, 1);
INSERT INTO Victim VALUES (30873, 10873, 'Sanaya Cheema', 40, 1, '0');
INSERT INTO Accused VALUES (40873, 10873, 'Tanvi Sankar', 36, 1, 'A1');
INSERT INTO ActSectionAssociation VALUES (10873, 'IPC', '302', 1, 1);
INSERT INTO ArrestSurrender VALUES (50873, 10873, 1, '2026-06-07', 29, 445, 1001, 5003, 455, 40873, 1, 0);
INSERT INTO CaseMaster VALUES (10874, '104441006202300874', '202300874', '2025-07-26', 5044, 1006, 1, 1, 101, 201, 1, 454, '2025-07-22 10:00:00', '2025-07-22 11:00:00', '2025-07-26 09:00:00', 17.83139, 75.698199, 'Saepe et a voluptatum pariatur maxime ut repudiandae velit natus doloremque in nesciunt vero ratione quis praesentium expedita doloremque.');
INSERT INTO ComplainantDetails VALUES (20874, 10874, 'Aryan Vig', 38, 1, 1, 1, 1);
INSERT INTO Victim VALUES (30874, 10874, 'Arunima Kota', 40, 1, '0');
INSERT INTO Accused VALUES (40874, 10874, 'Ekavir Menon', 55, 1, 'A1');
INSERT INTO ActSectionAssociation VALUES (10874, 'IPC', '302', 1, 1);
INSERT INTO ArrestSurrender VALUES (50874, 10874, 1, '2025-07-26', 29, 444, 1006, 5044, 454, 40874, 1, 0);
INSERT INTO CaseMaster VALUES (10875, '304441009202400875', '202400875', '2026-03-05', 5014, 1009, 3, 1, 101, 201, 1, 454, '2026-03-01 10:00:00', '2026-03-01 11:00:00', '2026-03-05 09:00:00', 13.972891, 74.873126, 'Officia aspernatur esse incidunt atque odit eligendi maiores occaecati laudantium unde veniam.');
INSERT INTO ComplainantDetails VALUES (20875, 10875, 'Fiyaz Das', 32, 1, 1, 1, 1);
INSERT INTO Victim VALUES (30875, 10875, 'Ridhi Hora', 62, 1, '0');
INSERT INTO Accused VALUES (40875, 10875, 'Darsh Rajagopal', 21, 1, 'A1');
INSERT INTO ActSectionAssociation VALUES (10875, 'IPC', '302', 1, 1);
INSERT INTO CaseMaster VALUES (10876, '104451010202400876', '202400876', '2025-04-02', 5010, 1010, 1, 1, 101, 201, 1, 455, '2025-03-31 10:00:00', '2025-03-31 11:00:00', '2025-04-02 09:00:00', 13.099233, 75.417053, 'Nemo optio nihil recusandae harum molestiae temporibus suscipit dignissimos voluptas modi quasi soluta debitis reprehenderit facilis deserunt.');
INSERT INTO ComplainantDetails VALUES (20876, 10876, 'Anmol Balan', 52, 1, 1, 1, 1);
INSERT INTO Victim VALUES (30876, 10876, 'Frederick Bora', 21, 1, '0');
INSERT INTO Accused VALUES (40876, 10876, 'Hemani Panchal', 49, 1, 'A1');
INSERT INTO ActSectionAssociation VALUES (10876, 'IPC', '302', 1, 1);
INSERT INTO CaseMaster VALUES (10877, '104451010202500877', '202500877', '2024-05-04', 5027, 1010, 1, 1, 101, 201, 1, 455, '2024-05-04 10:00:00', '2024-05-04 11:00:00', '2024-05-04 09:00:00', 12.825068, 75.044402, 'Suscipit provident odit qui tempora culpa amet suscipit voluptatum cum ullam exercitationem in laboriosam.');
INSERT INTO ComplainantDetails VALUES (20877, 10877, 'Harrison Luthra', 25, 1, 1, 1, 1);
INSERT INTO Victim VALUES (30877, 10877, 'Zashil Mody', 19, 1, '0');
INSERT INTO Accused VALUES (40877, 10877, 'Indira Datta', 43, 1, 'A1');
INSERT INTO ActSectionAssociation VALUES (10877, 'IPC', '302', 1, 1);
INSERT INTO ArrestSurrender VALUES (50877, 10877, 1, '2024-05-04', 29, 445, 1010, 5027, 455, 40877, 1, 0);
INSERT INTO CaseMaster VALUES (10878, '104451003202500878', '202500878', '2025-08-06', 5022, 1003, 1, 1, 101, 201, 1, 455, '2025-08-01 10:00:00', '2025-08-01 11:00:00', '2025-08-06 09:00:00', 17.425899, 74.688388, 'Nihil incidunt temporibus inventore temporibus cumque nostrum dignissimos dolores quod expedita nemo perspiciatis tempore reiciendis odio natus.');
INSERT INTO ComplainantDetails VALUES (20878, 10878, 'Bakhshi Basu', 37, 1, 1, 1, 1);
INSERT INTO Victim VALUES (30878, 10878, 'Pranav Majumdar', 19, 1, '0');
INSERT INTO Accused VALUES (40878, 10878, 'Hamsini Nayar', 49, 1, 'A1');
INSERT INTO ActSectionAssociation VALUES (10878, 'IPC', '302', 1, 1);
INSERT INTO CaseMaster VALUES (10879, '304451001202500879', '202500879', '2026-05-02', 5007, 1001, 3, 1, 101, 201, 1, 455, '2026-05-02 10:00:00', '2026-05-02 11:00:00', '2026-05-02 09:00:00', 14.411785, 74.099723, 'Voluptatibus quia non dolorum sequi dolorem debitis aliquam eveniet ipsa est eaque culpa laboriosam mollitia doloremque quisquam.');
INSERT INTO ComplainantDetails VALUES (20879, 10879, 'Kashvi Loke', 43, 1, 1, 1, 1);
INSERT INTO Victim VALUES (30879, 10879, 'Gaurika Nori', 51, 1, '0');
INSERT INTO Accused VALUES (40879, 10879, 'Kritika Ramakrishnan', 27, 1, 'A1');
INSERT INTO ActSectionAssociation VALUES (10879, 'IPC', '302', 1, 1);
INSERT INTO CaseMaster VALUES (10880, '304451003202300880', '202300880', '2024-02-19', 5046, 1003, 3, 1, 101, 201, 1, 455, '2024-02-15 10:00:00', '2024-02-15 11:00:00', '2024-02-19 09:00:00', 13.553967, 74.811853, 'Sint dolorem nostrum sunt expedita perspiciatis nisi reiciendis vitae natus.');
INSERT INTO ComplainantDetails VALUES (20880, 10880, 'Leena Mody', 25, 1, 1, 1, 1);
INSERT INTO Victim VALUES (30880, 10880, 'Yatin Sule', 66, 1, '0');
INSERT INTO Accused VALUES (40880, 10880, 'Kevin Puri', 37, 1, 'A1');
INSERT INTO ActSectionAssociation VALUES (10880, 'IPC', '302', 1, 1);
INSERT INTO ArrestSurrender VALUES (50880, 10880, 1, '2024-02-19', 29, 445, 1003, 5046, 455, 40880, 1, 0);
INSERT INTO CaseMaster VALUES (10881, '304441006202400881', '202400881', '2025-09-22', 5005, 1006, 3, 1, 101, 201, 1, 454, '2025-09-19 10:00:00', '2025-09-19 11:00:00', '2025-09-22 09:00:00', 14.761119, 74.289646, 'Eaque corrupti vero porro doloribus in temporibus nisi illo nulla exercitationem soluta fugit itaque perferendis dignissimos.');
INSERT INTO ComplainantDetails VALUES (20881, 10881, 'Urvi Din', 34, 1, 1, 1, 1);
INSERT INTO Victim VALUES (30881, 10881, 'Eesha Sane', 27, 1, '0');
INSERT INTO Accused VALUES (40881, 10881, 'Anita Joshi', 43, 1, 'A1');
INSERT INTO ActSectionAssociation VALUES (10881, 'IPC', '302', 1, 1);
INSERT INTO ArrestSurrender VALUES (50881, 10881, 1, '2025-09-22', 29, 444, 1006, 5005, 454, 40881, 1, 0);
INSERT INTO CaseMaster VALUES (10882, '104441009202300882', '202300882', '2023-08-31', 5046, 1009, 1, 1, 101, 201, 1, 454, '2023-08-27 10:00:00', '2023-08-27 11:00:00', '2023-08-31 09:00:00', 12.468072, 76.376242, 'Quo vel assumenda quos quibusdam illo dolor praesentium accusantium voluptatum modi libero officia quo error laborum.');
INSERT INTO ComplainantDetails VALUES (20882, 10882, 'Reyansh Sabharwal', 26, 1, 1, 1, 1);
INSERT INTO Victim VALUES (30882, 10882, 'Ronith Verma', 60, 1, '0');
INSERT INTO Accused VALUES (40882, 10882, 'Ekani Chowdhury', 51, 1, 'A1');
INSERT INTO ActSectionAssociation VALUES (10882, 'IPC', '302', 1, 1);
INSERT INTO CaseMaster VALUES (10883, '304451001202600883', '202600883', '2025-12-12', 5002, 1001, 3, 1, 101, 201, 1, 455, '2025-12-10 10:00:00', '2025-12-10 11:00:00', '2025-12-12 09:00:00', 15.096288, 77.860224, 'Velit iure molestiae quaerat tempora saepe voluptates quo similique.');
INSERT INTO ComplainantDetails VALUES (20883, 10883, 'Vedika Mitra', 48, 1, 1, 1, 1);
INSERT INTO Victim VALUES (30883, 10883, 'Aarnav Deep', 42, 1, '0');
INSERT INTO Accused VALUES (40883, 10883, 'Priya Bath', 51, 1, 'A1');
INSERT INTO ActSectionAssociation VALUES (10883, 'IPC', '302', 1, 1);
INSERT INTO CaseMaster VALUES (10884, '104431007202600884', '202600884', '2025-07-26', 5004, 1007, 1, 1, 101, 201, 1, 453, '2025-07-25 10:00:00', '2025-07-25 11:00:00', '2025-07-26 09:00:00', 14.730407, 77.421515, 'Eos cupiditate eum error quam numquam voluptate laudantium tempore similique commodi ut atque facere.');
INSERT INTO ComplainantDetails VALUES (20884, 10884, 'Deepa Kapoor', 27, 1, 1, 1, 1);
INSERT INTO Victim VALUES (30884, 10884, 'Harish Dar', 65, 1, '0');
INSERT INTO Accused VALUES (40884, 10884, 'Nathaniel Natt', 52, 1, 'A1');
INSERT INTO ActSectionAssociation VALUES (10884, 'IPC', '302', 1, 1);
INSERT INTO ArrestSurrender VALUES (50884, 10884, 1, '2025-07-26', 29, 443, 1007, 5004, 453, 40884, 1, 0);
INSERT INTO CaseMaster VALUES (10885, '304451010202600885', '202600885', '2025-11-10', 5045, 1010, 3, 1, 101, 201, 1, 455, '2025-11-07 10:00:00', '2025-11-07 11:00:00', '2025-11-10 09:00:00', 15.201045, 77.936598, 'Quo beatae sint ipsa natus quaerat possimus incidunt porro rem rem delectus facilis nesciunt repellendus optio in recusandae itaque.');
INSERT INTO ComplainantDetails VALUES (20885, 10885, 'Waida Aurora', 46, 1, 1, 1, 1);
INSERT INTO Victim VALUES (30885, 10885, 'Barkha Shanker', 56, 1, '0');
INSERT INTO Accused VALUES (40885, 10885, 'Pavani Walia', 48, 1, 'A1');
INSERT INTO ActSectionAssociation VALUES (10885, 'IPC', '302', 1, 1);
INSERT INTO CaseMaster VALUES (10886, '104431007202600886', '202600886', '2025-08-30', 5017, 1007, 1, 1, 101, 201, 1, 453, '2025-08-26 10:00:00', '2025-08-26 11:00:00', '2025-08-30 09:00:00', 12.920491, 76.892233, 'Voluptatibus voluptas iusto et voluptatibus eligendi accusamus molestias ipsa voluptates saepe exercitationem eos dolores.');
INSERT INTO ComplainantDetails VALUES (20886, 10886, 'Harrison Sura', 23, 1, 1, 1, 1);
INSERT INTO Victim VALUES (30886, 10886, 'Vanya Raju', 49, 1, '0');
INSERT INTO Accused VALUES (40886, 10886, 'Damyanti Karan', 32, 1, 'A1');
INSERT INTO ActSectionAssociation VALUES (10886, 'IPC', '302', 1, 1);
INSERT INTO ArrestSurrender VALUES (50886, 10886, 1, '2025-08-30', 29, 443, 1007, 5017, 453, 40886, 1, 0);
INSERT INTO CaseMaster VALUES (10887, '104451002202300887', '202300887', '2024-06-30', 5023, 1002, 1, 1, 101, 201, 1, 455, '2024-06-27 10:00:00', '2024-06-27 11:00:00', '2024-06-30 09:00:00', 12.499823, 76.590329, 'Corrupti enim vero distinctio rem amet autem reprehenderit optio error beatae saepe veniam velit recusandae.');
INSERT INTO ComplainantDetails VALUES (20887, 10887, 'Kashish Karnik', 26, 1, 1, 1, 1);
INSERT INTO Victim VALUES (30887, 10887, 'Maanas Anne', 69, 1, '0');
INSERT INTO Accused VALUES (40887, 10887, 'Hredhaan Nayar', 50, 1, 'A1');
INSERT INTO ActSectionAssociation VALUES (10887, 'IPC', '302', 1, 1);
INSERT INTO CaseMaster VALUES (10888, '304451001202300888', '202300888', '2025-03-11', 5048, 1001, 3, 1, 101, 201, 1, 455, '2025-03-09 10:00:00', '2025-03-09 11:00:00', '2025-03-11 09:00:00', 17.954988, 75.547548, 'Dolorem omnis itaque ipsam fuga incidunt ab illum unde inventore animi nostrum saepe nemo perspiciatis quia explicabo modi.');
INSERT INTO ComplainantDetails VALUES (20888, 10888, 'Arya Datta', 41, 1, 1, 1, 1);
INSERT INTO Victim VALUES (30888, 10888, 'Jasmit Pradhan', 26, 1, '0');
INSERT INTO Accused VALUES (40888, 10888, 'Meera Bhargava', 48, 1, 'A1');
INSERT INTO ActSectionAssociation VALUES (10888, 'IPC', '302', 1, 1);
INSERT INTO ArrestSurrender VALUES (50888, 10888, 1, '2025-03-11', 29, 445, 1001, 5048, 455, 40888, 1, 0);
INSERT INTO CaseMaster VALUES (10889, '304451002202400889', '202400889', '2024-08-08', 5034, 1002, 3, 1, 101, 201, 1, 455, '2024-08-04 10:00:00', '2024-08-04 11:00:00', '2024-08-08 09:00:00', 17.184255, 76.820257, 'Laudantium temporibus aspernatur sed quia voluptatibus corporis fugit laborum iure neque consectetur molestias molestias odit veniam atque in.');
INSERT INTO ComplainantDetails VALUES (20889, 10889, 'Rohan Bali', 48, 1, 1, 1, 1);
INSERT INTO Victim VALUES (30889, 10889, 'Amara Johal', 66, 1, '0');
INSERT INTO Accused VALUES (40889, 10889, 'Priya Sabharwal', 48, 1, 'A1');
INSERT INTO ActSectionAssociation VALUES (10889, 'IPC', '302', 1, 1);
INSERT INTO CaseMaster VALUES (10890, '304431004202400890', '202400890', '2024-03-13', 5006, 1004, 3, 1, 101, 201, 1, 453, '2024-03-12 10:00:00', '2024-03-12 11:00:00', '2024-03-13 09:00:00', 15.593511, 74.450113, 'Eos est ullam doloremque iste provident doloremque architecto iure sapiente iure fugit quasi iure.');
INSERT INTO ComplainantDetails VALUES (20890, 10890, 'Urvashi Dave', 59, 1, 1, 1, 1);
INSERT INTO Victim VALUES (30890, 10890, 'Laksh Tank', 47, 1, '0');
INSERT INTO Accused VALUES (40890, 10890, 'Tripti Sami', 51, 1, 'A1');
INSERT INTO ActSectionAssociation VALUES (10890, 'IPC', '302', 1, 1);
INSERT INTO CaseMaster VALUES (10891, '104441009202500891', '202500891', '2026-04-12', 5036, 1009, 1, 1, 101, 201, 1, 454, '2026-04-12 10:00:00', '2026-04-12 11:00:00', '2026-04-12 09:00:00', 17.436655, 77.829336, 'Ratione sunt sint numquam natus officiis nam aperiam quo possimus.');
INSERT INTO ComplainantDetails VALUES (20891, 10891, 'Daniel Vaidya', 47, 1, 1, 1, 1);
INSERT INTO Victim VALUES (30891, 10891, 'Gautam Nagarajan', 43, 1, '0');
INSERT INTO Accused VALUES (40891, 10891, 'Siya Chadha', 36, 1, 'A1');
INSERT INTO ActSectionAssociation VALUES (10891, 'IPC', '302', 1, 1);
INSERT INTO ArrestSurrender VALUES (50891, 10891, 1, '2026-04-12', 29, 444, 1009, 5036, 454, 40891, 1, 0);
INSERT INTO CaseMaster VALUES (10892, '104441008202500892', '202500892', '2024-01-13', 5003, 1008, 1, 1, 101, 201, 1, 454, '2024-01-09 10:00:00', '2024-01-09 11:00:00', '2024-01-13 09:00:00', 14.857238, 77.670598, 'Optio eum fugit sed nesciunt sed voluptatibus possimus error vitae excepturi placeat.');
INSERT INTO ComplainantDetails VALUES (20892, 10892, 'Triveni Mall', 27, 1, 1, 1, 1);
INSERT INTO Victim VALUES (30892, 10892, 'Avni Sridhar', 40, 1, '0');
INSERT INTO Accused VALUES (40892, 10892, 'Chanakya Doctor', 49, 1, 'A1');
INSERT INTO ActSectionAssociation VALUES (10892, 'IPC', '302', 1, 1);
INSERT INTO CaseMaster VALUES (10893, '304431005202300893', '202300893', '2024-01-14', 5001, 1005, 3, 1, 101, 201, 1, 453, '2024-01-14 10:00:00', '2024-01-14 11:00:00', '2024-01-14 09:00:00', 16.148379, 77.691313, 'Quod magni temporibus nihil nostrum assumenda amet odit similique voluptates impedit suscipit officia fuga.');
INSERT INTO ComplainantDetails VALUES (20893, 10893, 'Saksham Khalsa', 58, 1, 1, 1, 1);
INSERT INTO Victim VALUES (30893, 10893, 'Hitesh Narang', 69, 1, '0');
INSERT INTO Accused VALUES (40893, 10893, 'Yasti Viswanathan', 46, 1, 'A1');
INSERT INTO ActSectionAssociation VALUES (10893, 'IPC', '302', 1, 1);
INSERT INTO CaseMaster VALUES (10894, '304451001202400894', '202400894', '2023-08-22', 5019, 1001, 3, 1, 101, 201, 1, 455, '2023-08-17 10:00:00', '2023-08-17 11:00:00', '2023-08-22 09:00:00', 17.926137, 77.487417, 'Ipsum quo voluptatum occaecati officiis molestias quos similique temporibus cupiditate praesentium officia quidem voluptatem natus nobis quod necessitatibus.');
INSERT INTO ComplainantDetails VALUES (20894, 10894, 'Rehaan Kadakia', 56, 1, 1, 1, 1);
INSERT INTO Victim VALUES (30894, 10894, 'Gagan Guha', 34, 1, '0');
INSERT INTO Accused VALUES (40894, 10894, 'Gopal Ganesh', 33, 1, 'A1');
INSERT INTO ActSectionAssociation VALUES (10894, 'IPC', '302', 1, 1);
INSERT INTO ArrestSurrender VALUES (50894, 10894, 1, '2023-08-22', 29, 445, 1001, 5019, 455, 40894, 1, 0);
INSERT INTO CaseMaster VALUES (10895, '304441009202500895', '202500895', '2024-02-12', 5014, 1009, 3, 1, 101, 201, 1, 454, '2024-02-07 10:00:00', '2024-02-07 11:00:00', '2024-02-12 09:00:00', 16.754749, 74.493017, 'Nesciunt reiciendis aliquid architecto odio praesentium praesentium doloribus in rem possimus itaque possimus consequatur eius neque aliquid asperiores tenetur.');
INSERT INTO ComplainantDetails VALUES (20895, 10895, 'Samesh Suri', 39, 1, 1, 1, 1);
INSERT INTO Victim VALUES (30895, 10895, 'Gavin Chaudhari', 69, 1, '0');
INSERT INTO Accused VALUES (40895, 10895, 'Bhavya Bhatnagar', 22, 1, 'A1');
INSERT INTO ActSectionAssociation VALUES (10895, 'IPC', '302', 1, 1);
INSERT INTO ArrestSurrender VALUES (50895, 10895, 1, '2024-02-12', 29, 444, 1009, 5014, 454, 40895, 1, 0);
INSERT INTO CaseMaster VALUES (10896, '104431007202400896', '202400896', '2024-04-26', 5049, 1007, 1, 1, 101, 201, 1, 453, '2024-04-26 10:00:00', '2024-04-26 11:00:00', '2024-04-26 09:00:00', 14.939295, 75.777447, 'Quia quaerat dolores hic tempore omnis odit deserunt ducimus ipsum tempore perferendis fugiat rerum ullam magnam libero harum facilis.');
INSERT INTO ComplainantDetails VALUES (20896, 10896, 'Anthony Mallick', 26, 1, 1, 1, 1);
INSERT INTO Victim VALUES (30896, 10896, 'Balvan Das', 46, 1, '0');
INSERT INTO Accused VALUES (40896, 10896, 'Darpan Dara', 44, 1, 'A1');
INSERT INTO ActSectionAssociation VALUES (10896, 'IPC', '302', 1, 1);
INSERT INTO CaseMaster VALUES (10897, '104451002202300897', '202300897', '2024-05-17', 5026, 1002, 1, 1, 101, 201, 1, 455, '2024-05-12 10:00:00', '2024-05-12 11:00:00', '2024-05-17 09:00:00', 13.266557, 76.004108, 'Modi nam est suscipit doloremque itaque dicta accusantium quis dolorum odio animi recusandae.');
INSERT INTO ComplainantDetails VALUES (20897, 10897, 'Inaya Yadav', 50, 1, 1, 1, 1);
INSERT INTO Victim VALUES (30897, 10897, 'Arunima Bala', 56, 1, '0');
INSERT INTO Accused VALUES (40897, 10897, 'Varenya Bhatnagar', 34, 1, 'A1');
INSERT INTO ActSectionAssociation VALUES (10897, 'IPC', '302', 1, 1);
INSERT INTO CaseMaster VALUES (10898, '304431005202400898', '202400898', '2025-07-12', 5023, 1005, 3, 1, 101, 201, 1, 453, '2025-07-08 10:00:00', '2025-07-08 11:00:00', '2025-07-12 09:00:00', 13.959422, 74.78735, 'Veritatis at ut quas excepturi repudiandae magnam aspernatur voluptates.');
INSERT INTO ComplainantDetails VALUES (20898, 10898, 'Manbir Barad', 29, 1, 1, 1, 1);
INSERT INTO Victim VALUES (30898, 10898, 'Gaurav Jaggi', 33, 1, '0');
INSERT INTO Accused VALUES (40898, 10898, 'Nidhi Ghosh', 27, 1, 'A1');
INSERT INTO ActSectionAssociation VALUES (10898, 'IPC', '302', 1, 1);
INSERT INTO ArrestSurrender VALUES (50898, 10898, 1, '2025-07-12', 29, 443, 1005, 5023, 453, 40898, 1, 0);
INSERT INTO CaseMaster VALUES (10899, '104451010202300899', '202300899', '2026-04-15', 5036, 1010, 1, 1, 101, 201, 1, 455, '2026-04-11 10:00:00', '2026-04-11 11:00:00', '2026-04-15 09:00:00', 17.500313, 75.634023, 'Ducimus vitae eos eaque corporis mollitia odio blanditiis error quo quaerat temporibus laboriosam architecto dolorem.');
INSERT INTO ComplainantDetails VALUES (20899, 10899, 'Raghav Ranganathan', 21, 1, 1, 1, 1);
INSERT INTO Victim VALUES (30899, 10899, 'Logan Butala', 43, 1, '0');
INSERT INTO Accused VALUES (40899, 10899, 'Daniel Sridhar', 46, 1, 'A1');
INSERT INTO ActSectionAssociation VALUES (10899, 'IPC', '302', 1, 1);
INSERT INTO ArrestSurrender VALUES (50899, 10899, 1, '2026-04-15', 29, 445, 1010, 5036, 455, 40899, 1, 0);
INSERT INTO CaseMaster VALUES (10900, '304451002202400900', '202400900', '2024-10-25', 5014, 1002, 3, 1, 101, 201, 1, 455, '2024-10-23 10:00:00', '2024-10-23 11:00:00', '2024-10-25 09:00:00', 16.639385, 74.721356, 'Minima consectetur odio quidem ut quis voluptatem possimus provident cumque voluptates soluta facilis tempora quis quam.');
INSERT INTO ComplainantDetails VALUES (20900, 10900, 'Lipika Dugal', 22, 1, 1, 1, 1);
INSERT INTO Victim VALUES (30900, 10900, 'Aachal Raju', 57, 1, '0');
INSERT INTO Accused VALUES (40900, 10900, 'Omaja Kar', 32, 1, 'A1');
INSERT INTO ActSectionAssociation VALUES (10900, 'IPC', '302', 1, 1);
INSERT INTO CaseMaster VALUES (10901, '304451002202400901', '202400901', '2026-01-15', 5031, 1002, 3, 1, 101, 201, 1, 455, '2026-01-10 10:00:00', '2026-01-10 11:00:00', '2026-01-15 09:00:00', 16.120103, 74.468895, 'Quis recusandae eos quasi accusamus nulla soluta iste ullam consequuntur commodi consequatur culpa a voluptatum.');
INSERT INTO ComplainantDetails VALUES (20901, 10901, 'Onkar Kapur', 33, 1, 1, 1, 1);
INSERT INTO Victim VALUES (30901, 10901, 'Farhan Mukhopadhyay', 56, 1, '0');
INSERT INTO Accused VALUES (40901, 10901, 'Ekantika Chauhan', 45, 1, 'A1');
INSERT INTO ActSectionAssociation VALUES (10901, 'IPC', '302', 1, 1);
INSERT INTO CaseMaster VALUES (10902, '104431004202500902', '202500902', '2026-05-28', 5050, 1004, 1, 1, 101, 201, 1, 453, '2026-05-25 10:00:00', '2026-05-25 11:00:00', '2026-05-28 09:00:00', 12.499305, 76.374794, 'Eaque recusandae unde occaecati dolor numquam unde minus ratione unde laboriosam quae et iste doloremque libero totam nam vitae quod.');
INSERT INTO ComplainantDetails VALUES (20902, 10902, 'Irya Das', 31, 1, 1, 1, 1);
INSERT INTO Victim VALUES (30902, 10902, 'Ekansh Chatterjee', 43, 1, '0');
INSERT INTO Accused VALUES (40902, 10902, 'Nidra Oommen', 52, 1, 'A1');
INSERT INTO ActSectionAssociation VALUES (10902, 'IPC', '302', 1, 1);
INSERT INTO CaseMaster VALUES (10903, '304441006202400903', '202400903', '2024-02-11', 5030, 1006, 3, 1, 101, 201, 1, 454, '2024-02-06 10:00:00', '2024-02-06 11:00:00', '2024-02-11 09:00:00', 13.410848, 77.304137, 'Tenetur maxime neque excepturi blanditiis numquam eum temporibus ipsam pariatur magni fugit quod ratione ullam saepe quibusdam.');
INSERT INTO ComplainantDetails VALUES (20903, 10903, 'Pavani Dasgupta', 29, 1, 1, 1, 1);
INSERT INTO Victim VALUES (30903, 10903, 'Luke Ramanathan', 47, 1, '0');
INSERT INTO Accused VALUES (40903, 10903, 'Barkha Palla', 51, 1, 'A1');
INSERT INTO ActSectionAssociation VALUES (10903, 'IPC', '302', 1, 1);
INSERT INTO ArrestSurrender VALUES (50903, 10903, 1, '2024-02-11', 29, 444, 1006, 5030, 454, 40903, 1, 0);
INSERT INTO CaseMaster VALUES (10904, '304451001202500904', '202500904', '2026-04-16', 5015, 1001, 3, 1, 101, 201, 1, 455, '2026-04-13 10:00:00', '2026-04-13 11:00:00', '2026-04-16 09:00:00', 13.848783, 74.398752, 'Dolor consectetur delectus beatae praesentium voluptas quam enim animi veritatis consequatur.');
INSERT INTO ComplainantDetails VALUES (20904, 10904, 'Lakshmi Morar', 25, 1, 1, 1, 1);
INSERT INTO Victim VALUES (30904, 10904, 'Vedika Biswas', 63, 1, '0');
INSERT INTO Accused VALUES (40904, 10904, 'Chameli Contractor', 21, 1, 'A1');
INSERT INTO ActSectionAssociation VALUES (10904, 'IPC', '302', 1, 1);
INSERT INTO CaseMaster VALUES (10905, '104441006202500905', '202500905', '2025-03-02', 5037, 1006, 1, 1, 101, 201, 1, 454, '2025-02-27 10:00:00', '2025-02-27 11:00:00', '2025-03-02 09:00:00', 16.480966, 77.306982, 'Totam et aliquid aperiam cum nesciunt illo ducimus quidem natus culpa velit pariatur reprehenderit delectus fugit qui fuga.');
INSERT INTO ComplainantDetails VALUES (20905, 10905, 'Elijah Bath', 59, 1, 1, 1, 1);
INSERT INTO Victim VALUES (30905, 10905, 'Amara Bumb', 40, 1, '0');
INSERT INTO Accused VALUES (40905, 10905, 'Nakul Nigam', 46, 1, 'A1');
INSERT INTO ActSectionAssociation VALUES (10905, 'IPC', '302', 1, 1);
INSERT INTO CaseMaster VALUES (10906, '304441008202500906', '202500906', '2024-07-13', 5038, 1008, 3, 1, 101, 201, 1, 454, '2024-07-11 10:00:00', '2024-07-11 11:00:00', '2024-07-13 09:00:00', 14.497115, 76.742909, 'Expedita soluta fugiat veritatis in aut deleniti sit enim ad fuga quis reiciendis officiis quasi ut doloremque unde laboriosam praesentium.');
INSERT INTO ComplainantDetails VALUES (20906, 10906, 'Maanav Parekh', 21, 1, 1, 1, 1);
INSERT INTO Victim VALUES (30906, 10906, 'Neel Ghosh', 21, 1, '0');
INSERT INTO Accused VALUES (40906, 10906, 'Garima Ravel', 26, 1, 'A1');
INSERT INTO ActSectionAssociation VALUES (10906, 'IPC', '302', 1, 1);
INSERT INTO ArrestSurrender VALUES (50906, 10906, 1, '2024-07-13', 29, 444, 1008, 5038, 454, 40906, 1, 0);
INSERT INTO CaseMaster VALUES (10907, '104441006202500907', '202500907', '2024-06-10', 5039, 1006, 1, 1, 101, 201, 1, 454, '2024-06-07 10:00:00', '2024-06-07 11:00:00', '2024-06-10 09:00:00', 17.129641, 77.207493, 'Ab eos culpa suscipit debitis hic illo nihil aut iure cupiditate voluptates possimus tempore suscipit ducimus.');
INSERT INTO ComplainantDetails VALUES (20907, 10907, 'Wriddhish Kohli', 30, 1, 1, 1, 1);
INSERT INTO Victim VALUES (30907, 10907, 'Edhitha Saxena', 38, 1, '0');
INSERT INTO Accused VALUES (40907, 10907, 'Farhan Kala', 27, 1, 'A1');
INSERT INTO ActSectionAssociation VALUES (10907, 'IPC', '302', 1, 1);
INSERT INTO ArrestSurrender VALUES (50907, 10907, 1, '2024-06-10', 29, 444, 1006, 5039, 454, 40907, 1, 0);
INSERT INTO CaseMaster VALUES (10908, '304431005202300908', '202300908', '2026-06-05', 5050, 1005, 3, 1, 101, 201, 1, 453, '2026-06-05 10:00:00', '2026-06-05 11:00:00', '2026-06-05 09:00:00', 16.5877, 77.777243, 'Ipsa a amet molestias quasi accusamus non beatae hic laborum eius dolorem minus rem aperiam illum.');
INSERT INTO ComplainantDetails VALUES (20908, 10908, 'Onkar Cherian', 28, 1, 1, 1, 1);
INSERT INTO Victim VALUES (30908, 10908, 'Umang Halder', 20, 1, '0');
INSERT INTO Accused VALUES (40908, 10908, 'Adya Bir', 36, 1, 'A1');
INSERT INTO ActSectionAssociation VALUES (10908, 'IPC', '302', 1, 1);
INSERT INTO ArrestSurrender VALUES (50908, 10908, 1, '2026-06-05', 29, 443, 1005, 5050, 453, 40908, 1, 0);
INSERT INTO CaseMaster VALUES (10909, '104441006202300909', '202300909', '2023-09-27', 5033, 1006, 1, 1, 101, 201, 1, 454, '2023-09-22 10:00:00', '2023-09-22 11:00:00', '2023-09-27 09:00:00', 13.607717, 76.168152, 'Pariatur eos fuga quod modi animi commodi necessitatibus voluptas officia minus nobis.');
INSERT INTO ComplainantDetails VALUES (20909, 10909, 'Hritik Sarin', 26, 1, 1, 1, 1);
INSERT INTO Victim VALUES (30909, 10909, 'Robert Dhillon', 23, 1, '0');
INSERT INTO Accused VALUES (40909, 10909, 'Leena Viswanathan', 48, 1, 'A1');
INSERT INTO ActSectionAssociation VALUES (10909, 'IPC', '302', 1, 1);
INSERT INTO CaseMaster VALUES (10910, '104431005202600910', '202600910', '2024-08-06', 5043, 1005, 1, 1, 101, 201, 1, 453, '2024-08-03 10:00:00', '2024-08-03 11:00:00', '2024-08-06 09:00:00', 15.446007, 77.377608, 'Similique blanditiis neque quas quae inventore facere similique earum consequatur nihil nihil accusantium doloribus quibusdam doloremque quidem nisi aut deserunt.');
INSERT INTO ComplainantDetails VALUES (20910, 10910, 'Lohit Ramesh', 59, 1, 1, 1, 1);
INSERT INTO Victim VALUES (30910, 10910, 'Aarnav Chakrabarti', 52, 1, '0');
INSERT INTO Accused VALUES (40910, 10910, 'Sai Batta', 47, 1, 'A1');
INSERT INTO ActSectionAssociation VALUES (10910, 'IPC', '302', 1, 1);
INSERT INTO ArrestSurrender VALUES (50910, 10910, 1, '2024-08-06', 29, 443, 1005, 5043, 453, 40910, 1, 0);
INSERT INTO CaseMaster VALUES (10911, '304441008202600911', '202600911', '2024-12-22', 5025, 1008, 3, 1, 101, 201, 1, 454, '2024-12-20 10:00:00', '2024-12-20 11:00:00', '2024-12-22 09:00:00', 15.981111, 77.479088, 'Esse cumque possimus voluptatum sequi possimus voluptatem quae porro recusandae perferendis mollitia aliquam incidunt culpa quo.');
INSERT INTO ComplainantDetails VALUES (20911, 10911, 'Ucchal Raghavan', 23, 1, 1, 1, 1);
INSERT INTO Victim VALUES (30911, 10911, 'Urishilla Srinivasan', 61, 1, '0');
INSERT INTO Accused VALUES (40911, 10911, 'Ansh Uppal', 31, 1, 'A1');
INSERT INTO ActSectionAssociation VALUES (10911, 'IPC', '302', 1, 1);
INSERT INTO ArrestSurrender VALUES (50911, 10911, 1, '2024-12-22', 29, 444, 1008, 5025, 454, 40911, 1, 0);
INSERT INTO CaseMaster VALUES (10912, '104431007202600912', '202600912', '2023-12-23', 5030, 1007, 1, 1, 101, 201, 1, 453, '2023-12-22 10:00:00', '2023-12-22 11:00:00', '2023-12-23 09:00:00', 16.488303, 74.855852, 'Consectetur adipisci adipisci laborum amet perspiciatis dolorum impedit alias voluptates repellat aliquid facilis quo quisquam et.');
INSERT INTO ComplainantDetails VALUES (20912, 10912, 'Samuel Datta', 27, 1, 1, 1, 1);
INSERT INTO Victim VALUES (30912, 10912, 'Teerth Shah', 32, 1, '0');
INSERT INTO Accused VALUES (40912, 10912, 'Mugdha Nagar', 34, 1, 'A1');
INSERT INTO ActSectionAssociation VALUES (10912, 'IPC', '302', 1, 1);
INSERT INTO CaseMaster VALUES (10913, '304431004202400913', '202400913', '2025-06-24', 5036, 1004, 3, 1, 101, 201, 1, 453, '2025-06-21 10:00:00', '2025-06-21 11:00:00', '2025-06-24 09:00:00', 17.048875, 77.682159, 'Molestias esse eum facere officiis culpa impedit mollitia mollitia debitis error nihil nobis deserunt eos reiciendis eius neque nobis animi.');
INSERT INTO ComplainantDetails VALUES (20913, 10913, 'Agastya Butala', 44, 1, 1, 1, 1);
INSERT INTO Victim VALUES (30913, 10913, 'Orinder Char', 35, 1, '0');
INSERT INTO Accused VALUES (40913, 10913, 'Ira Brahmbhatt', 18, 1, 'A1');
INSERT INTO ActSectionAssociation VALUES (10913, 'IPC', '302', 1, 1);
INSERT INTO ArrestSurrender VALUES (50913, 10913, 1, '2025-06-24', 29, 443, 1004, 5036, 453, 40913, 1, 0);
INSERT INTO CaseMaster VALUES (10914, '304451010202600914', '202600914', '2025-03-03', 5031, 1010, 3, 1, 101, 201, 1, 455, '2025-02-26 10:00:00', '2025-02-26 11:00:00', '2025-03-03 09:00:00', 13.658377, 75.147193, 'Animi quo fuga ipsum aperiam itaque impedit tempore saepe molestias modi.');
INSERT INTO ComplainantDetails VALUES (20914, 10914, 'Gaurav Brahmbhatt', 50, 1, 1, 1, 1);
INSERT INTO Victim VALUES (30914, 10914, 'Aradhana Kamdar', 58, 1, '0');
INSERT INTO Accused VALUES (40914, 10914, 'Indrajit Thakur', 49, 1, 'A1');
INSERT INTO ActSectionAssociation VALUES (10914, 'IPC', '302', 1, 1);
INSERT INTO CaseMaster VALUES (10915, '104451003202300915', '202300915', '2024-11-30', 5029, 1003, 1, 1, 101, 201, 1, 455, '2024-11-25 10:00:00', '2024-11-25 11:00:00', '2024-11-30 09:00:00', 12.008481, 74.395222, 'Quam voluptatibus ea quo necessitatibus omnis officia delectus voluptas suscipit doloribus.');
INSERT INTO ComplainantDetails VALUES (20915, 10915, 'Chaaya Minhas', 57, 1, 1, 1, 1);
INSERT INTO Victim VALUES (30915, 10915, 'Onkar Mittal', 34, 1, '0');
INSERT INTO Accused VALUES (40915, 10915, 'Unnati Gole', 26, 1, 'A1');
INSERT INTO ActSectionAssociation VALUES (10915, 'IPC', '302', 1, 1);
INSERT INTO CaseMaster VALUES (10916, '304431007202500916', '202500916', '2023-11-14', 5033, 1007, 3, 1, 101, 201, 1, 453, '2023-11-12 10:00:00', '2023-11-12 11:00:00', '2023-11-14 09:00:00', 14.26448, 77.952273, 'Repellendus autem reprehenderit saepe alias ea voluptatibus suscipit cum optio adipisci excepturi culpa minus dolorem quia.');
INSERT INTO ComplainantDetails VALUES (20916, 10916, 'Aradhana Mohan', 21, 1, 1, 1, 1);
INSERT INTO Victim VALUES (30916, 10916, 'Sarthak Bir', 44, 1, '0');
INSERT INTO Accused VALUES (40916, 10916, 'Bahadurjit Khanna', 19, 1, 'A1');
INSERT INTO ActSectionAssociation VALUES (10916, 'IPC', '302', 1, 1);
INSERT INTO CaseMaster VALUES (10917, '304451010202600917', '202600917', '2025-10-09', 5048, 1010, 3, 1, 101, 201, 1, 455, '2025-10-05 10:00:00', '2025-10-05 11:00:00', '2025-10-09 09:00:00', 13.97129, 75.671412, 'Fugiat ullam explicabo molestias eaque quasi eum cupiditate illum nisi.');
INSERT INTO ComplainantDetails VALUES (20917, 10917, 'Tripti Palan', 20, 1, 1, 1, 1);
INSERT INTO Victim VALUES (30917, 10917, 'Girik Merchant', 47, 1, '0');
INSERT INTO Accused VALUES (40917, 10917, 'Hitesh Dada', 44, 1, 'A1');
INSERT INTO ActSectionAssociation VALUES (10917, 'IPC', '302', 1, 1);
INSERT INTO CaseMaster VALUES (10918, '104441008202500918', '202500918', '2025-02-03', 5029, 1008, 1, 1, 101, 201, 1, 454, '2025-02-01 10:00:00', '2025-02-01 11:00:00', '2025-02-03 09:00:00', 13.856312, 74.710427, 'Facilis nemo fugit quis occaecati quisquam tenetur praesentium optio vero repudiandae laudantium blanditiis quia.');
INSERT INTO ComplainantDetails VALUES (20918, 10918, 'Tanvi Misra', 54, 1, 1, 1, 1);
INSERT INTO Victim VALUES (30918, 10918, 'Rehaan Arya', 23, 1, '0');
INSERT INTO Accused VALUES (40918, 10918, 'Ucchal Baria', 47, 1, 'A1');
INSERT INTO ActSectionAssociation VALUES (10918, 'IPC', '302', 1, 1);
INSERT INTO ArrestSurrender VALUES (50918, 10918, 1, '2025-02-03', 29, 444, 1008, 5029, 454, 40918, 1, 0);
INSERT INTO CaseMaster VALUES (10919, '304441009202400919', '202400919', '2026-07-12', 5008, 1009, 3, 1, 101, 201, 1, 454, '2026-07-08 10:00:00', '2026-07-08 11:00:00', '2026-07-12 09:00:00', 12.806162, 76.598874, 'Mollitia soluta perferendis placeat aliquam natus beatae vel doloribus aliquam.');
INSERT INTO ComplainantDetails VALUES (20919, 10919, 'Reyansh Kadakia', 55, 1, 1, 1, 1);
INSERT INTO Victim VALUES (30919, 10919, 'Megha Varty', 19, 1, '0');
INSERT INTO Accused VALUES (40919, 10919, 'Theodore Venkataraman', 23, 1, 'A1');
INSERT INTO ActSectionAssociation VALUES (10919, 'IPC', '302', 1, 1);
INSERT INTO ArrestSurrender VALUES (50919, 10919, 1, '2026-07-12', 29, 444, 1009, 5008, 454, 40919, 1, 0);
INSERT INTO CaseMaster VALUES (10920, '304431007202400920', '202400920', '2025-10-04', 5047, 1007, 3, 1, 101, 201, 1, 453, '2025-10-03 10:00:00', '2025-10-03 11:00:00', '2025-10-04 09:00:00', 17.204988, 75.636238, 'Illo dolorum earum veritatis perferendis aperiam iure unde minus magnam atque numquam nostrum numquam minima odit unde quos laborum.');
INSERT INTO ComplainantDetails VALUES (20920, 10920, 'Yash Chauhan', 49, 1, 1, 1, 1);
INSERT INTO Victim VALUES (30920, 10920, 'Dayamai Ramakrishnan', 24, 1, '0');
INSERT INTO Accused VALUES (40920, 10920, 'Yauvani Krishna', 51, 1, 'A1');
INSERT INTO ActSectionAssociation VALUES (10920, 'IPC', '302', 1, 1);
INSERT INTO ArrestSurrender VALUES (50920, 10920, 1, '2025-10-04', 29, 443, 1007, 5047, 453, 40920, 1, 0);
INSERT INTO CaseMaster VALUES (10921, '104441009202600921', '202600921', '2024-02-08', 5023, 1009, 1, 1, 101, 201, 1, 454, '2024-02-07 10:00:00', '2024-02-07 11:00:00', '2024-02-08 09:00:00', 14.713031, 76.020164, 'Doloremque corporis iusto adipisci ducimus iure est est iste sint perspiciatis consequatur sed dicta numquam nisi.');
INSERT INTO ComplainantDetails VALUES (20921, 10921, 'Falan Thaman', 43, 1, 1, 1, 1);
INSERT INTO Victim VALUES (30921, 10921, 'Bhavya Kota', 39, 1, '0');
INSERT INTO Accused VALUES (40921, 10921, 'Darpan Grover', 33, 1, 'A1');
INSERT INTO ActSectionAssociation VALUES (10921, 'IPC', '302', 1, 1);
INSERT INTO ArrestSurrender VALUES (50921, 10921, 1, '2024-02-08', 29, 444, 1009, 5023, 454, 40921, 1, 0);
INSERT INTO CaseMaster VALUES (10922, '104431005202300922', '202300922', '2023-08-17', 5049, 1005, 1, 1, 101, 201, 1, 453, '2023-08-16 10:00:00', '2023-08-16 11:00:00', '2023-08-17 09:00:00', 13.022218, 77.540724, 'Dolor tempore repudiandae ab error maiores autem in odit omnis enim voluptatum incidunt autem natus tenetur ullam.');
INSERT INTO ComplainantDetails VALUES (20922, 10922, 'Vrinda Rajagopal', 48, 1, 1, 1, 1);
INSERT INTO Victim VALUES (30922, 10922, 'Azaan Bhatia', 30, 1, '0');
INSERT INTO Accused VALUES (40922, 10922, 'Lucky Krishna', 18, 1, 'A1');
INSERT INTO ActSectionAssociation VALUES (10922, 'IPC', '302', 1, 1);
INSERT INTO CaseMaster VALUES (10923, '304431007202500923', '202500923', '2025-10-03', 5016, 1007, 3, 1, 101, 201, 1, 453, '2025-09-30 10:00:00', '2025-09-30 11:00:00', '2025-10-03 09:00:00', 16.423297, 76.324066, 'Maxime molestiae sed nesciunt soluta non soluta ipsum consequatur voluptates dignissimos non ex corrupti hic voluptatibus cumque commodi rem.');
INSERT INTO ComplainantDetails VALUES (20923, 10923, 'Inaya Parmar', 48, 1, 1, 1, 1);
INSERT INTO Victim VALUES (30923, 10923, 'Peter Bansal', 44, 1, '0');
INSERT INTO Accused VALUES (40923, 10923, 'Alka Ganesh', 21, 1, 'A1');
INSERT INTO ActSectionAssociation VALUES (10923, 'IPC', '302', 1, 1);
INSERT INTO CaseMaster VALUES (10924, '104451003202300924', '202300924', '2026-01-23', 5037, 1003, 1, 1, 101, 201, 1, 455, '2026-01-22 10:00:00', '2026-01-22 11:00:00', '2026-01-23 09:00:00', 13.914568, 76.536587, 'Fugit quas illo quidem ipsa optio voluptas laborum veniam tempore id veritatis praesentium nemo molestiae.');
INSERT INTO ComplainantDetails VALUES (20924, 10924, 'Yahvi Dua', 54, 1, 1, 1, 1);
INSERT INTO Victim VALUES (30924, 10924, 'Ati Cherian', 27, 1, '0');
INSERT INTO Accused VALUES (40924, 10924, 'Ishita Khalsa', 30, 1, 'A1');
INSERT INTO ActSectionAssociation VALUES (10924, 'IPC', '302', 1, 1);
INSERT INTO ArrestSurrender VALUES (50924, 10924, 1, '2026-01-23', 29, 445, 1003, 5037, 455, 40924, 1, 0);
INSERT INTO CaseMaster VALUES (10925, '304451002202400925', '202400925', '2025-05-15', 5002, 1002, 3, 1, 101, 201, 1, 455, '2025-05-12 10:00:00', '2025-05-12 11:00:00', '2025-05-15 09:00:00', 16.200219, 76.984313, 'Beatae porro adipisci natus ea vero deserunt quibusdam necessitatibus culpa vitae vel iste sint consequuntur.');
INSERT INTO ComplainantDetails VALUES (20925, 10925, 'Dalbir Mishra', 28, 1, 1, 1, 1);
INSERT INTO Victim VALUES (30925, 10925, 'Harrison Gola', 37, 1, '0');
INSERT INTO Accused VALUES (40925, 10925, 'Peter D’Alia', 22, 1, 'A1');
INSERT INTO ActSectionAssociation VALUES (10925, 'IPC', '302', 1, 1);
INSERT INTO CaseMaster VALUES (10926, '104451003202600926', '202600926', '2025-11-05', 5015, 1003, 1, 1, 101, 201, 1, 455, '2025-11-01 10:00:00', '2025-11-01 11:00:00', '2025-11-05 09:00:00', 16.546281, 77.432757, 'Quia in iusto ut placeat tempora libero animi a ipsa praesentium voluptatibus reprehenderit sunt necessitatibus doloribus quidem illum ducimus.');
INSERT INTO ComplainantDetails VALUES (20926, 10926, 'Chasmum Garde', 55, 1, 1, 1, 1);
INSERT INTO Victim VALUES (30926, 10926, 'Bina Bhargava', 32, 1, '0');
INSERT INTO Accused VALUES (40926, 10926, 'Charvi Tailor', 45, 1, 'A1');
INSERT INTO ActSectionAssociation VALUES (10926, 'IPC', '302', 1, 1);
INSERT INTO CaseMaster VALUES (10927, '304441009202300927', '202300927', '2025-01-07', 5005, 1009, 3, 1, 101, 201, 1, 454, '2025-01-07 10:00:00', '2025-01-07 11:00:00', '2025-01-07 09:00:00', 16.762435, 76.258701, 'Soluta harum provident amet suscipit earum exercitationem blanditiis earum omnis cum officia.');
INSERT INTO ComplainantDetails VALUES (20927, 10927, 'Ranbir Bakshi', 45, 1, 1, 1, 1);
INSERT INTO Victim VALUES (30927, 10927, 'Dayamai Kade', 65, 1, '0');
INSERT INTO Accused VALUES (40927, 10927, 'Michael Kumer', 51, 1, 'A1');
INSERT INTO ActSectionAssociation VALUES (10927, 'IPC', '302', 1, 1);
INSERT INTO ArrestSurrender VALUES (50927, 10927, 1, '2025-01-07', 29, 444, 1009, 5005, 454, 40927, 1, 0);
INSERT INTO CaseMaster VALUES (10928, '104431004202600928', '202600928', '2024-07-28', 5015, 1004, 1, 1, 101, 201, 1, 453, '2024-07-23 10:00:00', '2024-07-23 11:00:00', '2024-07-28 09:00:00', 12.853022, 77.422141, 'Tempora ullam expedita sapiente perspiciatis quo impedit libero provident aliquid architecto id provident recusandae accusamus.');
INSERT INTO ComplainantDetails VALUES (20928, 10928, 'Jagat Sundaram', 51, 1, 1, 1, 1);
INSERT INTO Victim VALUES (30928, 10928, 'Gautam Chaudhari', 40, 1, '0');
INSERT INTO Accused VALUES (40928, 10928, 'Azad Batra', 54, 1, 'A1');
INSERT INTO ActSectionAssociation VALUES (10928, 'IPC', '302', 1, 1);
INSERT INTO ArrestSurrender VALUES (50928, 10928, 1, '2024-07-28', 29, 443, 1004, 5015, 453, 40928, 1, 0);
INSERT INTO CaseMaster VALUES (10929, '304431005202600929', '202600929', '2026-03-24', 5026, 1005, 3, 1, 101, 201, 1, 453, '2026-03-21 10:00:00', '2026-03-21 11:00:00', '2026-03-24 09:00:00', 13.737286, 74.574044, 'Aut accusamus accusamus dolores dolor quo sequi delectus unde eos aliquam enim dolor doloremque quod fugiat officiis.');
INSERT INTO ComplainantDetails VALUES (20929, 10929, 'Sanya Palla', 51, 1, 1, 1, 1);
INSERT INTO Victim VALUES (30929, 10929, 'Balhaar Saraf', 64, 1, '0');
INSERT INTO Accused VALUES (40929, 10929, 'Aryan Prabhu', 51, 1, 'A1');
INSERT INTO ActSectionAssociation VALUES (10929, 'IPC', '302', 1, 1);
INSERT INTO ArrestSurrender VALUES (50929, 10929, 1, '2026-03-24', 29, 443, 1005, 5026, 453, 40929, 1, 0);
INSERT INTO CaseMaster VALUES (10930, '304431007202500930', '202500930', '2026-03-08', 5048, 1007, 3, 1, 101, 201, 1, 453, '2026-03-06 10:00:00', '2026-03-06 11:00:00', '2026-03-08 09:00:00', 12.893686, 74.643351, 'Impedit deserunt nam fuga officiis tempore at aliquid dolorem.');
INSERT INTO ComplainantDetails VALUES (20930, 10930, 'Hemani Lad', 36, 1, 1, 1, 1);
INSERT INTO Victim VALUES (30930, 10930, 'Kamala Pillai', 52, 1, '0');
INSERT INTO Accused VALUES (40930, 10930, 'Yashawini Chana', 42, 1, 'A1');
INSERT INTO ActSectionAssociation VALUES (10930, 'IPC', '302', 1, 1);
INSERT INTO ArrestSurrender VALUES (50930, 10930, 1, '2026-03-08', 29, 443, 1007, 5048, 453, 40930, 1, 0);
INSERT INTO CaseMaster VALUES (10931, '304431005202400931', '202400931', '2025-07-24', 5010, 1005, 3, 1, 101, 201, 1, 453, '2025-07-22 10:00:00', '2025-07-22 11:00:00', '2025-07-24 09:00:00', 14.901995, 75.895168, 'Iste quis necessitatibus molestiae impedit temporibus impedit animi odio expedita maxime a.');
INSERT INTO ComplainantDetails VALUES (20931, 10931, 'Hamsini Dubey', 35, 1, 1, 1, 1);
INSERT INTO Victim VALUES (30931, 10931, 'Aryan Gara', 30, 1, '0');
INSERT INTO Accused VALUES (40931, 10931, 'Oni Dyal', 49, 1, 'A1');
INSERT INTO ActSectionAssociation VALUES (10931, 'IPC', '302', 1, 1);
INSERT INTO ArrestSurrender VALUES (50931, 10931, 1, '2025-07-24', 29, 443, 1005, 5010, 453, 40931, 1, 0);
INSERT INTO CaseMaster VALUES (10932, '104431004202300932', '202300932', '2025-10-17', 5002, 1004, 1, 1, 101, 201, 1, 453, '2025-10-13 10:00:00', '2025-10-13 11:00:00', '2025-10-17 09:00:00', 16.569933, 74.554118, 'Fuga eligendi error odio itaque sit ducimus minima ullam veritatis nihil.');
INSERT INTO ComplainantDetails VALUES (20932, 10932, 'Pranit Sura', 22, 1, 1, 1, 1);
INSERT INTO Victim VALUES (30932, 10932, 'George Verma', 64, 1, '0');
INSERT INTO Accused VALUES (40932, 10932, 'Gayathri Ramanathan', 23, 1, 'A1');
INSERT INTO ActSectionAssociation VALUES (10932, 'IPC', '302', 1, 1);
INSERT INTO ArrestSurrender VALUES (50932, 10932, 1, '2025-10-17', 29, 443, 1004, 5002, 453, 40932, 1, 0);
INSERT INTO CaseMaster VALUES (10933, '304451010202500933', '202500933', '2024-08-16', 5011, 1010, 3, 1, 101, 201, 1, 455, '2024-08-16 10:00:00', '2024-08-16 11:00:00', '2024-08-16 09:00:00', 16.674976, 77.911712, 'Facilis eum officiis quisquam nobis facilis dolor sapiente debitis reprehenderit accusantium error enim nostrum est impedit ab perspiciatis.');
INSERT INTO ComplainantDetails VALUES (20933, 10933, 'Jairaj Sule', 60, 1, 1, 1, 1);
INSERT INTO Victim VALUES (30933, 10933, 'Lila Rout', 19, 1, '0');
INSERT INTO Accused VALUES (40933, 10933, 'Bhavani Kari', 21, 1, 'A1');
INSERT INTO ActSectionAssociation VALUES (10933, 'IPC', '302', 1, 1);
INSERT INTO ArrestSurrender VALUES (50933, 10933, 1, '2024-08-16', 29, 445, 1010, 5011, 455, 40933, 1, 0);
INSERT INTO CaseMaster VALUES (10934, '304441006202600934', '202600934', '2024-06-03', 5014, 1006, 3, 1, 101, 201, 1, 454, '2024-06-01 10:00:00', '2024-06-01 11:00:00', '2024-06-03 09:00:00', 15.877203, 74.299579, 'Nam voluptates eos quam velit quae vitae hic illo inventore ratione non sapiente itaque cum recusandae perspiciatis molestiae corporis sint.');
INSERT INTO ComplainantDetails VALUES (20934, 10934, 'Imaran De', 54, 1, 1, 1, 1);
INSERT INTO Victim VALUES (30934, 10934, 'Tanveer Yadav', 26, 1, '0');
INSERT INTO Accused VALUES (40934, 10934, 'Pahal Naik', 27, 1, 'A1');
INSERT INTO ActSectionAssociation VALUES (10934, 'IPC', '302', 1, 1);
INSERT INTO CaseMaster VALUES (10935, '104451001202400935', '202400935', '2023-07-24', 5046, 1001, 1, 1, 101, 201, 1, 455, '2023-07-19 10:00:00', '2023-07-19 11:00:00', '2023-07-24 09:00:00', 13.158027, 77.165931, 'Quis debitis iure tempora hic occaecati at beatae odit at amet numquam eos blanditiis fuga ipsam.');
INSERT INTO ComplainantDetails VALUES (20935, 10935, 'Agastya Basu', 60, 1, 1, 1, 1);
INSERT INTO Victim VALUES (30935, 10935, 'Utkarsh Bansal', 62, 1, '0');
INSERT INTO Accused VALUES (40935, 10935, 'Garima Sem', 42, 1, 'A1');
INSERT INTO ActSectionAssociation VALUES (10935, 'IPC', '302', 1, 1);
INSERT INTO ArrestSurrender VALUES (50935, 10935, 1, '2023-07-24', 29, 445, 1001, 5046, 455, 40935, 1, 0);
INSERT INTO CaseMaster VALUES (10936, '104431007202500936', '202500936', '2024-02-17', 5027, 1007, 1, 1, 101, 201, 1, 453, '2024-02-17 10:00:00', '2024-02-17 11:00:00', '2024-02-17 09:00:00', 12.759581, 74.959754, 'Molestiae molestias pariatur esse quasi magni fugit porro suscipit ut mollitia iusto.');
INSERT INTO ComplainantDetails VALUES (20936, 10936, 'Sai Brahmbhatt', 30, 1, 1, 1, 1);
INSERT INTO Victim VALUES (30936, 10936, 'Reva Sandhu', 56, 1, '0');
INSERT INTO Accused VALUES (40936, 10936, 'Gayathri Sankaran', 37, 1, 'A1');
INSERT INTO ActSectionAssociation VALUES (10936, 'IPC', '302', 1, 1);
INSERT INTO ArrestSurrender VALUES (50936, 10936, 1, '2024-02-17', 29, 443, 1007, 5027, 453, 40936, 1, 0);
INSERT INTO CaseMaster VALUES (10937, '304441009202400937', '202400937', '2024-11-13', 5014, 1009, 3, 1, 101, 201, 1, 454, '2024-11-09 10:00:00', '2024-11-09 11:00:00', '2024-11-13 09:00:00', 15.156252, 75.037209, 'Mollitia temporibus odit placeat possimus natus doloribus eius consequatur est.');
INSERT INTO ComplainantDetails VALUES (20937, 10937, 'Kashvi Mukherjee', 43, 1, 1, 1, 1);
INSERT INTO Victim VALUES (30937, 10937, 'Zashil Menon', 33, 1, '0');
INSERT INTO Accused VALUES (40937, 10937, 'Manya Dhawan', 49, 1, 'A1');
INSERT INTO ActSectionAssociation VALUES (10937, 'IPC', '302', 1, 1);
INSERT INTO ArrestSurrender VALUES (50937, 10937, 1, '2024-11-13', 29, 444, 1009, 5014, 454, 40937, 1, 0);
INSERT INTO CaseMaster VALUES (10938, '304441008202500938', '202500938', '2025-05-04', 5034, 1008, 3, 1, 101, 201, 1, 454, '2025-04-30 10:00:00', '2025-04-30 11:00:00', '2025-05-04 09:00:00', 13.400604, 74.064078, 'Debitis vero sunt ab eveniet nemo quam culpa officiis maxime voluptas provident soluta numquam consequatur quia unde at voluptatibus.');
INSERT INTO ComplainantDetails VALUES (20938, 10938, 'Anjali Kala', 32, 1, 1, 1, 1);
INSERT INTO Victim VALUES (30938, 10938, 'Aarna Doctor', 44, 1, '0');
INSERT INTO Accused VALUES (40938, 10938, 'Bhavini Bakshi', 46, 1, 'A1');
INSERT INTO ActSectionAssociation VALUES (10938, 'IPC', '302', 1, 1);
INSERT INTO CaseMaster VALUES (10939, '304441006202500939', '202500939', '2024-08-13', 5040, 1006, 3, 1, 101, 201, 1, 454, '2024-08-11 10:00:00', '2024-08-11 11:00:00', '2024-08-13 09:00:00', 16.77583, 74.058073, 'Harum minus reiciendis natus rerum minima magnam consectetur omnis fugit.');
INSERT INTO ComplainantDetails VALUES (20939, 10939, 'Michael Singh', 22, 1, 1, 1, 1);
INSERT INTO Victim VALUES (30939, 10939, 'Henry Chakrabarti', 70, 1, '0');
INSERT INTO Accused VALUES (40939, 10939, 'Anmol Atwal', 19, 1, 'A1');
INSERT INTO ActSectionAssociation VALUES (10939, 'IPC', '302', 1, 1);
INSERT INTO CaseMaster VALUES (10940, '104441006202400940', '202400940', '2025-03-25', 5031, 1006, 1, 1, 101, 201, 1, 454, '2025-03-25 10:00:00', '2025-03-25 11:00:00', '2025-03-25 09:00:00', 12.243914, 74.447298, 'Impedit esse quis dolores sint odio earum doloribus iusto.');
INSERT INTO ComplainantDetails VALUES (20940, 10940, 'Odika Koshy', 37, 1, 1, 1, 1);
INSERT INTO Victim VALUES (30940, 10940, 'Atharv Dixit', 20, 1, '0');
INSERT INTO Accused VALUES (40940, 10940, 'Diya Chaudhary', 50, 1, 'A1');
INSERT INTO ActSectionAssociation VALUES (10940, 'IPC', '302', 1, 1);
INSERT INTO ArrestSurrender VALUES (50940, 10940, 1, '2025-03-25', 29, 444, 1006, 5031, 454, 40940, 1, 0);
INSERT INTO CaseMaster VALUES (10941, '304431004202500941', '202500941', '2025-05-12', 5046, 1004, 3, 1, 101, 201, 1, 453, '2025-05-12 10:00:00', '2025-05-12 11:00:00', '2025-05-12 09:00:00', 14.335247, 76.950665, 'Dicta corporis repudiandae asperiores necessitatibus cupiditate nulla voluptatem animi fugiat ratione facere sit quas sunt vitae.');
INSERT INTO ComplainantDetails VALUES (20941, 10941, 'Keya Dugar', 42, 1, 1, 1, 1);
INSERT INTO Victim VALUES (30941, 10941, 'Omaja Mangat', 48, 1, '0');
INSERT INTO Accused VALUES (40941, 10941, 'Vincent Sastry', 39, 1, 'A1');
INSERT INTO ActSectionAssociation VALUES (10941, 'IPC', '302', 1, 1);
INSERT INTO CaseMaster VALUES (10942, '304451002202300942', '202300942', '2026-01-18', 5023, 1002, 3, 1, 101, 201, 1, 455, '2026-01-13 10:00:00', '2026-01-13 11:00:00', '2026-01-18 09:00:00', 15.206262, 75.818697, 'Molestiae eveniet deleniti molestiae labore quasi repellendus voluptates natus sequi explicabo.');
INSERT INTO ComplainantDetails VALUES (20942, 10942, 'Siya Sane', 53, 1, 1, 1, 1);
INSERT INTO Victim VALUES (30942, 10942, 'Diya Shukla', 29, 1, '0');
INSERT INTO Accused VALUES (40942, 10942, 'Wahab Dara', 25, 1, 'A1');
INSERT INTO ActSectionAssociation VALUES (10942, 'IPC', '302', 1, 1);
INSERT INTO CaseMaster VALUES (10943, '104431004202400943', '202400943', '2023-12-08', 5014, 1004, 1, 1, 101, 201, 1, 453, '2023-12-07 10:00:00', '2023-12-07 11:00:00', '2023-12-08 09:00:00', 17.444502, 76.78347, 'Laborum quis eaque rem rem ducimus doloribus fugit modi eius magni aspernatur temporibus amet aliquam culpa quo cupiditate error deserunt.');
INSERT INTO ComplainantDetails VALUES (20943, 10943, 'Advay D’Alia', 21, 1, 1, 1, 1);
INSERT INTO Victim VALUES (30943, 10943, 'Balhaar Mammen', 18, 1, '0');
INSERT INTO Accused VALUES (40943, 10943, 'Patrick Sampath', 27, 1, 'A1');
INSERT INTO ActSectionAssociation VALUES (10943, 'IPC', '302', 1, 1);
INSERT INTO CaseMaster VALUES (10944, '104441008202400944', '202400944', '2025-05-11', 5002, 1008, 1, 1, 101, 201, 1, 454, '2025-05-06 10:00:00', '2025-05-06 11:00:00', '2025-05-11 09:00:00', 15.135477, 77.162206, 'Beatae nisi repellat quod quis quae id saepe asperiores beatae autem quasi tempore reiciendis nihil.');
INSERT INTO ComplainantDetails VALUES (20944, 10944, 'Bishakha Brar', 49, 1, 1, 1, 1);
INSERT INTO Victim VALUES (30944, 10944, 'Teerth Mandal', 52, 1, '0');
INSERT INTO Accused VALUES (40944, 10944, 'Luke Nagarajan', 53, 1, 'A1');
INSERT INTO ActSectionAssociation VALUES (10944, 'IPC', '302', 1, 1);
INSERT INTO ArrestSurrender VALUES (50944, 10944, 1, '2025-05-11', 29, 444, 1008, 5002, 454, 40944, 1, 0);
INSERT INTO CaseMaster VALUES (10945, '304451002202500945', '202500945', '2024-09-23', 5017, 1002, 3, 1, 101, 201, 1, 455, '2024-09-20 10:00:00', '2024-09-20 11:00:00', '2024-09-23 09:00:00', 13.079903, 75.880604, 'Suscipit aliquid suscipit necessitatibus esse ipsa possimus eligendi quas maxime vitae laborum occaecati molestiae nisi vel illum enim sequi.');
INSERT INTO ComplainantDetails VALUES (20945, 10945, 'Rudra Swamy', 21, 1, 1, 1, 1);
INSERT INTO Victim VALUES (30945, 10945, 'Oscar Viswanathan', 58, 1, '0');
INSERT INTO Accused VALUES (40945, 10945, 'Praneel Das', 32, 1, 'A1');
INSERT INTO ActSectionAssociation VALUES (10945, 'IPC', '302', 1, 1);
INSERT INTO CaseMaster VALUES (10946, '304451001202600946', '202600946', '2025-05-11', 5015, 1001, 3, 1, 101, 201, 1, 455, '2025-05-07 10:00:00', '2025-05-07 11:00:00', '2025-05-11 09:00:00', 17.886159, 74.282506, 'Quod nisi eum dicta praesentium cupiditate iure debitis quisquam quas cumque perspiciatis rem deserunt sapiente quis vero deserunt aut.');
INSERT INTO ComplainantDetails VALUES (20946, 10946, 'Radha Swamy', 23, 1, 1, 1, 1);
INSERT INTO Victim VALUES (30946, 10946, 'Gaurika Peri', 66, 1, '0');
INSERT INTO Accused VALUES (40946, 10946, 'Champak Singhal', 42, 1, 'A1');
INSERT INTO ActSectionAssociation VALUES (10946, 'IPC', '302', 1, 1);
INSERT INTO ArrestSurrender VALUES (50946, 10946, 1, '2025-05-11', 29, 445, 1001, 5015, 455, 40946, 1, 0);
INSERT INTO CaseMaster VALUES (10947, '104431005202600947', '202600947', '2024-10-03', 5015, 1005, 1, 1, 101, 201, 1, 453, '2024-09-30 10:00:00', '2024-09-30 11:00:00', '2024-10-03 09:00:00', 15.089147, 76.999902, 'Quae rerum suscipit aliquam ratione harum eveniet temporibus natus quibusdam adipisci blanditiis ad sint placeat optio.');
INSERT INTO ComplainantDetails VALUES (20947, 10947, 'Veer Gara', 52, 1, 1, 1, 1);
INSERT INTO Victim VALUES (30947, 10947, 'Aachal Mital', 58, 1, '0');
INSERT INTO Accused VALUES (40947, 10947, 'Christopher Radhakrishnan', 48, 1, 'A1');
INSERT INTO ActSectionAssociation VALUES (10947, 'IPC', '302', 1, 1);
INSERT INTO CaseMaster VALUES (10948, '304441008202300948', '202300948', '2024-09-06', 5027, 1008, 3, 1, 101, 201, 1, 454, '2024-09-04 10:00:00', '2024-09-04 11:00:00', '2024-09-06 09:00:00', 14.36, 75.169716, 'Dolor enim cumque omnis officia porro repudiandae doloremque quia consequuntur impedit iure aut adipisci magnam dignissimos sit.');
INSERT INTO ComplainantDetails VALUES (20948, 10948, 'Ronith Ahluwalia', 40, 1, 1, 1, 1);
INSERT INTO Victim VALUES (30948, 10948, 'Alka Merchant', 42, 1, '0');
INSERT INTO Accused VALUES (40948, 10948, 'Hamsini Kuruvilla', 28, 1, 'A1');
INSERT INTO ActSectionAssociation VALUES (10948, 'IPC', '302', 1, 1);
INSERT INTO ArrestSurrender VALUES (50948, 10948, 1, '2024-09-06', 29, 444, 1008, 5027, 454, 40948, 1, 0);
INSERT INTO CaseMaster VALUES (10949, '104441006202400949', '202400949', '2025-08-02', 5013, 1006, 1, 1, 101, 201, 1, 454, '2025-07-30 10:00:00', '2025-07-30 11:00:00', '2025-08-02 09:00:00', 12.817431, 75.651946, 'Facilis eos sapiente porro totam perspiciatis culpa doloribus corrupti sequi odit earum commodi necessitatibus occaecati ex culpa molestias.');
INSERT INTO ComplainantDetails VALUES (20949, 10949, 'Ranbir Dalal', 30, 1, 1, 1, 1);
INSERT INTO Victim VALUES (30949, 10949, 'Vinaya Goda', 51, 1, '0');
INSERT INTO Accused VALUES (40949, 10949, 'Siya Upadhyay', 37, 1, 'A1');
INSERT INTO ActSectionAssociation VALUES (10949, 'IPC', '302', 1, 1);
INSERT INTO CaseMaster VALUES (10950, '304451003202600950', '202600950', '2025-06-21', 5050, 1003, 3, 1, 101, 201, 1, 455, '2025-06-17 10:00:00', '2025-06-17 11:00:00', '2025-06-21 09:00:00', 17.471779, 76.402496, 'Tempora maiores ut ullam deserunt placeat incidunt quidem perspiciatis doloremque consectetur mollitia dignissimos natus quod.');
INSERT INTO ComplainantDetails VALUES (20950, 10950, 'Avi Nagi', 58, 1, 1, 1, 1);
INSERT INTO Victim VALUES (30950, 10950, 'Vrinda Narasimhan', 27, 1, '0');
INSERT INTO Accused VALUES (40950, 10950, 'Tristan Bahri', 49, 1, 'A1');
INSERT INTO ActSectionAssociation VALUES (10950, 'IPC', '302', 1, 1);
INSERT INTO ArrestSurrender VALUES (50950, 10950, 1, '2025-06-21', 29, 445, 1003, 5050, 455, 40950, 1, 0);
INSERT INTO CaseMaster VALUES (10951, '104431004202500951', '202500951', '2025-01-12', 5008, 1004, 1, 1, 101, 201, 1, 453, '2025-01-12 10:00:00', '2025-01-12 11:00:00', '2025-01-12 09:00:00', 17.456846, 77.221821, 'Accusantium cum autem fugiat porro necessitatibus est nulla aut eaque a.');
INSERT INTO ComplainantDetails VALUES (20951, 10951, 'Vamakshi Varughese', 31, 1, 1, 1, 1);
INSERT INTO Victim VALUES (30951, 10951, 'Hemangini D’Alia', 57, 1, '0');
INSERT INTO Accused VALUES (40951, 10951, 'Bimala Singh', 29, 1, 'A1');
INSERT INTO ActSectionAssociation VALUES (10951, 'IPC', '302', 1, 1);
INSERT INTO CaseMaster VALUES (10952, '104431007202500952', '202500952', '2026-02-17', 5018, 1007, 1, 1, 101, 201, 1, 453, '2026-02-13 10:00:00', '2026-02-13 11:00:00', '2026-02-17 09:00:00', 17.836886, 77.856086, 'Esse possimus eveniet voluptatum sequi totam quisquam tenetur repellat maxime ducimus tempora ipsa vero soluta eum unde debitis dolor.');
INSERT INTO ComplainantDetails VALUES (20952, 10952, 'Wyatt Dhar', 20, 1, 1, 1, 1);
INSERT INTO Victim VALUES (30952, 10952, 'Vrishti Deo', 41, 1, '0');
INSERT INTO Accused VALUES (40952, 10952, 'Yadavi Goel', 44, 1, 'A1');
INSERT INTO ActSectionAssociation VALUES (10952, 'IPC', '302', 1, 1);
INSERT INTO CaseMaster VALUES (10953, '304441008202600953', '202600953', '2025-09-29', 5028, 1008, 3, 1, 101, 201, 1, 454, '2025-09-27 10:00:00', '2025-09-27 11:00:00', '2025-09-29 09:00:00', 12.946022, 75.190384, 'Harum sapiente dolor veritatis ad ullam provident doloribus enim reprehenderit sunt sequi ducimus occaecati reprehenderit cupiditate repellendus maiores nihil voluptatibus.');
INSERT INTO ComplainantDetails VALUES (20953, 10953, 'Aarini Sidhu', 57, 1, 1, 1, 1);
INSERT INTO Victim VALUES (30953, 10953, 'Urmi Vohra', 33, 1, '0');
INSERT INTO Accused VALUES (40953, 10953, 'Chaitaly Rajagopalan', 36, 1, 'A1');
INSERT INTO ActSectionAssociation VALUES (10953, 'IPC', '302', 1, 1);
INSERT INTO ArrestSurrender VALUES (50953, 10953, 1, '2025-09-29', 29, 444, 1008, 5028, 454, 40953, 1, 0);
INSERT INTO CaseMaster VALUES (10954, '104451003202500954', '202500954', '2024-06-04', 5006, 1003, 1, 1, 101, 201, 1, 455, '2024-05-30 10:00:00', '2024-05-30 11:00:00', '2024-06-04 09:00:00', 14.835911, 74.715844, 'Eius labore possimus alias dolor delectus ipsam tempora incidunt labore inventore explicabo nesciunt aut quis exercitationem beatae dolorem minima.');
INSERT INTO ComplainantDetails VALUES (20954, 10954, 'Atharv Wagle', 44, 1, 1, 1, 1);
INSERT INTO Victim VALUES (30954, 10954, 'Gavin Palla', 57, 1, '0');
INSERT INTO Accused VALUES (40954, 10954, 'Hamsini Korpal', 31, 1, 'A1');
INSERT INTO ActSectionAssociation VALUES (10954, 'IPC', '302', 1, 1);
INSERT INTO CaseMaster VALUES (10955, '104451002202500955', '202500955', '2025-08-14', 5006, 1002, 1, 1, 101, 201, 1, 455, '2025-08-12 10:00:00', '2025-08-12 11:00:00', '2025-08-14 09:00:00', 14.914472, 76.051652, 'Quam nisi repellendus explicabo quae dolor aperiam ad neque placeat culpa est.');
INSERT INTO ComplainantDetails VALUES (20955, 10955, 'Sanya Ravel', 48, 1, 1, 1, 1);
INSERT INTO Victim VALUES (30955, 10955, 'Sai Master', 25, 1, '0');
INSERT INTO Accused VALUES (40955, 10955, 'Pooja Bobal', 52, 1, 'A1');
INSERT INTO ActSectionAssociation VALUES (10955, 'IPC', '302', 1, 1);
INSERT INTO ArrestSurrender VALUES (50955, 10955, 1, '2025-08-14', 29, 445, 1002, 5006, 455, 40955, 1, 0);
INSERT INTO CaseMaster VALUES (10956, '104441009202500956', '202500956', '2023-08-27', 5028, 1009, 1, 1, 101, 201, 1, 454, '2023-08-27 10:00:00', '2023-08-27 11:00:00', '2023-08-27 09:00:00', 17.55381, 76.857086, 'Officiis reiciendis ratione consequuntur id repellendus sunt libero dolorem itaque earum dignissimos quos corporis.');
INSERT INTO ComplainantDetails VALUES (20956, 10956, 'Yahvi Handa', 28, 1, 1, 1, 1);
INSERT INTO Victim VALUES (30956, 10956, 'Tarak Mall', 40, 1, '0');
INSERT INTO Accused VALUES (40956, 10956, 'Nandini Dugal', 55, 1, 'A1');
INSERT INTO ActSectionAssociation VALUES (10956, 'IPC', '302', 1, 1);
INSERT INTO CaseMaster VALUES (10957, '104451001202400957', '202400957', '2024-07-18', 5027, 1001, 1, 1, 101, 201, 1, 455, '2024-07-13 10:00:00', '2024-07-13 11:00:00', '2024-07-18 09:00:00', 13.974481, 77.35525, 'Fuga totam aliquam labore ducimus enim molestiae libero eveniet nesciunt totam quae laudantium voluptatem dolor.');
INSERT INTO ComplainantDetails VALUES (20957, 10957, 'Harinakshi Natt', 30, 1, 1, 1, 1);
INSERT INTO Victim VALUES (30957, 10957, 'Chaman Choudhury', 68, 1, '0');
INSERT INTO Accused VALUES (40957, 10957, 'Raksha Kade', 26, 1, 'A1');
INSERT INTO ActSectionAssociation VALUES (10957, 'IPC', '302', 1, 1);
INSERT INTO ArrestSurrender VALUES (50957, 10957, 1, '2024-07-18', 29, 445, 1001, 5027, 455, 40957, 1, 0);
INSERT INTO CaseMaster VALUES (10958, '104441006202300958', '202300958', '2024-02-24', 5047, 1006, 1, 1, 101, 201, 1, 454, '2024-02-24 10:00:00', '2024-02-24 11:00:00', '2024-02-24 09:00:00', 13.312222, 75.564707, 'Nihil molestias inventore iure neque minima quas ipsum dignissimos aperiam laborum quasi perferendis minus officiis.');
INSERT INTO ComplainantDetails VALUES (20958, 10958, 'Nidhi Bhattacharyya', 45, 1, 1, 1, 1);
INSERT INTO Victim VALUES (30958, 10958, 'Dhruv Dalal', 65, 1, '0');
INSERT INTO Accused VALUES (40958, 10958, 'Falguni Krishnamurthy', 52, 1, 'A1');
INSERT INTO ActSectionAssociation VALUES (10958, 'IPC', '302', 1, 1);
INSERT INTO CaseMaster VALUES (10959, '104431007202500959', '202500959', '2025-02-05', 5025, 1007, 1, 1, 101, 201, 1, 453, '2025-02-01 10:00:00', '2025-02-01 11:00:00', '2025-02-05 09:00:00', 16.613717, 74.350021, 'Magnam illo sint dolor voluptatibus dicta assumenda non distinctio quos.');
INSERT INTO ComplainantDetails VALUES (20959, 10959, 'Chameli Pradhan', 47, 1, 1, 1, 1);
INSERT INTO Victim VALUES (30959, 10959, 'Theodore Rout', 45, 1, '0');
INSERT INTO Accused VALUES (40959, 10959, 'Pushti Minhas', 36, 1, 'A1');
INSERT INTO ActSectionAssociation VALUES (10959, 'IPC', '302', 1, 1);
INSERT INTO ArrestSurrender VALUES (50959, 10959, 1, '2025-02-05', 29, 443, 1007, 5025, 453, 40959, 1, 0);
INSERT INTO CaseMaster VALUES (10960, '304451001202600960', '202600960', '2026-03-05', 5032, 1001, 3, 1, 101, 201, 1, 455, '2026-03-05 10:00:00', '2026-03-05 11:00:00', '2026-03-05 09:00:00', 16.316573, 76.7441, 'Natus eligendi rem dolores suscipit atque exercitationem in asperiores perferendis excepturi voluptas vero hic facere sunt accusamus tenetur.');
INSERT INTO ComplainantDetails VALUES (20960, 10960, 'Harita Keer', 43, 1, 1, 1, 1);
INSERT INTO Victim VALUES (30960, 10960, 'Rayaan Acharya', 25, 1, '0');
INSERT INTO Accused VALUES (40960, 10960, 'Nilima Sem', 25, 1, 'A1');
INSERT INTO ActSectionAssociation VALUES (10960, 'IPC', '302', 1, 1);
INSERT INTO ArrestSurrender VALUES (50960, 10960, 1, '2026-03-05', 29, 445, 1001, 5032, 455, 40960, 1, 0);
INSERT INTO CaseMaster VALUES (10961, '104431007202300961', '202300961', '2025-01-25', 5028, 1007, 1, 1, 101, 201, 1, 453, '2025-01-22 10:00:00', '2025-01-22 11:00:00', '2025-01-25 09:00:00', 17.547137, 77.241863, 'Quia at aspernatur excepturi numquam ipsam voluptate sapiente ab quis nesciunt quidem nesciunt natus quis sed velit cum dicta.');
INSERT INTO ComplainantDetails VALUES (20961, 10961, 'Nathan Mani', 52, 1, 1, 1, 1);
INSERT INTO Victim VALUES (30961, 10961, 'Harini Ahuja', 21, 1, '0');
INSERT INTO Accused VALUES (40961, 10961, 'Prisha Palan', 38, 1, 'A1');
INSERT INTO ActSectionAssociation VALUES (10961, 'IPC', '302', 1, 1);
INSERT INTO CaseMaster VALUES (10962, '304451010202300962', '202300962', '2024-07-26', 5046, 1010, 3, 1, 101, 201, 1, 455, '2024-07-24 10:00:00', '2024-07-24 11:00:00', '2024-07-26 09:00:00', 17.860376, 76.438735, 'Ullam ad velit veniam aperiam similique dolore reprehenderit dolorum optio tempora mollitia enim quibusdam ipsa aperiam.');
INSERT INTO ComplainantDetails VALUES (20962, 10962, 'Bachittar Thaker', 47, 1, 1, 1, 1);
INSERT INTO Victim VALUES (30962, 10962, 'Nicholas Mann', 32, 1, '0');
INSERT INTO Accused VALUES (40962, 10962, 'Kabir Nagi', 20, 1, 'A1');
INSERT INTO ActSectionAssociation VALUES (10962, 'IPC', '302', 1, 1);
INSERT INTO ArrestSurrender VALUES (50962, 10962, 1, '2024-07-26', 29, 445, 1010, 5046, 455, 40962, 1, 0);
INSERT INTO CaseMaster VALUES (10963, '304441009202600963', '202600963', '2025-06-14', 5036, 1009, 3, 1, 101, 201, 1, 454, '2025-06-13 10:00:00', '2025-06-13 11:00:00', '2025-06-14 09:00:00', 12.253875, 76.759404, 'Dicta consectetur recusandae assumenda vero quam deleniti ipsum necessitatibus sapiente porro laborum libero ipsam in.');
INSERT INTO ComplainantDetails VALUES (20963, 10963, 'Chaaya Kata', 44, 1, 1, 1, 1);
INSERT INTO Victim VALUES (30963, 10963, 'Ekapad Mohanty', 31, 1, '0');
INSERT INTO Accused VALUES (40963, 10963, 'Chasmum Handa', 53, 1, 'A1');
INSERT INTO ActSectionAssociation VALUES (10963, 'IPC', '302', 1, 1);
INSERT INTO CaseMaster VALUES (10964, '304451002202400964', '202400964', '2025-06-10', 5035, 1002, 3, 1, 101, 201, 1, 455, '2025-06-08 10:00:00', '2025-06-08 11:00:00', '2025-06-10 09:00:00', 15.550428, 74.051793, 'Aperiam consequuntur neque quasi omnis nemo sint consectetur modi rem vel accusantium expedita laborum voluptate quisquam.');
INSERT INTO ComplainantDetails VALUES (20964, 10964, 'Triveni Garg', 32, 1, 1, 1, 1);
INSERT INTO Victim VALUES (30964, 10964, 'Arya Anne', 33, 1, '0');
INSERT INTO Accused VALUES (40964, 10964, 'Pratyush Shroff', 37, 1, 'A1');
INSERT INTO ActSectionAssociation VALUES (10964, 'IPC', '302', 1, 1);
INSERT INTO ArrestSurrender VALUES (50964, 10964, 1, '2025-06-10', 29, 445, 1002, 5035, 455, 40964, 1, 0);
INSERT INTO CaseMaster VALUES (10965, '104431004202400965', '202400965', '2024-03-13', 5008, 1004, 1, 1, 101, 201, 1, 453, '2024-03-08 10:00:00', '2024-03-08 11:00:00', '2024-03-13 09:00:00', 14.424444, 75.678023, 'Deserunt ea vitae quidem magnam voluptatum neque ipsum cum omnis laudantium non.');
INSERT INTO ComplainantDetails VALUES (20965, 10965, 'Tejas Dey', 26, 1, 1, 1, 1);
INSERT INTO Victim VALUES (30965, 10965, 'Owen Divan', 49, 1, '0');
INSERT INTO Accused VALUES (40965, 10965, 'Ikbal Bahri', 54, 1, 'A1');
INSERT INTO ActSectionAssociation VALUES (10965, 'IPC', '302', 1, 1);
INSERT INTO CaseMaster VALUES (10966, '104451001202500966', '202500966', '2024-04-28', 5003, 1001, 1, 1, 101, 201, 1, 455, '2024-04-24 10:00:00', '2024-04-24 11:00:00', '2024-04-28 09:00:00', 14.998013, 74.224613, 'Ad eveniet deserunt corporis corporis facere reprehenderit eveniet officia repellendus iste doloribus neque voluptatem architecto.');
INSERT INTO ComplainantDetails VALUES (20966, 10966, 'Aarna Koshy', 42, 1, 1, 1, 1);
INSERT INTO Victim VALUES (30966, 10966, 'Urmi Kadakia', 34, 1, '0');
INSERT INTO Accused VALUES (40966, 10966, 'Krishna Thaker', 26, 1, 'A1');
INSERT INTO ActSectionAssociation VALUES (10966, 'IPC', '302', 1, 1);
INSERT INTO ArrestSurrender VALUES (50966, 10966, 1, '2024-04-28', 29, 445, 1001, 5003, 455, 40966, 1, 0);
INSERT INTO CaseMaster VALUES (10967, '104441008202400967', '202400967', '2025-02-17', 5016, 1008, 1, 1, 101, 201, 1, 454, '2025-02-16 10:00:00', '2025-02-16 11:00:00', '2025-02-17 09:00:00', 14.48631, 75.702076, 'Maiores quibusdam corporis eum nemo eum alias fugiat neque quis nulla magnam quae recusandae nihil expedita blanditiis corporis nobis nulla.');
INSERT INTO ComplainantDetails VALUES (20967, 10967, 'Qasim Batra', 60, 1, 1, 1, 1);
INSERT INTO Victim VALUES (30967, 10967, 'Wriddhish Kumar', 35, 1, '0');
INSERT INTO Accused VALUES (40967, 10967, 'Tejas Sinha', 40, 1, 'A1');
INSERT INTO ActSectionAssociation VALUES (10967, 'IPC', '302', 1, 1);
INSERT INTO ArrestSurrender VALUES (50967, 10967, 1, '2025-02-17', 29, 444, 1008, 5016, 454, 40967, 1, 0);
INSERT INTO CaseMaster VALUES (10968, '304451001202300968', '202300968', '2024-04-23', 5014, 1001, 3, 1, 101, 201, 1, 455, '2024-04-23 10:00:00', '2024-04-23 11:00:00', '2024-04-23 09:00:00', 17.447515, 74.937695, 'Vero porro neque inventore blanditiis laudantium totam id non laborum rem.');
INSERT INTO ComplainantDetails VALUES (20968, 10968, 'Kevin Srinivasan', 59, 1, 1, 1, 1);
INSERT INTO Victim VALUES (30968, 10968, 'Jasmit Loke', 51, 1, '0');
INSERT INTO Accused VALUES (40968, 10968, 'Lopa Ganesan', 42, 1, 'A1');
INSERT INTO ActSectionAssociation VALUES (10968, 'IPC', '302', 1, 1);
INSERT INTO ArrestSurrender VALUES (50968, 10968, 1, '2024-04-23', 29, 445, 1001, 5014, 455, 40968, 1, 0);
INSERT INTO CaseMaster VALUES (10969, '104451002202400969', '202400969', '2024-08-02', 5021, 1002, 1, 1, 101, 201, 1, 455, '2024-07-28 10:00:00', '2024-07-28 11:00:00', '2024-08-02 09:00:00', 13.326406, 76.013868, 'Pariatur laborum reiciendis aliquid sapiente explicabo laboriosam neque dolorum maxime.');
INSERT INTO ComplainantDetails VALUES (20969, 10969, 'Patrick Kashyap', 32, 1, 1, 1, 1);
INSERT INTO Victim VALUES (30969, 10969, 'Rohan Loke', 55, 1, '0');
INSERT INTO Accused VALUES (40969, 10969, 'Adya Varma', 40, 1, 'A1');
INSERT INTO ActSectionAssociation VALUES (10969, 'IPC', '302', 1, 1);
INSERT INTO ArrestSurrender VALUES (50969, 10969, 1, '2024-08-02', 29, 445, 1002, 5021, 455, 40969, 1, 0);
INSERT INTO CaseMaster VALUES (10970, '104441008202500970', '202500970', '2024-06-17', 5006, 1008, 1, 1, 101, 201, 1, 454, '2024-06-17 10:00:00', '2024-06-17 11:00:00', '2024-06-17 09:00:00', 17.840961, 74.145681, 'Aliquid expedita nisi numquam tenetur laudantium possimus ipsum corporis totam illum.');
INSERT INTO ComplainantDetails VALUES (20970, 10970, 'Meera Raman', 48, 1, 1, 1, 1);
INSERT INTO Victim VALUES (30970, 10970, 'Avni Brahmbhatt', 45, 1, '0');
INSERT INTO Accused VALUES (40970, 10970, 'Wyatt Koshy', 40, 1, 'A1');
INSERT INTO ActSectionAssociation VALUES (10970, 'IPC', '302', 1, 1);
INSERT INTO ArrestSurrender VALUES (50970, 10970, 1, '2024-06-17', 29, 444, 1008, 5006, 454, 40970, 1, 0);
INSERT INTO CaseMaster VALUES (10971, '304441006202300971', '202300971', '2025-03-17', 5036, 1006, 3, 1, 101, 201, 1, 454, '2025-03-15 10:00:00', '2025-03-15 11:00:00', '2025-03-17 09:00:00', 15.520717, 77.962454, 'Minima laudantium quaerat placeat praesentium asperiores cupiditate voluptas quae rem.');
INSERT INTO ComplainantDetails VALUES (20971, 10971, 'Yashvi Chakrabarti', 46, 1, 1, 1, 1);
INSERT INTO Victim VALUES (30971, 10971, 'Ishwar Bhatti', 24, 1, '0');
INSERT INTO Accused VALUES (40971, 10971, 'Yadavi Chacko', 44, 1, 'A1');
INSERT INTO ActSectionAssociation VALUES (10971, 'IPC', '302', 1, 1);
INSERT INTO ArrestSurrender VALUES (50971, 10971, 1, '2025-03-17', 29, 444, 1006, 5036, 454, 40971, 1, 0);
INSERT INTO CaseMaster VALUES (10972, '304431007202300972', '202300972', '2024-07-17', 5006, 1007, 3, 1, 101, 201, 1, 453, '2024-07-17 10:00:00', '2024-07-17 11:00:00', '2024-07-17 09:00:00', 16.653058, 77.039487, 'Magnam mollitia impedit adipisci nemo maiores omnis omnis dolor magnam temporibus sunt eveniet dolor modi explicabo.');
INSERT INTO ComplainantDetails VALUES (20972, 10972, 'Siddharth Solanki', 24, 1, 1, 1, 1);
INSERT INTO Victim VALUES (30972, 10972, 'Yoshita Dubey', 55, 1, '0');
INSERT INTO Accused VALUES (40972, 10972, 'Advika Dhar', 44, 1, 'A1');
INSERT INTO ActSectionAssociation VALUES (10972, 'IPC', '302', 1, 1);
INSERT INTO CaseMaster VALUES (10973, '104431005202600973', '202600973', '2025-10-06', 5020, 1005, 1, 1, 101, 201, 1, 453, '2025-10-06 10:00:00', '2025-10-06 11:00:00', '2025-10-06 09:00:00', 12.825452, 77.101787, 'Culpa quos quo in libero quis dolor quis nisi unde aperiam voluptas eos.');
INSERT INTO ComplainantDetails VALUES (20973, 10973, 'Edhitha Chawla', 39, 1, 1, 1, 1);
INSERT INTO Victim VALUES (30973, 10973, 'Janya Rau', 56, 1, '0');
INSERT INTO Accused VALUES (40973, 10973, 'Diya Chakraborty', 18, 1, 'A1');
INSERT INTO ActSectionAssociation VALUES (10973, 'IPC', '302', 1, 1);
INSERT INTO CaseMaster VALUES (10974, '304441006202300974', '202300974', '2024-04-01', 5020, 1006, 3, 1, 101, 201, 1, 454, '2024-03-31 10:00:00', '2024-03-31 11:00:00', '2024-04-01 09:00:00', 16.090467, 76.649467, 'Cumque vel tempore molestiae consectetur quisquam ab totam quae quos nesciunt quod.');
INSERT INTO ComplainantDetails VALUES (20974, 10974, 'Faras Palla', 41, 1, 1, 1, 1);
INSERT INTO Victim VALUES (30974, 10974, 'Veda Pillai', 42, 1, '0');
INSERT INTO Accused VALUES (40974, 10974, 'Lavanya Deshmukh', 21, 1, 'A1');
INSERT INTO ActSectionAssociation VALUES (10974, 'IPC', '302', 1, 1);
INSERT INTO ArrestSurrender VALUES (50974, 10974, 1, '2024-04-01', 29, 444, 1006, 5020, 454, 40974, 1, 0);
INSERT INTO CaseMaster VALUES (10975, '104431005202400975', '202400975', '2024-12-05', 5046, 1005, 1, 1, 101, 201, 1, 453, '2024-11-30 10:00:00', '2024-11-30 11:00:00', '2024-12-05 09:00:00', 16.564876, 77.053064, 'Numquam doloremque distinctio culpa iure explicabo praesentium iste veritatis nisi ducimus beatae.');
INSERT INTO ComplainantDetails VALUES (20975, 10975, 'Pranit Thakur', 44, 1, 1, 1, 1);
INSERT INTO Victim VALUES (30975, 10975, 'Dipta Ahuja', 68, 1, '0');
INSERT INTO Accused VALUES (40975, 10975, 'Xalak Nagi', 39, 1, 'A1');
INSERT INTO ActSectionAssociation VALUES (10975, 'IPC', '302', 1, 1);
INSERT INTO CaseMaster VALUES (10976, '304451001202400976', '202400976', '2024-08-24', 5036, 1001, 3, 1, 101, 201, 1, 455, '2024-08-19 10:00:00', '2024-08-19 11:00:00', '2024-08-24 09:00:00', 15.587319, 77.735915, 'Facilis incidunt dolor necessitatibus qui quod illum repudiandae alias aliquam quisquam perferendis ipsa animi provident tempora.');
INSERT INTO ComplainantDetails VALUES (20976, 10976, 'Siya Ratti', 34, 1, 1, 1, 1);
INSERT INTO Victim VALUES (30976, 10976, 'Gautam Venkataraman', 20, 1, '0');
INSERT INTO Accused VALUES (40976, 10976, 'Jairaj Dhawan', 34, 1, 'A1');
INSERT INTO ActSectionAssociation VALUES (10976, 'IPC', '302', 1, 1);
INSERT INTO ArrestSurrender VALUES (50976, 10976, 1, '2024-08-24', 29, 445, 1001, 5036, 455, 40976, 1, 0);
INSERT INTO CaseMaster VALUES (10977, '304451003202400977', '202400977', '2025-12-12', 5005, 1003, 3, 1, 101, 201, 1, 455, '2025-12-08 10:00:00', '2025-12-08 11:00:00', '2025-12-12 09:00:00', 12.352814, 77.217422, 'Ea ipsum deserunt tempora recusandae doloremque optio aut est reiciendis deleniti.');
INSERT INTO ComplainantDetails VALUES (20977, 10977, 'Arunima Amble', 54, 1, 1, 1, 1);
INSERT INTO Victim VALUES (30977, 10977, 'Chanakya Nagar', 58, 1, '0');
INSERT INTO Accused VALUES (40977, 10977, 'Siya Vasa', 27, 1, 'A1');
INSERT INTO ActSectionAssociation VALUES (10977, 'IPC', '302', 1, 1);
INSERT INTO ArrestSurrender VALUES (50977, 10977, 1, '2025-12-12', 29, 445, 1003, 5005, 455, 40977, 1, 0);
INSERT INTO CaseMaster VALUES (10978, '104441006202400978', '202400978', '2026-01-22', 5037, 1006, 1, 1, 101, 201, 1, 454, '2026-01-21 10:00:00', '2026-01-21 11:00:00', '2026-01-22 09:00:00', 14.253166, 76.338757, 'Sed aspernatur debitis necessitatibus rem hic atque harum accusamus deserunt nihil natus iusto ut excepturi iste pariatur repudiandae quibusdam.');
INSERT INTO ComplainantDetails VALUES (20978, 10978, 'Alexander Keer', 40, 1, 1, 1, 1);
INSERT INTO Victim VALUES (30978, 10978, 'Joshua Vyas', 36, 1, '0');
INSERT INTO Accused VALUES (40978, 10978, 'Divya Bajwa', 30, 1, 'A1');
INSERT INTO ActSectionAssociation VALUES (10978, 'IPC', '302', 1, 1);
INSERT INTO ArrestSurrender VALUES (50978, 10978, 1, '2026-01-22', 29, 444, 1006, 5037, 454, 40978, 1, 0);
INSERT INTO CaseMaster VALUES (10979, '104431005202400979', '202400979', '2024-07-18', 5032, 1005, 1, 1, 101, 201, 1, 453, '2024-07-13 10:00:00', '2024-07-13 11:00:00', '2024-07-18 09:00:00', 17.002458, 77.70716, 'Cum officiis ullam occaecati magnam magni voluptatem enim ducimus debitis est aspernatur dolorum minima nam aliquid.');
INSERT INTO ComplainantDetails VALUES (20979, 10979, 'Abhimanyu Agrawal', 25, 1, 1, 1, 1);
INSERT INTO Victim VALUES (30979, 10979, 'Liam Misra', 42, 1, '0');
INSERT INTO Accused VALUES (40979, 10979, 'Sudiksha Dugar', 42, 1, 'A1');
INSERT INTO ActSectionAssociation VALUES (10979, 'IPC', '302', 1, 1);
INSERT INTO CaseMaster VALUES (10980, '104451010202500980', '202500980', '2025-09-05', 5042, 1010, 1, 1, 101, 201, 1, 455, '2025-09-03 10:00:00', '2025-09-03 11:00:00', '2025-09-05 09:00:00', 16.959168, 74.181434, 'Omnis non a recusandae incidunt assumenda voluptate deserunt voluptates dicta eaque dolor consectetur quia deleniti.');
INSERT INTO ComplainantDetails VALUES (20980, 10980, 'Gauri Bala', 26, 1, 1, 1, 1);
INSERT INTO Victim VALUES (30980, 10980, 'Nihal Brar', 57, 1, '0');
INSERT INTO Accused VALUES (40980, 10980, 'Gavin Padmanabhan', 35, 1, 'A1');
INSERT INTO ActSectionAssociation VALUES (10980, 'IPC', '302', 1, 1);
INSERT INTO ArrestSurrender VALUES (50980, 10980, 1, '2025-09-05', 29, 445, 1010, 5042, 455, 40980, 1, 0);
INSERT INTO CaseMaster VALUES (10981, '104441008202500981', '202500981', '2024-01-12', 5013, 1008, 1, 1, 101, 201, 1, 454, '2024-01-10 10:00:00', '2024-01-10 11:00:00', '2024-01-12 09:00:00', 16.577735, 76.768856, 'Voluptatibus delectus quasi ratione dolores corrupti provident cum fuga repudiandae aliquid repellat.');
INSERT INTO ComplainantDetails VALUES (20981, 10981, 'Pranav Char', 49, 1, 1, 1, 1);
INSERT INTO Victim VALUES (30981, 10981, 'Idika Babu', 62, 1, '0');
INSERT INTO Accused VALUES (40981, 10981, 'Barkha Bhatti', 54, 1, 'A1');
INSERT INTO ActSectionAssociation VALUES (10981, 'IPC', '302', 1, 1);
INSERT INTO CaseMaster VALUES (10982, '304441008202500982', '202500982', '2023-07-30', 5019, 1008, 3, 1, 101, 201, 1, 454, '2023-07-28 10:00:00', '2023-07-28 11:00:00', '2023-07-30 09:00:00', 15.402746, 75.936222, 'Sit quas aliquid debitis sapiente corporis aperiam commodi dolore provident libero corporis.');
INSERT INTO ComplainantDetails VALUES (20982, 10982, 'Gaurang Bhatt', 38, 1, 1, 1, 1);
INSERT INTO Victim VALUES (30982, 10982, 'Jeet Parmar', 51, 1, '0');
INSERT INTO Accused VALUES (40982, 10982, 'Arjun Oza', 25, 1, 'A1');
INSERT INTO ActSectionAssociation VALUES (10982, 'IPC', '302', 1, 1);
INSERT INTO CaseMaster VALUES (10983, '104451002202600983', '202600983', '2026-04-05', 5023, 1002, 1, 1, 101, 201, 1, 455, '2026-04-05 10:00:00', '2026-04-05 11:00:00', '2026-04-05 09:00:00', 16.070054, 74.964763, 'Vero minus quos praesentium cum excepturi aut perferendis perferendis aperiam ipsum sit error impedit ex voluptatem fugiat voluptatibus molestias.');
INSERT INTO ComplainantDetails VALUES (20983, 10983, 'Zayan Salvi', 49, 1, 1, 1, 1);
INSERT INTO Victim VALUES (30983, 10983, 'Harita Brahmbhatt', 69, 1, '0');
INSERT INTO Accused VALUES (40983, 10983, 'Garima Nayar', 44, 1, 'A1');
INSERT INTO ActSectionAssociation VALUES (10983, 'IPC', '302', 1, 1);
INSERT INTO ArrestSurrender VALUES (50983, 10983, 1, '2026-04-05', 29, 445, 1002, 5023, 455, 40983, 1, 0);
INSERT INTO CaseMaster VALUES (10984, '104431004202400984', '202400984', '2026-07-01', 5018, 1004, 1, 1, 101, 201, 1, 453, '2026-06-28 10:00:00', '2026-06-28 11:00:00', '2026-07-01 09:00:00', 15.019965, 74.103312, 'Cumque rem magnam aut voluptas tenetur ullam voluptatibus dolorum quod commodi eveniet impedit dicta expedita saepe assumenda consequuntur dicta.');
INSERT INTO ComplainantDetails VALUES (20984, 10984, 'Lakshit Lanka', 42, 1, 1, 1, 1);
INSERT INTO Victim VALUES (30984, 10984, 'Mohini Dass', 38, 1, '0');
INSERT INTO Accused VALUES (40984, 10984, 'Bhavani Lalla', 32, 1, 'A1');
INSERT INTO ActSectionAssociation VALUES (10984, 'IPC', '302', 1, 1);
INSERT INTO ArrestSurrender VALUES (50984, 10984, 1, '2026-07-01', 29, 443, 1004, 5018, 453, 40984, 1, 0);
INSERT INTO CaseMaster VALUES (10985, '304441006202400985', '202400985', '2023-12-03', 5042, 1006, 3, 1, 101, 201, 1, 454, '2023-12-02 10:00:00', '2023-12-02 11:00:00', '2023-12-03 09:00:00', 16.317739, 75.54526, 'Laboriosam assumenda error accusantium inventore nisi distinctio unde blanditiis cumque incidunt ullam quibusdam culpa aliquam voluptates ab vel amet iste.');
INSERT INTO ComplainantDetails VALUES (20985, 10985, 'Priya Deshmukh', 37, 1, 1, 1, 1);
INSERT INTO Victim VALUES (30985, 10985, 'Abeer Wali', 48, 1, '0');
INSERT INTO Accused VALUES (40985, 10985, 'Indali Gill', 54, 1, 'A1');
INSERT INTO ActSectionAssociation VALUES (10985, 'IPC', '302', 1, 1);
INSERT INTO CaseMaster VALUES (10986, '104441006202300986', '202300986', '2025-09-14', 5004, 1006, 1, 1, 101, 201, 1, 454, '2025-09-14 10:00:00', '2025-09-14 11:00:00', '2025-09-14 09:00:00', 15.969916, 77.235695, 'Distinctio eligendi veritatis quasi ducimus dolore vel veniam placeat magni expedita quaerat hic.');
INSERT INTO ComplainantDetails VALUES (20986, 10986, 'Kavya Memon', 30, 1, 1, 1, 1);
INSERT INTO Victim VALUES (30986, 10986, 'Harini Walla', 53, 1, '0');
INSERT INTO Accused VALUES (40986, 10986, 'Oliver Dugar', 50, 1, 'A1');
INSERT INTO ActSectionAssociation VALUES (10986, 'IPC', '302', 1, 1);
INSERT INTO CaseMaster VALUES (10987, '104451003202400987', '202400987', '2025-10-09', 5018, 1003, 1, 1, 101, 201, 1, 455, '2025-10-09 10:00:00', '2025-10-09 11:00:00', '2025-10-09 09:00:00', 13.542396, 77.172521, 'Expedita vitae aperiam reprehenderit dicta voluptatem ipsa expedita assumenda adipisci occaecati asperiores ullam autem officiis necessitatibus.');
INSERT INTO ComplainantDetails VALUES (20987, 10987, 'Nirja Warrior', 51, 1, 1, 1, 1);
INSERT INTO Victim VALUES (30987, 10987, 'Manan Sodhi', 21, 1, '0');
INSERT INTO Accused VALUES (40987, 10987, 'Abha Tak', 44, 1, 'A1');
INSERT INTO ActSectionAssociation VALUES (10987, 'IPC', '302', 1, 1);
INSERT INTO ArrestSurrender VALUES (50987, 10987, 1, '2025-10-09', 29, 445, 1003, 5018, 455, 40987, 1, 0);
INSERT INTO CaseMaster VALUES (10988, '104441008202300988', '202300988', '2024-10-10', 5004, 1008, 1, 1, 101, 201, 1, 454, '2024-10-09 10:00:00', '2024-10-09 11:00:00', '2024-10-10 09:00:00', 15.001747, 77.913109, 'Quidem harum soluta id vitae quisquam nisi voluptates quasi maiores architecto non molestias sunt enim enim rem ullam.');
INSERT INTO ComplainantDetails VALUES (20988, 10988, 'Michael Bandi', 47, 1, 1, 1, 1);
INSERT INTO Victim VALUES (30988, 10988, 'Jonathan Singhal', 31, 1, '0');
INSERT INTO Accused VALUES (40988, 10988, 'Avi Gupta', 36, 1, 'A1');
INSERT INTO ActSectionAssociation VALUES (10988, 'IPC', '302', 1, 1);
INSERT INTO CaseMaster VALUES (10989, '304431005202400989', '202400989', '2023-08-18', 5020, 1005, 3, 1, 101, 201, 1, 453, '2023-08-16 10:00:00', '2023-08-16 11:00:00', '2023-08-18 09:00:00', 12.833249, 74.835129, 'Velit tempore aliquam doloribus natus reprehenderit aliquid porro sequi.');
INSERT INTO ComplainantDetails VALUES (20989, 10989, 'Saanvi Sehgal', 38, 1, 1, 1, 1);
INSERT INTO Victim VALUES (30989, 10989, 'Kevin Agate', 61, 1, '0');
INSERT INTO Accused VALUES (40989, 10989, 'Dhruv Ghose', 27, 1, 'A1');
INSERT INTO ActSectionAssociation VALUES (10989, 'IPC', '302', 1, 1);
INSERT INTO ArrestSurrender VALUES (50989, 10989, 1, '2023-08-18', 29, 443, 1005, 5020, 453, 40989, 1, 0);
INSERT INTO CaseMaster VALUES (10990, '104431007202300990', '202300990', '2024-09-14', 5042, 1007, 1, 1, 101, 201, 1, 453, '2024-09-12 10:00:00', '2024-09-12 11:00:00', '2024-09-14 09:00:00', 14.608382, 75.548963, 'Earum cum qui provident fuga autem ullam itaque omnis possimus numquam minus natus eos ullam voluptas laborum ea corrupti quasi.');
INSERT INTO ComplainantDetails VALUES (20990, 10990, 'Chaitaly Sinha', 35, 1, 1, 1, 1);
INSERT INTO Victim VALUES (30990, 10990, 'Jackson Merchant', 32, 1, '0');
INSERT INTO Accused VALUES (40990, 10990, 'Atharv Gupta', 29, 1, 'A1');
INSERT INTO ActSectionAssociation VALUES (10990, 'IPC', '302', 1, 1);
INSERT INTO CaseMaster VALUES (10991, '304441006202400991', '202400991', '2024-11-22', 5040, 1006, 3, 1, 101, 201, 1, 454, '2024-11-17 10:00:00', '2024-11-17 11:00:00', '2024-11-22 09:00:00', 15.556016, 77.004426, 'Quibusdam tenetur doloribus blanditiis voluptate expedita repudiandae consectetur ea consequatur neque.');
INSERT INTO ComplainantDetails VALUES (20991, 10991, 'Manan Ghosh', 30, 1, 1, 1, 1);
INSERT INTO Victim VALUES (30991, 10991, 'Abeer Gala', 23, 1, '0');
INSERT INTO Accused VALUES (40991, 10991, 'Hamsini Deol', 27, 1, 'A1');
INSERT INTO ActSectionAssociation VALUES (10991, 'IPC', '302', 1, 1);
INSERT INTO ArrestSurrender VALUES (50991, 10991, 1, '2024-11-22', 29, 444, 1006, 5040, 454, 40991, 1, 0);
INSERT INTO CaseMaster VALUES (10992, '104451002202500992', '202500992', '2025-01-22', 5026, 1002, 1, 1, 101, 201, 1, 455, '2025-01-19 10:00:00', '2025-01-19 11:00:00', '2025-01-22 09:00:00', 12.682638, 74.740015, 'Quas voluptatem itaque excepturi illum explicabo provident eveniet laudantium sint nemo saepe quisquam quam nisi harum.');
INSERT INTO ComplainantDetails VALUES (20992, 10992, 'Yagnesh Rastogi', 42, 1, 1, 1, 1);
INSERT INTO Victim VALUES (30992, 10992, 'Neha Gaba', 32, 1, '0');
INSERT INTO Accused VALUES (40992, 10992, 'Andrew Sha', 37, 1, 'A1');
INSERT INTO ActSectionAssociation VALUES (10992, 'IPC', '302', 1, 1);
INSERT INTO CaseMaster VALUES (10993, '104441009202500993', '202500993', '2026-01-18', 5012, 1009, 1, 1, 101, 201, 1, 454, '2026-01-13 10:00:00', '2026-01-13 11:00:00', '2026-01-18 09:00:00', 13.539684, 75.72939, 'Iste hic fugit temporibus laboriosam id deserunt nesciunt dignissimos dolores voluptates non error quia.');
INSERT INTO ComplainantDetails VALUES (20993, 10993, 'Bhavna Subramanian', 25, 1, 1, 1, 1);
INSERT INTO Victim VALUES (30993, 10993, 'Ishani Naik', 43, 1, '0');
INSERT INTO Accused VALUES (40993, 10993, 'Henry Krishnan', 28, 1, 'A1');
INSERT INTO ActSectionAssociation VALUES (10993, 'IPC', '302', 1, 1);
INSERT INTO CaseMaster VALUES (10994, '304431007202600994', '202600994', '2026-01-04', 5045, 1007, 3, 1, 101, 201, 1, 453, '2025-12-30 10:00:00', '2025-12-30 11:00:00', '2026-01-04 09:00:00', 15.794674, 77.928551, 'Consequatur aperiam mollitia maiores animi atque reiciendis itaque occaecati incidunt earum natus cumque ratione quod ducimus perferendis saepe sapiente.');
INSERT INTO ComplainantDetails VALUES (20994, 10994, 'Bachittar Loyal', 59, 1, 1, 1, 1);
INSERT INTO Victim VALUES (30994, 10994, 'Theodore Bassi', 51, 1, '0');
INSERT INTO Accused VALUES (40994, 10994, 'Vasatika Sant', 36, 1, 'A1');
INSERT INTO ActSectionAssociation VALUES (10994, 'IPC', '302', 1, 1);
INSERT INTO ArrestSurrender VALUES (50994, 10994, 1, '2026-01-04', 29, 443, 1007, 5045, 453, 40994, 1, 0);
INSERT INTO CaseMaster VALUES (10995, '104431004202300995', '202300995', '2024-03-31', 5039, 1004, 1, 1, 101, 201, 1, 453, '2024-03-27 10:00:00', '2024-03-27 11:00:00', '2024-03-31 09:00:00', 16.944147, 76.871532, 'Laboriosam recusandae iure voluptatem quibusdam iste tempore reiciendis minima impedit earum.');
INSERT INTO ComplainantDetails VALUES (20995, 10995, 'Chandani Kakar', 41, 1, 1, 1, 1);
INSERT INTO Victim VALUES (30995, 10995, 'Tanveer Nazareth', 58, 1, '0');
INSERT INTO Accused VALUES (40995, 10995, 'Aarav Madan', 20, 1, 'A1');
INSERT INTO ActSectionAssociation VALUES (10995, 'IPC', '302', 1, 1);
INSERT INTO ArrestSurrender VALUES (50995, 10995, 1, '2024-03-31', 29, 443, 1004, 5039, 453, 40995, 1, 0);
INSERT INTO CaseMaster VALUES (10996, '104451010202500996', '202500996', '2023-08-08', 5022, 1010, 1, 1, 101, 201, 1, 455, '2023-08-08 10:00:00', '2023-08-08 11:00:00', '2023-08-08 09:00:00', 13.721268, 76.729346, 'Qui dignissimos voluptate suscipit dolorem blanditiis quibusdam occaecati beatae earum ea excepturi libero vel esse dolorem totam.');
INSERT INTO ComplainantDetails VALUES (20996, 10996, 'Dayamai Keer', 42, 1, 1, 1, 1);
INSERT INTO Victim VALUES (30996, 10996, 'Tanay Chacko', 60, 1, '0');
INSERT INTO Accused VALUES (40996, 10996, 'Xalak Nayak', 25, 1, 'A1');
INSERT INTO ActSectionAssociation VALUES (10996, 'IPC', '302', 1, 1);
INSERT INTO ArrestSurrender VALUES (50996, 10996, 1, '2023-08-08', 29, 445, 1010, 5022, 455, 40996, 1, 0);
INSERT INTO CaseMaster VALUES (10997, '104441008202600997', '202600997', '2024-04-30', 5029, 1008, 1, 1, 101, 201, 1, 454, '2024-04-30 10:00:00', '2024-04-30 11:00:00', '2024-04-30 09:00:00', 14.841233, 76.950749, 'Accusamus ut animi a doloremque quisquam suscipit soluta quibusdam culpa quam voluptatum fugiat facilis ad.');
INSERT INTO ComplainantDetails VALUES (20997, 10997, 'Widisha Raghavan', 46, 1, 1, 1, 1);
INSERT INTO Victim VALUES (30997, 10997, 'Urvashi Borra', 28, 1, '0');
INSERT INTO Accused VALUES (40997, 10997, 'Harita Bhardwaj', 21, 1, 'A1');
INSERT INTO ActSectionAssociation VALUES (10997, 'IPC', '302', 1, 1);
INSERT INTO ArrestSurrender VALUES (50997, 10997, 1, '2024-04-30', 29, 444, 1008, 5029, 454, 40997, 1, 0);
INSERT INTO CaseMaster VALUES (10998, '304451002202500998', '202500998', '2025-10-09', 5023, 1002, 3, 1, 101, 201, 1, 455, '2025-10-05 10:00:00', '2025-10-05 11:00:00', '2025-10-09 09:00:00', 12.110789, 76.35753, 'Nostrum ut voluptas enim quae illum ullam eum dolorem maiores velit voluptatem ipsam.');
INSERT INTO ComplainantDetails VALUES (20998, 10998, 'Anjali D’Alia', 43, 1, 1, 1, 1);
INSERT INTO Victim VALUES (30998, 10998, 'Rehaan Ray', 56, 1, '0');
INSERT INTO Accused VALUES (40998, 10998, 'Hiral Tripathi', 42, 1, 'A1');
INSERT INTO ActSectionAssociation VALUES (10998, 'IPC', '302', 1, 1);
INSERT INTO ArrestSurrender VALUES (50998, 10998, 1, '2025-10-09', 29, 445, 1002, 5023, 455, 40998, 1, 0);
INSERT INTO CaseMaster VALUES (10999, '304441009202300999', '202300999', '2024-05-17', 5012, 1009, 3, 1, 101, 201, 1, 454, '2024-05-13 10:00:00', '2024-05-13 11:00:00', '2024-05-17 09:00:00', 13.154366, 76.562903, 'Quas magnam perspiciatis earum ad minus quaerat quam consequatur molestias aspernatur voluptas dolore provident possimus.');
INSERT INTO ComplainantDetails VALUES (20999, 10999, 'Keya Bava', 29, 1, 1, 1, 1);
INSERT INTO Victim VALUES (30999, 10999, 'Luke Sharma', 24, 1, '0');
INSERT INTO Accused VALUES (40999, 10999, 'Christopher Shah', 22, 1, 'A1');
INSERT INTO ActSectionAssociation VALUES (10999, 'IPC', '302', 1, 1);
INSERT INTO CaseMaster VALUES (11000, '104451002202301000', '202301000', '2023-09-20', 5004, 1002, 1, 1, 101, 201, 1, 455, '2023-09-19 10:00:00', '2023-09-19 11:00:00', '2023-09-20 09:00:00', 16.725057, 74.481116, 'Consequuntur aliquid unde sit qui magnam aliquam eos ipsum delectus.');
INSERT INTO ComplainantDetails VALUES (21000, 11000, 'Amol Rai', 45, 1, 1, 1, 1);
INSERT INTO Victim VALUES (31000, 11000, 'Karan Vohra', 51, 1, '0');
INSERT INTO Accused VALUES (41000, 11000, 'Irya Barad', 26, 1, 'A1');
INSERT INTO ActSectionAssociation VALUES (11000, 'IPC', '302', 1, 1);
INSERT INTO ArrestSurrender VALUES (51000, 11000, 1, '2023-09-20', 29, 445, 1002, 5004, 455, 41000, 1, 0);

SET FOREIGN_KEY_CHECKS = 1;
